[     136ms] [INFO] %cDownload the React DevTools for a better development experience: https://react.dev/link/react-devtools font-weight:bold @ http://localhost:3000/_next/static/chunks/node_modules_next_dist_1ybzpk2._.js:2477
[     158ms] [LOG] [HMR] connected @ http://localhost:3000/_next/static/chunks/node_modules_next_dist_1ybzpk2._.js:2477
[     241ms] [LOG] %c[Vercel Web Analytics]%c Debug mode is enabled by default in development. No requests will be sent to the server. color: rgb(120, 120, 120) color: inherit @ http://localhost:3000/_next/static/chunks/node_modules_next_dist_1ybzpk2._.js:2477
[     242ms] [LOG] %c[Vercel Web Analytics]%c Running queued event color: rgb(120, 120, 120) color: inherit pageview {route: /signup, path: /signup} @ http://localhost:3000/_next/static/chunks/node_modules_next_dist_1ybzpk2._.js:2477
[     242ms] [LOG] %c[Vercel Web Analytics]%c [view] http://localhost:3000/signup color: rgb(120, 120, 120) color: inherit {o: http://localhost:3000/signup, sv: 0.1.3, sdkn: @vercel/analytics/next, sdkv: 2.0.1, ts: 1785002125373} /_vercel/insights/view @ http://localhost:3000/_next/static/chunks/node_modules_next_dist_1ybzpk2._.js:2477
[     244ms] [LOG] %c[Vercel Speed Insights]%c Debug mode is enabled by default in development. No requests will be sent to the server. color: rgb(120, 120, 120) color: inherit @ http://localhost:3000/_next/static/chunks/node_modules_next_dist_1ybzpk2._.js:2477
[     296ms] [LOG] [Fast Refresh] rebuilding @ http://localhost:3000/_next/static/chunks/node_modules_next_dist_1ybzpk2._.js:2477
[     297ms] [WARNING] Clerk: Clerk has been loaded with development keys. Development instances have strict usage limits and should not be used when deploying your application to production. Learn more: https://clerk.com/docs/deployments/overview @ http://localhost:3000/_next/static/chunks/node_modules_next_dist_1ybzpk2._.js:2477
[     506ms] [LOG] [Fast Refresh] done in 319ms @ http://localhost:3000/_next/static/chunks/node_modules_next_dist_1ybzpk2._.js:2477
[    1006ms] [VERBOSE] [DOM] Input elements should have autocomplete attributes (suggested: "username"): (More info: https://goo.gl/9p2vKq) %o @ http://localhost:3000/signup:0
[    3920ms] [WARNING] The resource https://enjoyed-mudfish-95.clerk.accounts.dev/npm/@clerk/ui@1/dist/ui.browser.js was preloaded using link preload but not used within a few seconds from the window's load event. Please make sure it has an appropriate `as` value and it is preloaded intentionally. @ http://localhost:3000/signup:0
[   21740ms] [WARNING] The resource https://enjoyed-mudfish-95.clerk.accounts.dev/npm/@clerk/ui@1/dist/ui.browser.js was preloaded using link preload but not used within a few seconds from the window's load event. Please make sure it has an appropriate `as` value and it is preloaded intentionally. @ http://localhost:3000/signup:0
[   23352ms] [LOG] [Fast Refresh] rebuilding @ http://localhost:3000/_next/static/chunks/node_modules_next_dist_1ybzpk2._.js:2477
[   23403ms] [LOG] [Fast Refresh] done in 160ms @ http://localhost:3000/_next/static/chunks/node_modules_next_dist_1ybzpk2._.js:2477
[   23410ms] [WARNING] OTS parsing error: Size of decompressed WOFF 2.0 is less than compressed size @ https://challenges.cloudflare.com/cdn-cgi/challenge-platform/h/g/turnstile/f/av0/rch/zwb68/0x4AAAAAAAWXJGBD7bONzLBd/auto/fbE/new/normal?lang=en-us:0
[   23732ms] [WARNING] WebGL: INVALID_ENUM: getInternalformatParameter: invalid internalformat @ https://challenges.cloudflare.com/cdn-cgi/challenge-platform/h/g/turnstile/f/av0/rch/zwb68/0x4AAAAAAAWXJGBD7bONzLBd/auto/fbE/new/normal?lang=en-us:0
[   23733ms] [WARNING] WebGL: INVALID_ENUM: getInternalformatParameter: invalid internalformat @ https://challenges.cloudflare.com/cdn-cgi/challenge-platform/h/g/turnstile/f/av0/rch/zwb68/0x4AAAAAAAWXJGBD7bONzLBd/auto/fbE/new/normal?lang=en-us:0
[   23733ms] [WARNING] WebGL: INVALID_ENUM: getInternalformatParameter: invalid internalformat @ https://challenges.cloudflare.com/cdn-cgi/challenge-platform/h/g/turnstile/f/av0/rch/zwb68/0x4AAAAAAAWXJGBD7bONzLBd/auto/fbE/new/normal?lang=en-us:0
[   23733ms] [WARNING] WebGL: INVALID_ENUM: getInternalformatParameter: invalid internalformat @ https://challenges.cloudflare.com/cdn-cgi/challenge-platform/h/g/turnstile/f/av0/rch/zwb68/0x4AAAAAAAWXJGBD7bONzLBd/auto/fbE/new/normal?lang=en-us:0
[   23733ms] [WARNING] WebGL: INVALID_ENUM: getInternalformatParameter: invalid internalformat @ https://challenges.cloudflare.com/cdn-cgi/challenge-platform/h/g/turnstile/f/av0/rch/zwb68/0x4AAAAAAAWXJGBD7bONzLBd/auto/fbE/new/normal?lang=en-us:0
[   23733ms] [WARNING] WebGL: INVALID_ENUM: getInternalformatParameter: invalid internalformat @ https://challenges.cloudflare.com/cdn-cgi/challenge-platform/h/g/turnstile/f/av0/rch/zwb68/0x4AAAAAAAWXJGBD7bONzLBd/auto/fbE/new/normal?lang=en-us:0
[   23733ms] [WARNING] WebGL: INVALID_ENUM: getInternalformatParameter: invalid internalformat @ https://challenges.cloudflare.com/cdn-cgi/challenge-platform/h/g/turnstile/f/av0/rch/zwb68/0x4AAAAAAAWXJGBD7bONzLBd/auto/fbE/new/normal?lang=en-us:0
[   23733ms] [WARNING] WebGL: INVALID_ENUM: getInternalformatParameter: invalid internalformat @ https://challenges.cloudflare.com/cdn-cgi/challenge-platform/h/g/turnstile/f/av0/rch/zwb68/0x4AAAAAAAWXJGBD7bONzLBd/auto/fbE/new/normal?lang=en-us:0
[   23733ms] [WARNING] WebGL: INVALID_ENUM: getInternalformatParameter: invalid internalformat @ https://challenges.cloudflare.com/cdn-cgi/challenge-platform/h/g/turnstile/f/av0/rch/zwb68/0x4AAAAAAAWXJGBD7bONzLBd/auto/fbE/new/normal?lang=en-us:0
[   23733ms] [WARNING] WebGL: INVALID_ENUM: getInternalformatParameter: invalid internalformat @ https://challenges.cloudflare.com/cdn-cgi/challenge-platform/h/g/turnstile/f/av0/rch/zwb68/0x4AAAAAAAWXJGBD7bONzLBd/auto/fbE/new/normal?lang=en-us:0
[   23734ms] [WARNING] WebGL: INVALID_ENUM: getInternalformatParameter: invalid internalformat @ https://challenges.cloudflare.com/cdn-cgi/challenge-platform/h/g/turnstile/f/av0/rch/zwb68/0x4AAAAAAAWXJGBD7bONzLBd/auto/fbE/new/normal?lang=en-us:0
[   23734ms] [WARNING] WebGL: INVALID_ENUM: getInternalformatParameter: invalid internalformat when EXT_color_buffer_[half_]float is not enabled @ https://challenges.cloudflare.com/cdn-cgi/challenge-platform/h/g/turnstile/f/av0/rch/zwb68/0x4AAAAAAAWXJGBD7bONzLBd/auto/fbE/new/normal?lang=en-us:0
[   23734ms] [WARNING] WebGL: INVALID_ENUM: getInternalformatParameter: invalid internalformat when EXT_color_buffer_float is not enabled @ https://challenges.cloudflare.com/cdn-cgi/challenge-platform/h/g/turnstile/f/av0/rch/zwb68/0x4AAAAAAAWXJGBD7bONzLBd/auto/fbE/new/normal?lang=en-us:0
[   23735ms] [WARNING] WebGL: INVALID_ENUM: getInternalformatParameter: invalid internalformat when EXT_color_buffer_float is not enabled @ https://challenges.cloudflare.com/cdn-cgi/challenge-platform/h/g/turnstile/f/av0/rch/zwb68/0x4AAAAAAAWXJGBD7bONzLBd/auto/fbE/new/normal?lang=en-us:0
[   23735ms] [WARNING] WebGL: INVALID_ENUM: getInternalformatParameter: invalid internalformat @ https://challenges.cloudflare.com/cdn-cgi/challenge-platform/h/g/turnstile/f/av0/rch/zwb68/0x4AAAAAAAWXJGBD7bONzLBd/auto/fbE/new/normal?lang=en-us:0
[   23735ms] [WARNING] WebGL: INVALID_ENUM: getInternalformatParameter: invalid internalformat when EXT_color_buffer_[half_]float is not enabled @ https://challenges.cloudflare.com/cdn-cgi/challenge-platform/h/g/turnstile/f/av0/rch/zwb68/0x4AAAAAAAWXJGBD7bONzLBd/auto/fbE/new/normal?lang=en-us:0
[   23735ms] [WARNING] WebGL: INVALID_ENUM: getInternalformatParameter: invalid internalformat when EXT_color_buffer_float is not enabled @ https://challenges.cloudflare.com/cdn-cgi/challenge-platform/h/g/turnstile/f/av0/rch/zwb68/0x4AAAAAAAWXJGBD7bONzLBd/auto/fbE/new/normal?lang=en-us:0
[   23735ms] [WARNING] WebGL: INVALID_ENUM: getInternalformatParameter: invalid internalformat when EXT_color_buffer_[half_]float is not enabled @ https://challenges.cloudflare.com/cdn-cgi/challenge-platform/h/g/turnstile/f/av0/rch/zwb68/0x4AAAAAAAWXJGBD7bONzLBd/auto/fbE/new/normal?lang=en-us:0
[   23735ms] [WARNING] WebGL: INVALID_ENUM: getInternalformatParameter: invalid internalformat when EXT_color_buffer_float is not enabled @ https://challenges.cloudflare.com/cdn-cgi/challenge-platform/h/g/turnstile/f/av0/rch/zwb68/0x4AAAAAAAWXJGBD7bONzLBd/auto/fbE/new/normal?lang=en-us:0
[   23779ms] [LOG] /.*.*=.*/ @ https://challenges.cloudflare.com/cdn-cgi/challenge-platform/h/g/turnstile/f/av0/rch/zwb68/0x4AAAAAAAWXJGBD7bONzLBd/auto/fbE/new/normal?lang=en-us:0
[   23779ms] [LOG] /.*.*=.*/ @ https://challenges.cloudflare.com/cdn-cgi/challenge-platform/h/g/turnstile/f/av0/rch/zwb68/0x4AAAAAAAWXJGBD7bONzLBd/auto/fbE/new/normal?lang=en-us:0
[   23779ms] [LOG] function () { [native code] } @ https://challenges.cloudflare.com/cdn-cgi/challenge-platform/h/g/turnstile/f/av0/rch/zwb68/0x4AAAAAAAWXJGBD7bONzLBd/auto/fbE/new/normal?lang=en-us:0
[   23779ms] [LOG] function () { [native code] } @ https://challenges.cloudflare.com/cdn-cgi/challenge-platform/h/g/turnstile/f/av0/rch/zwb68/0x4AAAAAAAWXJGBD7bONzLBd/auto/fbE/new/normal?lang=en-us:0
[   23779ms] [LOG] JSHandle@node @ https://challenges.cloudflare.com/cdn-cgi/challenge-platform/h/g/turnstile/f/av0/rch/zwb68/0x4AAAAAAAWXJGBD7bONzLBd/auto/fbE/new/normal?lang=en-us:0
[   23779ms] [LOG] JSHandle@node @ https://challenges.cloudflare.com/cdn-cgi/challenge-platform/h/g/turnstile/f/av0/rch/zwb68/0x4AAAAAAAWXJGBD7bONzLBd/auto/fbE/new/normal?lang=en-us:0
[   23779ms] [COUNT]  : 1 @ https://challenges.cloudflare.com/cdn-cgi/challenge-platform/h/g/turnstile/f/av0/rch/zwb68/0x4AAAAAAAWXJGBD7bONzLBd/auto/fbE/new/normal?lang=en-us:0
[   23780ms] [COUNT]  : 1 @ https://challenges.cloudflare.com/cdn-cgi/challenge-platform/h/g/turnstile/f/av0/rch/zwb68/0x4AAAAAAAWXJGBD7bONzLBd/auto/fbE/new/normal?lang=en-us:0
[   23780ms] [DIR]  Error @ https://challenges.cloudflare.com/cdn-cgi/challenge-platform/h/g/turnstile/f/av0/rch/zwb68/0x4AAAAAAAWXJGBD7bONzLBd/auto/fbE/new/normal?lang=en-us:0
[   23780ms] [DIR]  Error @ https://challenges.cloudflare.com/cdn-cgi/challenge-platform/h/g/turnstile/f/av0/rch/zwb68/0x4AAAAAAAWXJGBD7bONzLBd/auto/fbE/new/normal?lang=en-us:0
[   23780ms] [DIRXML] %c%d font-size:0;color:transparent Error @ https://challenges.cloudflare.com/cdn-cgi/challenge-platform/h/g/turnstile/f/av0/rch/zwb68/0x4AAAAAAAWXJGBD7bONzLBd/auto/fbE/new/normal?lang=en-us:0
[   23780ms] [DIRXML] %c%d font-size:0;color:transparent Error @ https://challenges.cloudflare.com/cdn-cgi/challenge-platform/h/g/turnstile/f/av0/rch/zwb68/0x4AAAAAAAWXJGBD7bONzLBd/auto/fbE/new/normal?lang=en-us:0
[   23780ms] [ERROR] %c%d font-size:0;color:transparent NaN @ https://challenges.cloudflare.com/cdn-cgi/challenge-platform/h/g/turnstile/f/av0/rch/zwb68/0x4AAAAAAAWXJGBD7bONzLBd/auto/fbE/new/normal?lang=en-us:0
[   23780ms] [ERROR] %c%d font-size:0;color:transparent NaN @ https://challenges.cloudflare.com/cdn-cgi/challenge-platform/h/g/turnstile/f/av0/rch/zwb68/0x4AAAAAAAWXJGBD7bONzLBd/auto/fbE/new/normal?lang=en-us:0
[   23781ms] [INFO] %c%d font-size:0;color:transparent NaN @ https://challenges.cloudflare.com/cdn-cgi/challenge-platform/h/g/turnstile/f/av0/rch/zwb68/0x4AAAAAAAWXJGBD7bONzLBd/auto/fbE/new/normal?lang=en-us:0
[   23781ms] [INFO] %c%d font-size:0;color:transparent NaN @ https://challenges.cloudflare.com/cdn-cgi/challenge-platform/h/g/turnstile/f/av0/rch/zwb68/0x4AAAAAAAWXJGBD7bONzLBd/auto/fbE/new/normal?lang=en-us:0
[   23781ms] [LOG] %c%d font-size:0;color:transparent NaN @ https://challenges.cloudflare.com/cdn-cgi/challenge-platform/h/g/turnstile/f/av0/rch/zwb68/0x4AAAAAAAWXJGBD7bONzLBd/auto/fbE/new/normal?lang=en-us:0
[   23781ms] [LOG] %c%d font-size:0;color:transparent NaN @ https://challenges.cloudflare.com/cdn-cgi/challenge-platform/h/g/turnstile/f/av0/rch/zwb68/0x4AAAAAAAWXJGBD7bONzLBd/auto/fbE/new/normal?lang=en-us:0
[   23781ms] [TABLE] %c%d font-size:0;color:transparent Error @ https://challenges.cloudflare.com/cdn-cgi/challenge-platform/h/g/turnstile/f/av0/rch/zwb68/0x4AAAAAAAWXJGBD7bONzLBd/auto/fbE/new/normal?lang=en-us:0
[   23781ms] [TABLE] %c%d font-size:0;color:transparent Error @ https://challenges.cloudflare.com/cdn-cgi/challenge-platform/h/g/turnstile/f/av0/rch/zwb68/0x4AAAAAAAWXJGBD7bONzLBd/auto/fbE/new/normal?lang=en-us:0
[   23782ms] [WARNING] %c%d font-size:0;color:transparent NaN @ https://challenges.cloudflare.com/cdn-cgi/challenge-platform/h/g/turnstile/f/av0/rch/zwb68/0x4AAAAAAAWXJGBD7bONzLBd/auto/fbE/new/normal?lang=en-us:0
[   23782ms] [WARNING] %c%d font-size:0;color:transparent NaN @ https://challenges.cloudflare.com/cdn-cgi/challenge-platform/h/g/turnstile/f/av0/rch/zwb68/0x4AAAAAAAWXJGBD7bONzLBd/auto/fbE/new/normal?lang=en-us:0
[   23785ms] [WARNING] The powerPreference option is currently ignored when calling requestAdapter() on Windows. See https://crbug.com/369219127 @ https://challenges.cloudflare.com/cdn-cgi/challenge-platform/h/g/turnstile/f/av0/rch/zwb68/0x4AAAAAAAWXJGBD7bONzLBd/auto/fbE/new/normal?lang=en-us:0
[   23785ms] [WARNING] The powerPreference option is currently ignored when calling requestAdapter() on Windows. See https://crbug.com/369219127 @ https://challenges.cloudflare.com/cdn-cgi/challenge-platform/h/g/turnstile/f/av0/rch/zwb68/0x4AAAAAAAWXJGBD7bONzLBd/auto/fbE/new/normal?lang=en-us:0
[   23798ms] [WARNING] No available adapters. @ https://challenges.cloudflare.com/cdn-cgi/challenge-platform/h/g/turnstile/f/av0/rch/zwb68/0x4AAAAAAAWXJGBD7bONzLBd/auto/fbE/new/normal?lang=en-us:0
[   24610ms] [LOG] %c[Vercel Speed Insights]%c [vitals] color: rgb(120, 120, 120) color: inherit {speed: 4g, metrics: Array(4), scriptVersion: 0.1.3, sdkName: @vercel/speed-insights/next, sdkVersion: 2.0.0} /_vercel/speed-insights/vitals @ http://localhost:3000/_next/static/chunks/node_modules_next_dist_1ybzpk2._.js:2477
[   28030ms] [WARNING] The resource https://enjoyed-mudfish-95.clerk.accounts.dev/npm/@clerk/ui@1/dist/ui.browser.js was preloaded using link preload but not used within a few seconds from the window's load event. Please make sure it has an appropriate `as` value and it is preloaded intentionally. @ http://localhost:3000/signup#/verify-email-address:0
[   39036ms] [VERBOSE] [DOM] Input elements should have autocomplete attributes (suggested: "username"): (More info: https://goo.gl/9p2vKq) %o @ http://localhost:3000/signup:0
[   40328ms] [WARNING] Detected `scroll-behavior: smooth` on the `<html>` element. To disable smooth scrolling during route transitions, add `data-scroll-behavior="smooth"` to your <html> element. Learn more: https://nextjs.org/docs/messages/missing-data-scroll-behavior @ http://localhost:3000/_next/static/chunks/node_modules_next_dist_1ybzpk2._.js:2477
[   40336ms] [LOG] %c[Vercel Web Analytics]%c [view] http://localhost:3000/onboarding color: rgb(120, 120, 120) color: inherit {o: http://localhost:3000/onboarding, sv: 0.1.3, sdkn: @vercel/analytics/next, sdkv: 2.0.1, ts: 1785002165460} /_vercel/insights/view @ http://localhost:3000/_next/static/chunks/node_modules_next_dist_1ybzpk2._.js:2477
[   40359ms] [WARNING] Image with src "http://localhost:3000/logo.svg" has either width or height modified, but not the other. If you use CSS to change the size of your image, also include the styles 'width: "auto"' or 'height: "auto"' to maintain the aspect ratio. @ http://localhost:3000/_next/static/chunks/node_modules_next_dist_1ybzpk2._.js:2477
[   44464ms] [WARNING] The resource https://enjoyed-mudfish-95.clerk.accounts.dev/npm/@clerk/ui@1/dist/ui.browser.js was preloaded using link preload but not used within a few seconds from the window's load event. Please make sure it has an appropriate `as` value and it is preloaded intentionally. @ http://localhost:3000/onboarding:0
[   49453ms] [LOG] [Fast Refresh] rebuilding @ http://localhost:3000/_next/static/chunks/node_modules_next_dist_1ybzpk2._.js:2477
[   49516ms] [LOG] [Fast Refresh] done in 174ms @ http://localhost:3000/_next/static/chunks/node_modules_next_dist_1ybzpk2._.js:2477
[   54406ms] [LOG] [Fast Refresh] rebuilding @ http://localhost:3000/_next/static/chunks/node_modules_next_dist_1ybzpk2._.js:2477
[   54423ms] [LOG] [Fast Refresh] done in 127ms @ http://localhost:3000/_next/static/chunks/node_modules_next_dist_1ybzpk2._.js:2477
[   77205ms] [LOG] [Fast Refresh] rebuilding @ http://localhost:3000/_next/static/chunks/node_modules_next_dist_1ybzpk2._.js:2477
[   77237ms] [LOG] [Fast Refresh] done in 146ms @ http://localhost:3000/_next/static/chunks/node_modules_next_dist_1ybzpk2._.js:2477
[   84500ms] [WARNING] The resource https://enjoyed-mudfish-95.clerk.accounts.dev/npm/@clerk/ui@1/dist/ui.browser.js was preloaded using link preload but not used within a few seconds from the window's load event. Please make sure it has an appropriate `as` value and it is preloaded intentionally. @ http://localhost:3000/onboarding:0
[   90356ms] [LOG] [Fast Refresh] rebuilding @ http://localhost:3000/_next/static/chunks/node_modules_next_dist_1ybzpk2._.js:2477
[   90420ms] [LOG] [Fast Refresh] done in 178ms @ http://localhost:3000/_next/static/chunks/node_modules_next_dist_1ybzpk2._.js:2477
[   96959ms] [INFO] %cDownload the React DevTools for a better development experience: https://react.dev/link/react-devtools font-weight:bold @ http://localhost:3000/_next/static/chunks/node_modules_next_dist_1ybzpk2._.js:2477
[   96983ms] [LOG] [HMR] connected @ http://localhost:3000/_next/static/chunks/node_modules_next_dist_1ybzpk2._.js:2477
[   97044ms] [LOG] %c[Vercel Web Analytics]%c Debug mode is enabled by default in development. No requests will be sent to the server. color: rgb(120, 120, 120) color: inherit @ http://localhost:3000/_next/static/chunks/node_modules_next_dist_1ybzpk2._.js:2477
[   97044ms] [LOG] %c[Vercel Web Analytics]%c Running queued event color: rgb(120, 120, 120) color: inherit pageview {route: /dashboard, path: /dashboard} @ http://localhost:3000/_next/static/chunks/node_modules_next_dist_1ybzpk2._.js:2477
[   97044ms] [LOG] %c[Vercel Web Analytics]%c [view] http://localhost:3000/dashboard color: rgb(120, 120, 120) color: inherit {o: http://localhost:3000/dashboard, sv: 0.1.3, sdkn: @vercel/analytics/next, sdkv: 2.0.1, ts: 1785002222175} /_vercel/insights/view @ http://localhost:3000/_next/static/chunks/node_modules_next_dist_1ybzpk2._.js:2477
[   97045ms] [LOG] %c[Vercel Speed Insights]%c Debug mode is enabled by default in development. No requests will be sent to the server. color: rgb(120, 120, 120) color: inherit @ http://localhost:3000/_next/static/chunks/node_modules_next_dist_1ybzpk2._.js:2477
[   97111ms] [LOG] [Fast Refresh] rebuilding @ http://localhost:3000/_next/static/chunks/node_modules_next_dist_1ybzpk2._.js:2477
[   97126ms] [WARNING] Clerk: Clerk has been loaded with development keys. Development instances have strict usage limits and should not be used when deploying your application to production. Learn more: https://clerk.com/docs/deployments/overview @ http://localhost:3000/_next/static/chunks/node_modules_next_dist_1ybzpk2._.js:2477
[   97130ms] [LOG] [Fast Refresh] done in 128ms @ http://localhost:3000/_next/static/chunks/node_modules_next_dist_1ybzpk2._.js:2477
[   97727ms] [WARNING] Image with src "http://localhost:3000/logo.svg" has either width or height modified, but not the other. If you use CSS to change the size of your image, also include the styles 'width: "auto"' or 'height: "auto"' to maintain the aspect ratio. @ http://localhost:3000/_next/static/chunks/node_modules_next_dist_1ybzpk2._.js:2477
[  101072ms] [WARNING] The resource https://enjoyed-mudfish-95.clerk.accounts.dev/npm/@clerk/ui@1/dist/ui.browser.js was preloaded using link preload but not used within a few seconds from the window's load event. Please make sure it has an appropriate `as` value and it is preloaded intentionally. @ http://localhost:3000/dashboard:0
[  142978ms] [WARNING] The resource https://enjoyed-mudfish-95.clerk.accounts.dev/npm/@clerk/ui@1/dist/ui.browser.js was preloaded using link preload but not used within a few seconds from the window's load event. Please make sure it has an appropriate `as` value and it is preloaded intentionally. @ http://localhost:3000/dashboard:0
[  186531ms] [WARNING] The resource https://enjoyed-mudfish-95.clerk.accounts.dev/npm/@clerk/ui@1/dist/ui.browser.js was preloaded using link preload but not used within a few seconds from the window's load event. Please make sure it has an appropriate `as` value and it is preloaded intentionally. @ http://localhost:3000/dashboard:0
[  228897ms] [WARNING] The resource https://enjoyed-mudfish-95.clerk.accounts.dev/npm/@clerk/ui@1/dist/ui.browser.js was preloaded using link preload but not used within a few seconds from the window's load event. Please make sure it has an appropriate `as` value and it is preloaded intentionally. @ http://localhost:3000/dashboard:0
[  272180ms] [WARNING] The resource https://enjoyed-mudfish-95.clerk.accounts.dev/npm/@clerk/ui@1/dist/ui.browser.js was preloaded using link preload but not used within a few seconds from the window's load event. Please make sure it has an appropriate `as` value and it is preloaded intentionally. @ http://localhost:3000/dashboard:0
[  315847ms] [WARNING] The resource https://enjoyed-mudfish-95.clerk.accounts.dev/npm/@clerk/ui@1/dist/ui.browser.js was preloaded using link preload but not used within a few seconds from the window's load event. Please make sure it has an appropriate `as` value and it is preloaded intentionally. @ http://localhost:3000/dashboard:0
[  360268ms] [WARNING] The resource https://enjoyed-mudfish-95.clerk.accounts.dev/npm/@clerk/ui@1/dist/ui.browser.js was preloaded using link preload but not used within a few seconds from the window's load event. Please make sure it has an appropriate `as` value and it is preloaded intentionally. @ http://localhost:3000/dashboard:0
[  403113ms] [WARNING] The resource https://enjoyed-mudfish-95.clerk.accounts.dev/npm/@clerk/ui@1/dist/ui.browser.js was preloaded using link preload but not used within a few seconds from the window's load event. Please make sure it has an appropriate `as` value and it is preloaded intentionally. @ http://localhost:3000/dashboard:0
[  446267ms] [WARNING] The resource https://enjoyed-mudfish-95.clerk.accounts.dev/npm/@clerk/ui@1/dist/ui.browser.js was preloaded using link preload but not used within a few seconds from the window's load event. Please make sure it has an appropriate `as` value and it is preloaded intentionally. @ http://localhost:3000/dashboard:0
[  489205ms] [WARNING] The resource https://enjoyed-mudfish-95.clerk.accounts.dev/npm/@clerk/ui@1/dist/ui.browser.js was preloaded using link preload but not used within a few seconds from the window's load event. Please make sure it has an appropriate `as` value and it is preloaded intentionally. @ http://localhost:3000/dashboard:0
[  531620ms] [WARNING] The resource https://enjoyed-mudfish-95.clerk.accounts.dev/npm/@clerk/ui@1/dist/ui.browser.js was preloaded using link preload but not used within a few seconds from the window's load event. Please make sure it has an appropriate `as` value and it is preloaded intentionally. @ http://localhost:3000/dashboard:0
[  574539ms] [WARNING] The resource https://enjoyed-mudfish-95.clerk.accounts.dev/npm/@clerk/ui@1/dist/ui.browser.js was preloaded using link preload but not used within a few seconds from the window's load event. Please make sure it has an appropriate `as` value and it is preloaded intentionally. @ http://localhost:3000/dashboard:0
[  617001ms] [WARNING] The resource https://enjoyed-mudfish-95.clerk.accounts.dev/npm/@clerk/ui@1/dist/ui.browser.js was preloaded using link preload but not used within a few seconds from the window's load event. Please make sure it has an appropriate `as` value and it is preloaded intentionally. @ http://localhost:3000/dashboard:0
[  659653ms] [WARNING] The resource https://enjoyed-mudfish-95.clerk.accounts.dev/npm/@clerk/ui@1/dist/ui.browser.js was preloaded using link preload but not used within a few seconds from the window's load event. Please make sure it has an appropriate `as` value and it is preloaded intentionally. @ http://localhost:3000/dashboard:0
[  704134ms] [WARNING] The resource https://enjoyed-mudfish-95.clerk.accounts.dev/npm/@clerk/ui@1/dist/ui.browser.js was preloaded using link preload but not used within a few seconds from the window's load event. Please make sure it has an appropriate `as` value and it is preloaded intentionally. @ http://localhost:3000/dashboard:0
[  747325ms] [WARNING] The resource https://enjoyed-mudfish-95.clerk.accounts.dev/npm/@clerk/ui@1/dist/ui.browser.js was preloaded using link preload but not used within a few seconds from the window's load event. Please make sure it has an appropriate `as` value and it is preloaded intentionally. @ http://localhost:3000/dashboard:0
[  790458ms] [WARNING] The resource https://enjoyed-mudfish-95.clerk.accounts.dev/npm/@clerk/ui@1/dist/ui.browser.js was preloaded using link preload but not used within a few seconds from the window's load event. Please make sure it has an appropriate `as` value and it is preloaded intentionally. @ http://localhost:3000/dashboard:0
[  833280ms] [WARNING] The resource https://enjoyed-mudfish-95.clerk.accounts.dev/npm/@clerk/ui@1/dist/ui.browser.js was preloaded using link preload but not used within a few seconds from the window's load event. Please make sure it has an appropriate `as` value and it is preloaded intentionally. @ http://localhost:3000/dashboard:0
[  875586ms] [WARNING] The resource https://enjoyed-mudfish-95.clerk.accounts.dev/npm/@clerk/ui@1/dist/ui.browser.js was preloaded using link preload but not used within a few seconds from the window's load event. Please make sure it has an appropriate `as` value and it is preloaded intentionally. @ http://localhost:3000/dashboard:0
[  927620ms] [WARNING] The resource https://enjoyed-mudfish-95.clerk.accounts.dev/npm/@clerk/ui@1/dist/ui.browser.js was preloaded using link preload but not used within a few seconds from the window's load event. Please make sure it has an appropriate `as` value and it is preloaded intentionally. @ http://localhost:3000/dashboard:0
[  973502ms] [WARNING] The resource https://enjoyed-mudfish-95.clerk.accounts.dev/npm/@clerk/ui@1/dist/ui.browser.js was preloaded using link preload but not used within a few seconds from the window's load event. Please make sure it has an appropriate `as` value and it is preloaded intentionally. @ http://localhost:3000/dashboard:0
[ 1016960ms] [WARNING] The resource https://enjoyed-mudfish-95.clerk.accounts.dev/npm/@clerk/ui@1/dist/ui.browser.js was preloaded using link preload but not used within a few seconds from the window's load event. Please make sure it has an appropriate `as` value and it is preloaded intentionally. @ http://localhost:3000/dashboard:0
[ 1059388ms] [WARNING] The resource https://enjoyed-mudfish-95.clerk.accounts.dev/npm/@clerk/ui@1/dist/ui.browser.js was preloaded using link preload but not used within a few seconds from the window's load event. Please make sure it has an appropriate `as` value and it is preloaded intentionally. @ http://localhost:3000/dashboard:0
[ 1102837ms] [WARNING] The resource https://enjoyed-mudfish-95.clerk.accounts.dev/npm/@clerk/ui@1/dist/ui.browser.js was preloaded using link preload but not used within a few seconds from the window's load event. Please make sure it has an appropriate `as` value and it is preloaded intentionally. @ http://localhost:3000/dashboard:0
[ 1146843ms] [WARNING] The resource https://enjoyed-mudfish-95.clerk.accounts.dev/npm/@clerk/ui@1/dist/ui.browser.js was preloaded using link preload but not used within a few seconds from the window's load event. Please make sure it has an appropriate `as` value and it is preloaded intentionally. @ http://localhost:3000/dashboard:0
[ 1190268ms] [WARNING] The resource https://enjoyed-mudfish-95.clerk.accounts.dev/npm/@clerk/ui@1/dist/ui.browser.js was preloaded using link preload but not used within a few seconds from the window's load event. Please make sure it has an appropriate `as` value and it is preloaded intentionally. @ http://localhost:3000/dashboard:0
[ 1233272ms] [WARNING] The resource https://enjoyed-mudfish-95.clerk.accounts.dev/npm/@clerk/ui@1/dist/ui.browser.js was preloaded using link preload but not used within a few seconds from the window's load event. Please make sure it has an appropriate `as` value and it is preloaded intentionally. @ http://localhost:3000/dashboard:0
[ 1276726ms] [WARNING] The resource https://enjoyed-mudfish-95.clerk.accounts.dev/npm/@clerk/ui@1/dist/ui.browser.js was preloaded using link preload but not used within a few seconds from the window's load event. Please make sure it has an appropriate `as` value and it is preloaded intentionally. @ http://localhost:3000/dashboard:0
[ 1320640ms] [WARNING] The resource https://enjoyed-mudfish-95.clerk.accounts.dev/npm/@clerk/ui@1/dist/ui.browser.js was preloaded using link preload but not used within a few seconds from the window's load event. Please make sure it has an appropriate `as` value and it is preloaded intentionally. @ http://localhost:3000/dashboard:0
[ 1364092ms] [WARNING] The resource https://enjoyed-mudfish-95.clerk.accounts.dev/npm/@clerk/ui@1/dist/ui.browser.js was preloaded using link preload but not used within a few seconds from the window's load event. Please make sure it has an appropriate `as` value and it is preloaded intentionally. @ http://localhost:3000/dashboard:0
[ 1407686ms] [WARNING] The resource https://enjoyed-mudfish-95.clerk.accounts.dev/npm/@clerk/ui@1/dist/ui.browser.js was preloaded using link preload but not used within a few seconds from the window's load event. Please make sure it has an appropriate `as` value and it is preloaded intentionally. @ http://localhost:3000/dashboard:0
[ 1451268ms] [WARNING] The resource https://enjoyed-mudfish-95.clerk.accounts.dev/npm/@clerk/ui@1/dist/ui.browser.js was preloaded using link preload but not used within a few seconds from the window's load event. Please make sure it has an appropriate `as` value and it is preloaded intentionally. @ http://localhost:3000/dashboard:0
[ 1494248ms] [WARNING] The resource https://enjoyed-mudfish-95.clerk.accounts.dev/npm/@clerk/ui@1/dist/ui.browser.js was preloaded using link preload but not used within a few seconds from the window's load event. Please make sure it has an appropriate `as` value and it is preloaded intentionally. @ http://localhost:3000/dashboard:0
[ 1537330ms] [WARNING] The resource https://enjoyed-mudfish-95.clerk.accounts.dev/npm/@clerk/ui@1/dist/ui.browser.js was preloaded using link preload but not used within a few seconds from the window's load event. Please make sure it has an appropriate `as` value and it is preloaded intentionally. @ http://localhost:3000/dashboard:0
[ 1580737ms] [WARNING] The resource https://enjoyed-mudfish-95.clerk.accounts.dev/npm/@clerk/ui@1/dist/ui.browser.js was preloaded using link preload but not used within a few seconds from the window's load event. Please make sure it has an appropriate `as` value and it is preloaded intentionally. @ http://localhost:3000/dashboard:0
[ 1625302ms] [WARNING] The resource https://enjoyed-mudfish-95.clerk.accounts.dev/npm/@clerk/ui@1/dist/ui.browser.js was preloaded using link preload but not used within a few seconds from the window's load event. Please make sure it has an appropriate `as` value and it is preloaded intentionally. @ http://localhost:3000/dashboard:0
[ 1668502ms] [WARNING] The resource https://enjoyed-mudfish-95.clerk.accounts.dev/npm/@clerk/ui@1/dist/ui.browser.js was preloaded using link preload but not used within a few seconds from the window's load event. Please make sure it has an appropriate `as` value and it is preloaded intentionally. @ http://localhost:3000/dashboard:0
[ 1711403ms] [WARNING] The resource https://enjoyed-mudfish-95.clerk.accounts.dev/npm/@clerk/ui@1/dist/ui.browser.js was preloaded using link preload but not used within a few seconds from the window's load event. Please make sure it has an appropriate `as` value and it is preloaded intentionally. @ http://localhost:3000/dashboard:0
[ 1754650ms] [WARNING] The resource https://enjoyed-mudfish-95.clerk.accounts.dev/npm/@clerk/ui@1/dist/ui.browser.js was preloaded using link preload but not used within a few seconds from the window's load event. Please make sure it has an appropriate `as` value and it is preloaded intentionally. @ http://localhost:3000/dashboard:0
[ 1799137ms] [WARNING] The resource https://enjoyed-mudfish-95.clerk.accounts.dev/npm/@clerk/ui@1/dist/ui.browser.js was preloaded using link preload but not used within a few seconds from the window's load event. Please make sure it has an appropriate `as` value and it is preloaded intentionally. @ http://localhost:3000/dashboard:0
[ 1842405ms] [WARNING] The resource https://enjoyed-mudfish-95.clerk.accounts.dev/npm/@clerk/ui@1/dist/ui.browser.js was preloaded using link preload but not used within a few seconds from the window's load event. Please make sure it has an appropriate `as` value and it is preloaded intentionally. @ http://localhost:3000/dashboard:0
[ 1885843ms] [WARNING] The resource https://enjoyed-mudfish-95.clerk.accounts.dev/npm/@clerk/ui@1/dist/ui.browser.js was preloaded using link preload but not used within a few seconds from the window's load event. Please make sure it has an appropriate `as` value and it is preloaded intentionally. @ http://localhost:3000/dashboard:0
[ 1930374ms] [WARNING] The resource https://enjoyed-mudfish-95.clerk.accounts.dev/npm/@clerk/ui@1/dist/ui.browser.js was preloaded using link preload but not used within a few seconds from the window's load event. Please make sure it has an appropriate `as` value and it is preloaded intentionally. @ http://localhost:3000/dashboard:0
[ 1972748ms] [WARNING] The resource https://enjoyed-mudfish-95.clerk.accounts.dev/npm/@clerk/ui@1/dist/ui.browser.js was preloaded using link preload but not used within a few seconds from the window's load event. Please make sure it has an appropriate `as` value and it is preloaded intentionally. @ http://localhost:3000/dashboard:0
[ 2016950ms] [WARNING] The resource https://enjoyed-mudfish-95.clerk.accounts.dev/npm/@clerk/ui@1/dist/ui.browser.js was preloaded using link preload but not used within a few seconds from the window's load event. Please make sure it has an appropriate `as` value and it is preloaded intentionally. @ http://localhost:3000/dashboard:0
[ 2059502ms] [WARNING] The resource https://enjoyed-mudfish-95.clerk.accounts.dev/npm/@clerk/ui@1/dist/ui.browser.js was preloaded using link preload but not used within a few seconds from the window's load event. Please make sure it has an appropriate `as` value and it is preloaded intentionally. @ http://localhost:3000/dashboard:0
[ 2101804ms] [WARNING] The resource https://enjoyed-mudfish-95.clerk.accounts.dev/npm/@clerk/ui@1/dist/ui.browser.js was preloaded using link preload but not used within a few seconds from the window's load event. Please make sure it has an appropriate `as` value and it is preloaded intentionally. @ http://localhost:3000/dashboard:0
[ 2146551ms] [WARNING] The resource https://enjoyed-mudfish-95.clerk.accounts.dev/npm/@clerk/ui@1/dist/ui.browser.js was preloaded using link preload but not used within a few seconds from the window's load event. Please make sure it has an appropriate `as` value and it is preloaded intentionally. @ http://localhost:3000/dashboard:0
[ 2189862ms] [WARNING] The resource https://enjoyed-mudfish-95.clerk.accounts.dev/npm/@clerk/ui@1/dist/ui.browser.js was preloaded using link preload but not used within a few seconds from the window's load event. Please make sure it has an appropriate `as` value and it is preloaded intentionally. @ http://localhost:3000/dashboard:0
[ 2233214ms] [WARNING] The resource https://enjoyed-mudfish-95.clerk.accounts.dev/npm/@clerk/ui@1/dist/ui.browser.js was preloaded using link preload but not used within a few seconds from the window's load event. Please make sure it has an appropriate `as` value and it is preloaded intentionally. @ http://localhost:3000/dashboard:0
[ 2276912ms] [WARNING] The resource https://enjoyed-mudfish-95.clerk.accounts.dev/npm/@clerk/ui@1/dist/ui.browser.js was preloaded using link preload but not used within a few seconds from the window's load event. Please make sure it has an appropriate `as` value and it is preloaded intentionally. @ http://localhost:3000/dashboard:0
[ 2320548ms] [WARNING] The resource https://enjoyed-mudfish-95.clerk.accounts.dev/npm/@clerk/ui@1/dist/ui.browser.js was preloaded using link preload but not used within a few seconds from the window's load event. Please make sure it has an appropriate `as` value and it is preloaded intentionally. @ http://localhost:3000/dashboard:0
[ 2363622ms] [WARNING] The resource https://enjoyed-mudfish-95.clerk.accounts.dev/npm/@clerk/ui@1/dist/ui.browser.js was preloaded using link preload but not used within a few seconds from the window's load event. Please make sure it has an appropriate `as` value and it is preloaded intentionally. @ http://localhost:3000/dashboard:0
[ 2406998ms] [WARNING] The resource https://enjoyed-mudfish-95.clerk.accounts.dev/npm/@clerk/ui@1/dist/ui.browser.js was preloaded using link preload but not used within a few seconds from the window's load event. Please make sure it has an appropriate `as` value and it is preloaded intentionally. @ http://localhost:3000/dashboard:0
[ 2450507ms] [WARNING] The resource https://enjoyed-mudfish-95.clerk.accounts.dev/npm/@clerk/ui@1/dist/ui.browser.js was preloaded using link preload but not used within a few seconds from the window's load event. Please make sure it has an appropriate `as` value and it is preloaded intentionally. @ http://localhost:3000/dashboard:0
[ 2493712ms] [WARNING] The resource https://enjoyed-mudfish-95.clerk.accounts.dev/npm/@clerk/ui@1/dist/ui.browser.js was preloaded using link preload but not used within a few seconds from the window's load event. Please make sure it has an appropriate `as` value and it is preloaded intentionally. @ http://localhost:3000/dashboard:0
[ 2537032ms] [WARNING] The resource https://enjoyed-mudfish-95.clerk.accounts.dev/npm/@clerk/ui@1/dist/ui.browser.js was preloaded using link preload but not used within a few seconds from the window's load event. Please make sure it has an appropriate `as` value and it is preloaded intentionally. @ http://localhost:3000/dashboard:0
[ 2579725ms] [WARNING] The resource https://enjoyed-mudfish-95.clerk.accounts.dev/npm/@clerk/ui@1/dist/ui.browser.js was preloaded using link preload but not used within a few seconds from the window's load event. Please make sure it has an appropriate `as` value and it is preloaded intentionally. @ http://localhost:3000/dashboard:0
[ 2623231ms] [WARNING] The resource https://enjoyed-mudfish-95.clerk.accounts.dev/npm/@clerk/ui@1/dist/ui.browser.js was preloaded using link preload but not used within a few seconds from the window's load event. Please make sure it has an appropriate `as` value and it is preloaded intentionally. @ http://localhost:3000/dashboard:0
[ 2666723ms] [WARNING] The resource https://enjoyed-mudfish-95.clerk.accounts.dev/npm/@clerk/ui@1/dist/ui.browser.js was preloaded using link preload but not used within a few seconds from the window's load event. Please make sure it has an appropriate `as` value and it is preloaded intentionally. @ http://localhost:3000/dashboard:0
[ 2711371ms] [WARNING] The resource https://enjoyed-mudfish-95.clerk.accounts.dev/npm/@clerk/ui@1/dist/ui.browser.js was preloaded using link preload but not used within a few seconds from the window's load event. Please make sure it has an appropriate `as` value and it is preloaded intentionally. @ http://localhost:3000/dashboard:0
[ 2753761ms] [WARNING] The resource https://enjoyed-mudfish-95.clerk.accounts.dev/npm/@clerk/ui@1/dist/ui.browser.js was preloaded using link preload but not used within a few seconds from the window's load event. Please make sure it has an appropriate `as` value and it is preloaded intentionally. @ http://localhost:3000/dashboard:0
[ 2797543ms] [WARNING] The resource https://enjoyed-mudfish-95.clerk.accounts.dev/npm/@clerk/ui@1/dist/ui.browser.js was preloaded using link preload but not used within a few seconds from the window's load event. Please make sure it has an appropriate `as` value and it is preloaded intentionally. @ http://localhost:3000/dashboard:0
[ 2839915ms] [WARNING] The resource https://enjoyed-mudfish-95.clerk.accounts.dev/npm/@clerk/ui@1/dist/ui.browser.js was preloaded using link preload but not used within a few seconds from the window's load event. Please make sure it has an appropriate `as` value and it is preloaded intentionally. @ http://localhost:3000/dashboard:0
[ 2882671ms] [WARNING] The resource https://enjoyed-mudfish-95.clerk.accounts.dev/npm/@clerk/ui@1/dist/ui.browser.js was preloaded using link preload but not used within a few seconds from the window's load event. Please make sure it has an appropriate `as` value and it is preloaded intentionally. @ http://localhost:3000/dashboard:0
[ 2926103ms] [WARNING] The resource https://enjoyed-mudfish-95.clerk.accounts.dev/npm/@clerk/ui@1/dist/ui.browser.js was preloaded using link preload but not used within a few seconds from the window's load event. Please make sure it has an appropriate `as` value and it is preloaded intentionally. @ http://localhost:3000/dashboard:0
[ 2968967ms] [WARNING] The resource https://enjoyed-mudfish-95.clerk.accounts.dev/npm/@clerk/ui@1/dist/ui.browser.js was preloaded using link preload but not used within a few seconds from the window's load event. Please make sure it has an appropriate `as` value and it is preloaded intentionally. @ http://localhost:3000/dashboard:0
[ 3012146ms] [WARNING] The resource https://enjoyed-mudfish-95.clerk.accounts.dev/npm/@clerk/ui@1/dist/ui.browser.js was preloaded using link preload but not used within a few seconds from the window's load event. Please make sure it has an appropriate `as` value and it is preloaded intentionally. @ http://localhost:3000/dashboard:0
[ 3055297ms] [WARNING] The resource https://enjoyed-mudfish-95.clerk.accounts.dev/npm/@clerk/ui@1/dist/ui.browser.js was preloaded using link preload but not used within a few seconds from the window's load event. Please make sure it has an appropriate `as` value and it is preloaded intentionally. @ http://localhost:3000/dashboard:0
[ 3098080ms] [WARNING] The resource https://enjoyed-mudfish-95.clerk.accounts.dev/npm/@clerk/ui@1/dist/ui.browser.js was preloaded using link preload but not used within a few seconds from the window's load event. Please make sure it has an appropriate `as` value and it is preloaded intentionally. @ http://localhost:3000/dashboard:0
[ 3141249ms] [WARNING] The resource https://enjoyed-mudfish-95.clerk.accounts.dev/npm/@clerk/ui@1/dist/ui.browser.js was preloaded using link preload but not used within a few seconds from the window's load event. Please make sure it has an appropriate `as` value and it is preloaded intentionally. @ http://localhost:3000/dashboard:0
[ 3183561ms] [WARNING] The resource https://enjoyed-mudfish-95.clerk.accounts.dev/npm/@clerk/ui@1/dist/ui.browser.js was preloaded using link preload but not used within a few seconds from the window's load event. Please make sure it has an appropriate `as` value and it is preloaded intentionally. @ http://localhost:3000/dashboard:0
[ 3227270ms] [WARNING] The resource https://enjoyed-mudfish-95.clerk.accounts.dev/npm/@clerk/ui@1/dist/ui.browser.js was preloaded using link preload but not used within a few seconds from the window's load event. Please make sure it has an appropriate `as` value and it is preloaded intentionally. @ http://localhost:3000/dashboard:0
[ 3269791ms] [WARNING] The resource https://enjoyed-mudfish-95.clerk.accounts.dev/npm/@clerk/ui@1/dist/ui.browser.js was preloaded using link preload but not used within a few seconds from the window's load event. Please make sure it has an appropriate `as` value and it is preloaded intentionally. @ http://localhost:3000/dashboard:0
[ 3314504ms] [WARNING] The resource https://enjoyed-mudfish-95.clerk.accounts.dev/npm/@clerk/ui@1/dist/ui.browser.js was preloaded using link preload but not used within a few seconds from the window's load event. Please make sure it has an appropriate `as` value and it is preloaded intentionally. @ http://localhost:3000/dashboard:0
[ 3357440ms] [WARNING] The resource https://enjoyed-mudfish-95.clerk.accounts.dev/npm/@clerk/ui@1/dist/ui.browser.js was preloaded using link preload but not used within a few seconds from the window's load event. Please make sure it has an appropriate `as` value and it is preloaded intentionally. @ http://localhost:3000/dashboard:0
[ 3400427ms] [WARNING] The resource https://enjoyed-mudfish-95.clerk.accounts.dev/npm/@clerk/ui@1/dist/ui.browser.js was preloaded using link preload but not used within a few seconds from the window's load event. Please make sure it has an appropriate `as` value and it is preloaded intentionally. @ http://localhost:3000/dashboard:0
[ 3444110ms] [WARNING] The resource https://enjoyed-mudfish-95.clerk.accounts.dev/npm/@clerk/ui@1/dist/ui.browser.js was preloaded using link preload but not used within a few seconds from the window's load event. Please make sure it has an appropriate `as` value and it is preloaded intentionally. @ http://localhost:3000/dashboard:0
[ 3487278ms] [WARNING] The resource https://enjoyed-mudfish-95.clerk.accounts.dev/npm/@clerk/ui@1/dist/ui.browser.js was preloaded using link preload but not used within a few seconds from the window's load event. Please make sure it has an appropriate `as` value and it is preloaded intentionally. @ http://localhost:3000/dashboard:0
[ 3529873ms] [WARNING] The resource https://enjoyed-mudfish-95.clerk.accounts.dev/npm/@clerk/ui@1/dist/ui.browser.js was preloaded using link preload but not used within a few seconds from the window's load event. Please make sure it has an appropriate `as` value and it is preloaded intentionally. @ http://localhost:3000/dashboard:0
[ 3574098ms] [WARNING] The resource https://enjoyed-mudfish-95.clerk.accounts.dev/npm/@clerk/ui@1/dist/ui.browser.js was preloaded using link preload but not used within a few seconds from the window's load event. Please make sure it has an appropriate `as` value and it is preloaded intentionally. @ http://localhost:3000/dashboard:0
[ 3617665ms] [WARNING] The resource https://enjoyed-mudfish-95.clerk.accounts.dev/npm/@clerk/ui@1/dist/ui.browser.js was preloaded using link preload but not used within a few seconds from the window's load event. Please make sure it has an appropriate `as` value and it is preloaded intentionally. @ http://localhost:3000/dashboard:0
[ 3661389ms] [WARNING] The resource https://enjoyed-mudfish-95.clerk.accounts.dev/npm/@clerk/ui@1/dist/ui.browser.js was preloaded using link preload but not used within a few seconds from the window's load event. Please make sure it has an appropriate `as` value and it is preloaded intentionally. @ http://localhost:3000/dashboard:0
[ 3705102ms] [WARNING] The resource https://enjoyed-mudfish-95.clerk.accounts.dev/npm/@clerk/ui@1/dist/ui.browser.js was preloaded using link preload but not used within a few seconds from the window's load event. Please make sure it has an appropriate `as` value and it is preloaded intentionally. @ http://localhost:3000/dashboard:0
[ 3747905ms] [WARNING] The resource https://enjoyed-mudfish-95.clerk.accounts.dev/npm/@clerk/ui@1/dist/ui.browser.js was preloaded using link preload but not used within a few seconds from the window's load event. Please make sure it has an appropriate `as` value and it is preloaded intentionally. @ http://localhost:3000/dashboard:0
[ 3790288ms] [WARNING] The resource https://enjoyed-mudfish-95.clerk.accounts.dev/npm/@clerk/ui@1/dist/ui.browser.js was preloaded using link preload but not used within a few seconds from the window's load event. Please make sure it has an appropriate `as` value and it is preloaded intentionally. @ http://localhost:3000/dashboard:0
[ 3833210ms] [WARNING] The resource https://enjoyed-mudfish-95.clerk.accounts.dev/npm/@clerk/ui@1/dist/ui.browser.js was preloaded using link preload but not used within a few seconds from the window's load event. Please make sure it has an appropriate `as` value and it is preloaded intentionally. @ http://localhost:3000/dashboard:0
[ 3876809ms] [WARNING] The resource https://enjoyed-mudfish-95.clerk.accounts.dev/npm/@clerk/ui@1/dist/ui.browser.js was preloaded using link preload but not used within a few seconds from the window's load event. Please make sure it has an appropriate `as` value and it is preloaded intentionally. @ http://localhost:3000/dashboard:0
[ 3920608ms] [WARNING] The resource https://enjoyed-mudfish-95.clerk.accounts.dev/npm/@clerk/ui@1/dist/ui.browser.js was preloaded using link preload but not used within a few seconds from the window's load event. Please make sure it has an appropriate `as` value and it is preloaded intentionally. @ http://localhost:3000/dashboard:0
[ 3964589ms] [WARNING] The resource https://enjoyed-mudfish-95.clerk.accounts.dev/npm/@clerk/ui@1/dist/ui.browser.js was preloaded using link preload but not used within a few seconds from the window's load event. Please make sure it has an appropriate `as` value and it is preloaded intentionally. @ http://localhost:3000/dashboard:0
[ 4009119ms] [WARNING] The resource https://enjoyed-mudfish-95.clerk.accounts.dev/npm/@clerk/ui@1/dist/ui.browser.js was preloaded using link preload but not used within a few seconds from the window's load event. Please make sure it has an appropriate `as` value and it is preloaded intentionally. @ http://localhost:3000/dashboard:0
[ 4051409ms] [WARNING] The resource https://enjoyed-mudfish-95.clerk.accounts.dev/npm/@clerk/ui@1/dist/ui.browser.js was preloaded using link preload but not used within a few seconds from the window's load event. Please make sure it has an appropriate `as` value and it is preloaded intentionally. @ http://localhost:3000/dashboard:0
[ 4094079ms] [WARNING] The resource https://enjoyed-mudfish-95.clerk.accounts.dev/npm/@clerk/ui@1/dist/ui.browser.js was preloaded using link preload but not used within a few seconds from the window's load event. Please make sure it has an appropriate `as` value and it is preloaded intentionally. @ http://localhost:3000/dashboard:0
[ 4137096ms] [WARNING] The resource https://enjoyed-mudfish-95.clerk.accounts.dev/npm/@clerk/ui@1/dist/ui.browser.js was preloaded using link preload but not used within a few seconds from the window's load event. Please make sure it has an appropriate `as` value and it is preloaded intentionally. @ http://localhost:3000/dashboard:0
[ 4179383ms] [WARNING] The resource https://enjoyed-mudfish-95.clerk.accounts.dev/npm/@clerk/ui@1/dist/ui.browser.js was preloaded using link preload but not used within a few seconds from the window's load event. Please make sure it has an appropriate `as` value and it is preloaded intentionally. @ http://localhost:3000/dashboard:0
[ 4223129ms] [WARNING] The resource https://enjoyed-mudfish-95.clerk.accounts.dev/npm/@clerk/ui@1/dist/ui.browser.js was preloaded using link preload but not used within a few seconds from the window's load event. Please make sure it has an appropriate `as` value and it is preloaded intentionally. @ http://localhost:3000/dashboard:0
[ 4266867ms] [WARNING] The resource https://enjoyed-mudfish-95.clerk.accounts.dev/npm/@clerk/ui@1/dist/ui.browser.js was preloaded using link preload but not used within a few seconds from the window's load event. Please make sure it has an appropriate `as` value and it is preloaded intentionally. @ http://localhost:3000/dashboard:0
[ 4310709ms] [WARNING] The resource https://enjoyed-mudfish-95.clerk.accounts.dev/npm/@clerk/ui@1/dist/ui.browser.js was preloaded using link preload but not used within a few seconds from the window's load event. Please make sure it has an appropriate `as` value and it is preloaded intentionally. @ http://localhost:3000/dashboard:0
[ 4354905ms] [WARNING] The resource https://enjoyed-mudfish-95.clerk.accounts.dev/npm/@clerk/ui@1/dist/ui.browser.js was preloaded using link preload but not used within a few seconds from the window's load event. Please make sure it has an appropriate `as` value and it is preloaded intentionally. @ http://localhost:3000/dashboard:0
[ 4398482ms] [WARNING] The resource https://enjoyed-mudfish-95.clerk.accounts.dev/npm/@clerk/ui@1/dist/ui.browser.js was preloaded using link preload but not used within a few seconds from the window's load event. Please make sure it has an appropriate `as` value and it is preloaded intentionally. @ http://localhost:3000/dashboard:0
[ 4441580ms] [WARNING] The resource https://enjoyed-mudfish-95.clerk.accounts.dev/npm/@clerk/ui@1/dist/ui.browser.js was preloaded using link preload but not used within a few seconds from the window's load event. Please make sure it has an appropriate `as` value and it is preloaded intentionally. @ http://localhost:3000/dashboard:0
[ 4485060ms] [WARNING] The resource https://enjoyed-mudfish-95.clerk.accounts.dev/npm/@clerk/ui@1/dist/ui.browser.js was preloaded using link preload but not used within a few seconds from the window's load event. Please make sure it has an appropriate `as` value and it is preloaded intentionally. @ http://localhost:3000/dashboard:0
[ 4528485ms] [WARNING] The resource https://enjoyed-mudfish-95.clerk.accounts.dev/npm/@clerk/ui@1/dist/ui.browser.js was preloaded using link preload but not used within a few seconds from the window's load event. Please make sure it has an appropriate `as` value and it is preloaded intentionally. @ http://localhost:3000/dashboard:0
[ 4571889ms] [WARNING] The resource https://enjoyed-mudfish-95.clerk.accounts.dev/npm/@clerk/ui@1/dist/ui.browser.js was preloaded using link preload but not used within a few seconds from the window's load event. Please make sure it has an appropriate `as` value and it is preloaded intentionally. @ http://localhost:3000/dashboard:0
[ 4614503ms] [WARNING] The resource https://enjoyed-mudfish-95.clerk.accounts.dev/npm/@clerk/ui@1/dist/ui.browser.js was preloaded using link preload but not used within a few seconds from the window's load event. Please make sure it has an appropriate `as` value and it is preloaded intentionally. @ http://localhost:3000/dashboard:0
[ 4657125ms] [WARNING] The resource https://enjoyed-mudfish-95.clerk.accounts.dev/npm/@clerk/ui@1/dist/ui.browser.js was preloaded using link preload but not used within a few seconds from the window's load event. Please make sure it has an appropriate `as` value and it is preloaded intentionally. @ http://localhost:3000/dashboard:0
[ 4700582ms] [WARNING] The resource https://enjoyed-mudfish-95.clerk.accounts.dev/npm/@clerk/ui@1/dist/ui.browser.js was preloaded using link preload but not used within a few seconds from the window's load event. Please make sure it has an appropriate `as` value and it is preloaded intentionally. @ http://localhost:3000/dashboard:0
[ 4744937ms] [WARNING] The resource https://enjoyed-mudfish-95.clerk.accounts.dev/npm/@clerk/ui@1/dist/ui.browser.js was preloaded using link preload but not used within a few seconds from the window's load event. Please make sure it has an appropriate `as` value and it is preloaded intentionally. @ http://localhost:3000/dashboard:0
[ 4788557ms] [WARNING] The resource https://enjoyed-mudfish-95.clerk.accounts.dev/npm/@clerk/ui@1/dist/ui.browser.js was preloaded using link preload but not used within a few seconds from the window's load event. Please make sure it has an appropriate `as` value and it is preloaded intentionally. @ http://localhost:3000/dashboard:0
[ 4831808ms] [WARNING] The resource https://enjoyed-mudfish-95.clerk.accounts.dev/npm/@clerk/ui@1/dist/ui.browser.js was preloaded using link preload but not used within a few seconds from the window's load event. Please make sure it has an appropriate `as` value and it is preloaded intentionally. @ http://localhost:3000/dashboard:0
[ 4875721ms] [WARNING] The resource https://enjoyed-mudfish-95.clerk.accounts.dev/npm/@clerk/ui@1/dist/ui.browser.js was preloaded using link preload but not used within a few seconds from the window's load event. Please make sure it has an appropriate `as` value and it is preloaded intentionally. @ http://localhost:3000/dashboard:0
[ 4919250ms] [WARNING] The resource https://enjoyed-mudfish-95.clerk.accounts.dev/npm/@clerk/ui@1/dist/ui.browser.js was preloaded using link preload but not used within a few seconds from the window's load event. Please make sure it has an appropriate `as` value and it is preloaded intentionally. @ http://localhost:3000/dashboard:0
[ 4962724ms] [WARNING] The resource https://enjoyed-mudfish-95.clerk.accounts.dev/npm/@clerk/ui@1/dist/ui.browser.js was preloaded using link preload but not used within a few seconds from the window's load event. Please make sure it has an appropriate `as` value and it is preloaded intentionally. @ http://localhost:3000/dashboard:0
[ 5006499ms] [WARNING] The resource https://enjoyed-mudfish-95.clerk.accounts.dev/npm/@clerk/ui@1/dist/ui.browser.js was preloaded using link preload but not used within a few seconds from the window's load event. Please make sure it has an appropriate `as` value and it is preloaded intentionally. @ http://localhost:3000/dashboard:0
[ 5049280ms] [WARNING] The resource https://enjoyed-mudfish-95.clerk.accounts.dev/npm/@clerk/ui@1/dist/ui.browser.js was preloaded using link preload but not used within a few seconds from the window's load event. Please make sure it has an appropriate `as` value and it is preloaded intentionally. @ http://localhost:3000/dashboard:0
[ 5091739ms] [WARNING] The resource https://enjoyed-mudfish-95.clerk.accounts.dev/npm/@clerk/ui@1/dist/ui.browser.js was preloaded using link preload but not used within a few seconds from the window's load event. Please make sure it has an appropriate `as` value and it is preloaded intentionally. @ http://localhost:3000/dashboard:0
[ 5136260ms] [WARNING] The resource https://enjoyed-mudfish-95.clerk.accounts.dev/npm/@clerk/ui@1/dist/ui.browser.js was preloaded using link preload but not used within a few seconds from the window's load event. Please make sure it has an appropriate `as` value and it is preloaded intentionally. @ http://localhost:3000/dashboard:0
[ 5179907ms] [WARNING] The resource https://enjoyed-mudfish-95.clerk.accounts.dev/npm/@clerk/ui@1/dist/ui.browser.js was preloaded using link preload but not used within a few seconds from the window's load event. Please make sure it has an appropriate `as` value and it is preloaded intentionally. @ http://localhost:3000/dashboard:0
[ 5223363ms] [WARNING] The resource https://enjoyed-mudfish-95.clerk.accounts.dev/npm/@clerk/ui@1/dist/ui.browser.js was preloaded using link preload but not used within a few seconds from the window's load event. Please make sure it has an appropriate `as` value and it is preloaded intentionally. @ http://localhost:3000/dashboard:0
[ 5266195ms] [WARNING] The resource https://enjoyed-mudfish-95.clerk.accounts.dev/npm/@clerk/ui@1/dist/ui.browser.js was preloaded using link preload but not used within a few seconds from the window's load event. Please make sure it has an appropriate `as` value and it is preloaded intentionally. @ http://localhost:3000/dashboard:0
[ 5308760ms] [WARNING] The resource https://enjoyed-mudfish-95.clerk.accounts.dev/npm/@clerk/ui@1/dist/ui.browser.js was preloaded using link preload but not used within a few seconds from the window's load event. Please make sure it has an appropriate `as` value and it is preloaded intentionally. @ http://localhost:3000/dashboard:0
[ 5353267ms] [WARNING] The resource https://enjoyed-mudfish-95.clerk.accounts.dev/npm/@clerk/ui@1/dist/ui.browser.js was preloaded using link preload but not used within a few seconds from the window's load event. Please make sure it has an appropriate `as` value and it is preloaded intentionally. @ http://localhost:3000/dashboard:0
[ 5396390ms] [WARNING] The resource https://enjoyed-mudfish-95.clerk.accounts.dev/npm/@clerk/ui@1/dist/ui.browser.js was preloaded using link preload but not used within a few seconds from the window's load event. Please make sure it has an appropriate `as` value and it is preloaded intentionally. @ http://localhost:3000/dashboard:0
[ 5438896ms] [WARNING] The resource https://enjoyed-mudfish-95.clerk.accounts.dev/npm/@clerk/ui@1/dist/ui.browser.js was preloaded using link preload but not used within a few seconds from the window's load event. Please make sure it has an appropriate `as` value and it is preloaded intentionally. @ http://localhost:3000/dashboard:0
[ 5481998ms] [WARNING] The resource https://enjoyed-mudfish-95.clerk.accounts.dev/npm/@clerk/ui@1/dist/ui.browser.js was preloaded using link preload but not used within a few seconds from the window's load event. Please make sure it has an appropriate `as` value and it is preloaded intentionally. @ http://localhost:3000/dashboard:0
[ 5524632ms] [WARNING] The resource https://enjoyed-mudfish-95.clerk.accounts.dev/npm/@clerk/ui@1/dist/ui.browser.js was preloaded using link preload but not used within a few seconds from the window's load event. Please make sure it has an appropriate `as` value and it is preloaded intentionally. @ http://localhost:3000/dashboard:0
[ 5568424ms] [WARNING] The resource https://enjoyed-mudfish-95.clerk.accounts.dev/npm/@clerk/ui@1/dist/ui.browser.js was preloaded using link preload but not used within a few seconds from the window's load event. Please make sure it has an appropriate `as` value and it is preloaded intentionally. @ http://localhost:3000/dashboard:0
[ 5610800ms] [WARNING] The resource https://enjoyed-mudfish-95.clerk.accounts.dev/npm/@clerk/ui@1/dist/ui.browser.js was preloaded using link preload but not used within a few seconds from the window's load event. Please make sure it has an appropriate `as` value and it is preloaded intentionally. @ http://localhost:3000/dashboard:0
[ 5654640ms] [WARNING] The resource https://enjoyed-mudfish-95.clerk.accounts.dev/npm/@clerk/ui@1/dist/ui.browser.js was preloaded using link preload but not used within a few seconds from the window's load event. Please make sure it has an appropriate `as` value and it is preloaded intentionally. @ http://localhost:3000/dashboard:0
[ 5698258ms] [WARNING] The resource https://enjoyed-mudfish-95.clerk.accounts.dev/npm/@clerk/ui@1/dist/ui.browser.js was preloaded using link preload but not used within a few seconds from the window's load event. Please make sure it has an appropriate `as` value and it is preloaded intentionally. @ http://localhost:3000/dashboard:0
[ 5741748ms] [WARNING] The resource https://enjoyed-mudfish-95.clerk.accounts.dev/npm/@clerk/ui@1/dist/ui.browser.js was preloaded using link preload but not used within a few seconds from the window's load event. Please make sure it has an appropriate `as` value and it is preloaded intentionally. @ http://localhost:3000/dashboard:0
[ 5785599ms] [WARNING] The resource https://enjoyed-mudfish-95.clerk.accounts.dev/npm/@clerk/ui@1/dist/ui.browser.js was preloaded using link preload but not used within a few seconds from the window's load event. Please make sure it has an appropriate `as` value and it is preloaded intentionally. @ http://localhost:3000/dashboard:0
[ 5829377ms] [WARNING] The resource https://enjoyed-mudfish-95.clerk.accounts.dev/npm/@clerk/ui@1/dist/ui.browser.js was preloaded using link preload but not used within a few seconds from the window's load event. Please make sure it has an appropriate `as` value and it is preloaded intentionally. @ http://localhost:3000/dashboard:0
[ 5872979ms] [WARNING] The resource https://enjoyed-mudfish-95.clerk.accounts.dev/npm/@clerk/ui@1/dist/ui.browser.js was preloaded using link preload but not used within a few seconds from the window's load event. Please make sure it has an appropriate `as` value and it is preloaded intentionally. @ http://localhost:3000/dashboard:0
[ 5916411ms] [WARNING] The resource https://enjoyed-mudfish-95.clerk.accounts.dev/npm/@clerk/ui@1/dist/ui.browser.js was preloaded using link preload but not used within a few seconds from the window's load event. Please make sure it has an appropriate `as` value and it is preloaded intentionally. @ http://localhost:3000/dashboard:0
[ 5958960ms] [WARNING] The resource https://enjoyed-mudfish-95.clerk.accounts.dev/npm/@clerk/ui@1/dist/ui.browser.js was preloaded using link preload but not used within a few seconds from the window's load event. Please make sure it has an appropriate `as` value and it is preloaded intentionally. @ http://localhost:3000/dashboard:0
[ 6002099ms] [WARNING] The resource https://enjoyed-mudfish-95.clerk.accounts.dev/npm/@clerk/ui@1/dist/ui.browser.js was preloaded using link preload but not used within a few seconds from the window's load event. Please make sure it has an appropriate `as` value and it is preloaded intentionally. @ http://localhost:3000/dashboard:0
[ 6045015ms] [WARNING] The resource https://enjoyed-mudfish-95.clerk.accounts.dev/npm/@clerk/ui@1/dist/ui.browser.js was preloaded using link preload but not used within a few seconds from the window's load event. Please make sure it has an appropriate `as` value and it is preloaded intentionally. @ http://localhost:3000/dashboard:0
[ 6088411ms] [WARNING] The resource https://enjoyed-mudfish-95.clerk.accounts.dev/npm/@clerk/ui@1/dist/ui.browser.js was preloaded using link preload but not used within a few seconds from the window's load event. Please make sure it has an appropriate `as` value and it is preloaded intentionally. @ http://localhost:3000/dashboard:0
[ 6131505ms] [WARNING] The resource https://enjoyed-mudfish-95.clerk.accounts.dev/npm/@clerk/ui@1/dist/ui.browser.js was preloaded using link preload but not used within a few seconds from the window's load event. Please make sure it has an appropriate `as` value and it is preloaded intentionally. @ http://localhost:3000/dashboard:0
[ 6175081ms] [WARNING] The resource https://enjoyed-mudfish-95.clerk.accounts.dev/npm/@clerk/ui@1/dist/ui.browser.js was preloaded using link preload but not used within a few seconds from the window's load event. Please make sure it has an appropriate `as` value and it is preloaded intentionally. @ http://localhost:3000/dashboard:0
[ 6218463ms] [WARNING] The resource https://enjoyed-mudfish-95.clerk.accounts.dev/npm/@clerk/ui@1/dist/ui.browser.js was preloaded using link preload but not used within a few seconds from the window's load event. Please make sure it has an appropriate `as` value and it is preloaded intentionally. @ http://localhost:3000/dashboard:0
[ 6262126ms] [WARNING] The resource https://enjoyed-mudfish-95.clerk.accounts.dev/npm/@clerk/ui@1/dist/ui.browser.js was preloaded using link preload but not used within a few seconds from the window's load event. Please make sure it has an appropriate `as` value and it is preloaded intentionally. @ http://localhost:3000/dashboard:0
[ 6305251ms] [WARNING] The resource https://enjoyed-mudfish-95.clerk.accounts.dev/npm/@clerk/ui@1/dist/ui.browser.js was preloaded using link preload but not used within a few seconds from the window's load event. Please make sure it has an appropriate `as` value and it is preloaded intentionally. @ http://localhost:3000/dashboard:0
[ 6348237ms] [WARNING] The resource https://enjoyed-mudfish-95.clerk.accounts.dev/npm/@clerk/ui@1/dist/ui.browser.js was preloaded using link preload but not used within a few seconds from the window's load event. Please make sure it has an appropriate `as` value and it is preloaded intentionally. @ http://localhost:3000/dashboard:0
[ 6391451ms] [WARNING] The resource https://enjoyed-mudfish-95.clerk.accounts.dev/npm/@clerk/ui@1/dist/ui.browser.js was preloaded using link preload but not used within a few seconds from the window's load event. Please make sure it has an appropriate `as` value and it is preloaded intentionally. @ http://localhost:3000/dashboard:0
[ 6434427ms] [WARNING] The resource https://enjoyed-mudfish-95.clerk.accounts.dev/npm/@clerk/ui@1/dist/ui.browser.js was preloaded using link preload but not used within a few seconds from the window's load event. Please make sure it has an appropriate `as` value and it is preloaded intentionally. @ http://localhost:3000/dashboard:0
[ 6477422ms] [WARNING] The resource https://enjoyed-mudfish-95.clerk.accounts.dev/npm/@clerk/ui@1/dist/ui.browser.js was preloaded using link preload but not used within a few seconds from the window's load event. Please make sure it has an appropriate `as` value and it is preloaded intentionally. @ http://localhost:3000/dashboard:0
[ 6520431ms] [WARNING] The resource https://enjoyed-mudfish-95.clerk.accounts.dev/npm/@clerk/ui@1/dist/ui.browser.js was preloaded using link preload but not used within a few seconds from the window's load event. Please make sure it has an appropriate `as` value and it is preloaded intentionally. @ http://localhost:3000/dashboard:0
[ 6562906ms] [WARNING] The resource https://enjoyed-mudfish-95.clerk.accounts.dev/npm/@clerk/ui@1/dist/ui.browser.js was preloaded using link preload but not used within a few seconds from the window's load event. Please make sure it has an appropriate `as` value and it is preloaded intentionally. @ http://localhost:3000/dashboard:0
[ 6605318ms] [WARNING] The resource https://enjoyed-mudfish-95.clerk.accounts.dev/npm/@clerk/ui@1/dist/ui.browser.js was preloaded using link preload but not used within a few seconds from the window's load event. Please make sure it has an appropriate `as` value and it is preloaded intentionally. @ http://localhost:3000/dashboard:0
[ 6648839ms] [WARNING] The resource https://enjoyed-mudfish-95.clerk.accounts.dev/npm/@clerk/ui@1/dist/ui.browser.js was preloaded using link preload but not used within a few seconds from the window's load event. Please make sure it has an appropriate `as` value and it is preloaded intentionally. @ http://localhost:3000/dashboard:0
[ 6693574ms] [WARNING] The resource https://enjoyed-mudfish-95.clerk.accounts.dev/npm/@clerk/ui@1/dist/ui.browser.js was preloaded using link preload but not used within a few seconds from the window's load event. Please make sure it has an appropriate `as` value and it is preloaded intentionally. @ http://localhost:3000/dashboard:0
[ 6737968ms] [WARNING] The resource https://enjoyed-mudfish-95.clerk.accounts.dev/npm/@clerk/ui@1/dist/ui.browser.js was preloaded using link preload but not used within a few seconds from the window's load event. Please make sure it has an appropriate `as` value and it is preloaded intentionally. @ http://localhost:3000/dashboard:0
[ 6781041ms] [WARNING] The resource https://enjoyed-mudfish-95.clerk.accounts.dev/npm/@clerk/ui@1/dist/ui.browser.js was preloaded using link preload but not used within a few seconds from the window's load event. Please make sure it has an appropriate `as` value and it is preloaded intentionally. @ http://localhost:3000/dashboard:0
[ 6823413ms] [WARNING] The resource https://enjoyed-mudfish-95.clerk.accounts.dev/npm/@clerk/ui@1/dist/ui.browser.js was preloaded using link preload but not used within a few seconds from the window's load event. Please make sure it has an appropriate `as` value and it is preloaded intentionally. @ http://localhost:3000/dashboard:0
[ 6866022ms] [WARNING] The resource https://enjoyed-mudfish-95.clerk.accounts.dev/npm/@clerk/ui@1/dist/ui.browser.js was preloaded using link preload but not used within a few seconds from the window's load event. Please make sure it has an appropriate `as` value and it is preloaded intentionally. @ http://localhost:3000/dashboard:0
[ 6909111ms] [WARNING] The resource https://enjoyed-mudfish-95.clerk.accounts.dev/npm/@clerk/ui@1/dist/ui.browser.js was preloaded using link preload but not used within a few seconds from the window's load event. Please make sure it has an appropriate `as` value and it is preloaded intentionally. @ http://localhost:3000/dashboard:0
[ 6951421ms] [WARNING] The resource https://enjoyed-mudfish-95.clerk.accounts.dev/npm/@clerk/ui@1/dist/ui.browser.js was preloaded using link preload but not used within a few seconds from the window's load event. Please make sure it has an appropriate `as` value and it is preloaded intentionally. @ http://localhost:3000/dashboard:0
[ 6994282ms] [WARNING] The resource https://enjoyed-mudfish-95.clerk.accounts.dev/npm/@clerk/ui@1/dist/ui.browser.js was preloaded using link preload but not used within a few seconds from the window's load event. Please make sure it has an appropriate `as` value and it is preloaded intentionally. @ http://localhost:3000/dashboard:0
[ 7037001ms] [WARNING] The resource https://enjoyed-mudfish-95.clerk.accounts.dev/npm/@clerk/ui@1/dist/ui.browser.js was preloaded using link preload but not used within a few seconds from the window's load event. Please make sure it has an appropriate `as` value and it is preloaded intentionally. @ http://localhost:3000/dashboard:0
[ 7080658ms] [WARNING] The resource https://enjoyed-mudfish-95.clerk.accounts.dev/npm/@clerk/ui@1/dist/ui.browser.js was preloaded using link preload but not used within a few seconds from the window's load event. Please make sure it has an appropriate `as` value and it is preloaded intentionally. @ http://localhost:3000/dashboard:0
[ 7124815ms] [WARNING] The resource https://enjoyed-mudfish-95.clerk.accounts.dev/npm/@clerk/ui@1/dist/ui.browser.js was preloaded using link preload but not used within a few seconds from the window's load event. Please make sure it has an appropriate `as` value and it is preloaded intentionally. @ http://localhost:3000/dashboard:0
[ 7168170ms] [WARNING] The resource https://enjoyed-mudfish-95.clerk.accounts.dev/npm/@clerk/ui@1/dist/ui.browser.js was preloaded using link preload but not used within a few seconds from the window's load event. Please make sure it has an appropriate `as` value and it is preloaded intentionally. @ http://localhost:3000/dashboard:0
[ 7210499ms] [WARNING] The resource https://enjoyed-mudfish-95.clerk.accounts.dev/npm/@clerk/ui@1/dist/ui.browser.js was preloaded using link preload but not used within a few seconds from the window's load event. Please make sure it has an appropriate `as` value and it is preloaded intentionally. @ http://localhost:3000/dashboard:0
[ 7253670ms] [WARNING] The resource https://enjoyed-mudfish-95.clerk.accounts.dev/npm/@clerk/ui@1/dist/ui.browser.js was preloaded using link preload but not used within a few seconds from the window's load event. Please make sure it has an appropriate `as` value and it is preloaded intentionally. @ http://localhost:3000/dashboard:0
[ 7297136ms] [WARNING] The resource https://enjoyed-mudfish-95.clerk.accounts.dev/npm/@clerk/ui@1/dist/ui.browser.js was preloaded using link preload but not used within a few seconds from the window's load event. Please make sure it has an appropriate `as` value and it is preloaded intentionally. @ http://localhost:3000/dashboard:0
[ 7340081ms] [WARNING] The resource https://enjoyed-mudfish-95.clerk.accounts.dev/npm/@clerk/ui@1/dist/ui.browser.js was preloaded using link preload but not used within a few seconds from the window's load event. Please make sure it has an appropriate `as` value and it is preloaded intentionally. @ http://localhost:3000/dashboard:0
[ 7382741ms] [WARNING] The resource https://enjoyed-mudfish-95.clerk.accounts.dev/npm/@clerk/ui@1/dist/ui.browser.js was preloaded using link preload but not used within a few seconds from the window's load event. Please make sure it has an appropriate `as` value and it is preloaded intentionally. @ http://localhost:3000/dashboard:0
[ 7427068ms] [WARNING] The resource https://enjoyed-mudfish-95.clerk.accounts.dev/npm/@clerk/ui@1/dist/ui.browser.js was preloaded using link preload but not used within a few seconds from the window's load event. Please make sure it has an appropriate `as` value and it is preloaded intentionally. @ http://localhost:3000/dashboard:0
[ 7469497ms] [WARNING] The resource https://enjoyed-mudfish-95.clerk.accounts.dev/npm/@clerk/ui@1/dist/ui.browser.js was preloaded using link preload but not used within a few seconds from the window's load event. Please make sure it has an appropriate `as` value and it is preloaded intentionally. @ http://localhost:3000/dashboard:0
[ 7512342ms] [WARNING] The resource https://enjoyed-mudfish-95.clerk.accounts.dev/npm/@clerk/ui@1/dist/ui.browser.js was preloaded using link preload but not used within a few seconds from the window's load event. Please make sure it has an appropriate `as` value and it is preloaded intentionally. @ http://localhost:3000/dashboard:0
[ 7555814ms] [WARNING] The resource https://enjoyed-mudfish-95.clerk.accounts.dev/npm/@clerk/ui@1/dist/ui.browser.js was preloaded using link preload but not used within a few seconds from the window's load event. Please make sure it has an appropriate `as` value and it is preloaded intentionally. @ http://localhost:3000/dashboard:0
[ 7599435ms] [WARNING] The resource https://enjoyed-mudfish-95.clerk.accounts.dev/npm/@clerk/ui@1/dist/ui.browser.js was preloaded using link preload but not used within a few seconds from the window's load event. Please make sure it has an appropriate `as` value and it is preloaded intentionally. @ http://localhost:3000/dashboard:0
[ 7641885ms] [WARNING] The resource https://enjoyed-mudfish-95.clerk.accounts.dev/npm/@clerk/ui@1/dist/ui.browser.js was preloaded using link preload but not used within a few seconds from the window's load event. Please make sure it has an appropriate `as` value and it is preloaded intentionally. @ http://localhost:3000/dashboard:0
[ 7684744ms] [WARNING] The resource https://enjoyed-mudfish-95.clerk.accounts.dev/npm/@clerk/ui@1/dist/ui.browser.js was preloaded using link preload but not used within a few seconds from the window's load event. Please make sure it has an appropriate `as` value and it is preloaded intentionally. @ http://localhost:3000/dashboard:0
[ 7729268ms] [WARNING] The resource https://enjoyed-mudfish-95.clerk.accounts.dev/npm/@clerk/ui@1/dist/ui.browser.js was preloaded using link preload but not used within a few seconds from the window's load event. Please make sure it has an appropriate `as` value and it is preloaded intentionally. @ http://localhost:3000/dashboard:0
[ 7772909ms] [WARNING] The resource https://enjoyed-mudfish-95.clerk.accounts.dev/npm/@clerk/ui@1/dist/ui.browser.js was preloaded using link preload but not used within a few seconds from the window's load event. Please make sure it has an appropriate `as` value and it is preloaded intentionally. @ http://localhost:3000/dashboard:0
[ 7815767ms] [WARNING] The resource https://enjoyed-mudfish-95.clerk.accounts.dev/npm/@clerk/ui@1/dist/ui.browser.js was preloaded using link preload but not used within a few seconds from the window's load event. Please make sure it has an appropriate `as` value and it is preloaded intentionally. @ http://localhost:3000/dashboard:0
[ 7859740ms] [WARNING] The resource https://enjoyed-mudfish-95.clerk.accounts.dev/npm/@clerk/ui@1/dist/ui.browser.js was preloaded using link preload but not used within a few seconds from the window's load event. Please make sure it has an appropriate `as` value and it is preloaded intentionally. @ http://localhost:3000/dashboard:0
[ 7904016ms] [WARNING] The resource https://enjoyed-mudfish-95.clerk.accounts.dev/npm/@clerk/ui@1/dist/ui.browser.js was preloaded using link preload but not used within a few seconds from the window's load event. Please make sure it has an appropriate `as` value and it is preloaded intentionally. @ http://localhost:3000/dashboard:0
[ 7946580ms] [WARNING] The resource https://enjoyed-mudfish-95.clerk.accounts.dev/npm/@clerk/ui@1/dist/ui.browser.js was preloaded using link preload but not used within a few seconds from the window's load event. Please make sure it has an appropriate `as` value and it is preloaded intentionally. @ http://localhost:3000/dashboard:0
[ 7990287ms] [WARNING] The resource https://enjoyed-mudfish-95.clerk.accounts.dev/npm/@clerk/ui@1/dist/ui.browser.js was preloaded using link preload but not used within a few seconds from the window's load event. Please make sure it has an appropriate `as` value and it is preloaded intentionally. @ http://localhost:3000/dashboard:0
[ 8033436ms] [WARNING] The resource https://enjoyed-mudfish-95.clerk.accounts.dev/npm/@clerk/ui@1/dist/ui.browser.js was preloaded using link preload but not used within a few seconds from the window's load event. Please make sure it has an appropriate `as` value and it is preloaded intentionally. @ http://localhost:3000/dashboard:0
[ 8075900ms] [WARNING] The resource https://enjoyed-mudfish-95.clerk.accounts.dev/npm/@clerk/ui@1/dist/ui.browser.js was preloaded using link preload but not used within a few seconds from the window's load event. Please make sure it has an appropriate `as` value and it is preloaded intentionally. @ http://localhost:3000/dashboard:0
[ 8118500ms] [WARNING] The resource https://enjoyed-mudfish-95.clerk.accounts.dev/npm/@clerk/ui@1/dist/ui.browser.js was preloaded using link preload but not used within a few seconds from the window's load event. Please make sure it has an appropriate `as` value and it is preloaded intentionally. @ http://localhost:3000/dashboard:0
[ 8162101ms] [WARNING] The resource https://enjoyed-mudfish-95.clerk.accounts.dev/npm/@clerk/ui@1/dist/ui.browser.js was preloaded using link preload but not used within a few seconds from the window's load event. Please make sure it has an appropriate `as` value and it is preloaded intentionally. @ http://localhost:3000/dashboard:0
[ 8205190ms] [WARNING] The resource https://enjoyed-mudfish-95.clerk.accounts.dev/npm/@clerk/ui@1/dist/ui.browser.js was preloaded using link preload but not used within a few seconds from the window's load event. Please make sure it has an appropriate `as` value and it is preloaded intentionally. @ http://localhost:3000/dashboard:0
[ 8247958ms] [WARNING] The resource https://enjoyed-mudfish-95.clerk.accounts.dev/npm/@clerk/ui@1/dist/ui.browser.js was preloaded using link preload but not used within a few seconds from the window's load event. Please make sure it has an appropriate `as` value and it is preloaded intentionally. @ http://localhost:3000/dashboard:0
[ 8290910ms] [WARNING] The resource https://enjoyed-mudfish-95.clerk.accounts.dev/npm/@clerk/ui@1/dist/ui.browser.js was preloaded using link preload but not used within a few seconds from the window's load event. Please make sure it has an appropriate `as` value and it is preloaded intentionally. @ http://localhost:3000/dashboard:0
[ 8334361ms] [WARNING] The resource https://enjoyed-mudfish-95.clerk.accounts.dev/npm/@clerk/ui@1/dist/ui.browser.js was preloaded using link preload but not used within a few seconds from the window's load event. Please make sure it has an appropriate `as` value and it is preloaded intentionally. @ http://localhost:3000/dashboard:0
[ 8376760ms] [WARNING] The resource https://enjoyed-mudfish-95.clerk.accounts.dev/npm/@clerk/ui@1/dist/ui.browser.js was preloaded using link preload but not used within a few seconds from the window's load event. Please make sure it has an appropriate `as` value and it is preloaded intentionally. @ http://localhost:3000/dashboard:0
[ 8420221ms] [WARNING] The resource https://enjoyed-mudfish-95.clerk.accounts.dev/npm/@clerk/ui@1/dist/ui.browser.js was preloaded using link preload but not used within a few seconds from the window's load event. Please make sure it has an appropriate `as` value and it is preloaded intentionally. @ http://localhost:3000/dashboard:0
[ 8462823ms] [WARNING] The resource https://enjoyed-mudfish-95.clerk.accounts.dev/npm/@clerk/ui@1/dist/ui.browser.js was preloaded using link preload but not used within a few seconds from the window's load event. Please make sure it has an appropriate `as` value and it is preloaded intentionally. @ http://localhost:3000/dashboard:0
[ 8506342ms] [WARNING] The resource https://enjoyed-mudfish-95.clerk.accounts.dev/npm/@clerk/ui@1/dist/ui.browser.js was preloaded using link preload but not used within a few seconds from the window's load event. Please make sure it has an appropriate `as` value and it is preloaded intentionally. @ http://localhost:3000/dashboard:0
[ 8549742ms] [WARNING] The resource https://enjoyed-mudfish-95.clerk.accounts.dev/npm/@clerk/ui@1/dist/ui.browser.js was preloaded using link preload but not used within a few seconds from the window's load event. Please make sure it has an appropriate `as` value and it is preloaded intentionally. @ http://localhost:3000/dashboard:0
[ 8594076ms] [WARNING] The resource https://enjoyed-mudfish-95.clerk.accounts.dev/npm/@clerk/ui@1/dist/ui.browser.js was preloaded using link preload but not used within a few seconds from the window's load event. Please make sure it has an appropriate `as` value and it is preloaded intentionally. @ http://localhost:3000/dashboard:0
[ 8637400ms] [WARNING] The resource https://enjoyed-mudfish-95.clerk.accounts.dev/npm/@clerk/ui@1/dist/ui.browser.js was preloaded using link preload but not used within a few seconds from the window's load event. Please make sure it has an appropriate `as` value and it is preloaded intentionally. @ http://localhost:3000/dashboard:0
[ 8680246ms] [WARNING] The resource https://enjoyed-mudfish-95.clerk.accounts.dev/npm/@clerk/ui@1/dist/ui.browser.js was preloaded using link preload but not used within a few seconds from the window's load event. Please make sure it has an appropriate `as` value and it is preloaded intentionally. @ http://localhost:3000/dashboard:0
[ 8722527ms] [WARNING] The resource https://enjoyed-mudfish-95.clerk.accounts.dev/npm/@clerk/ui@1/dist/ui.browser.js was preloaded using link preload but not used within a few seconds from the window's load event. Please make sure it has an appropriate `as` value and it is preloaded intentionally. @ http://localhost:3000/dashboard:0
[ 8765539ms] [WARNING] The resource https://enjoyed-mudfish-95.clerk.accounts.dev/npm/@clerk/ui@1/dist/ui.browser.js was preloaded using link preload but not used within a few seconds from the window's load event. Please make sure it has an appropriate `as` value and it is preloaded intentionally. @ http://localhost:3000/dashboard:0
[ 8810249ms] [WARNING] The resource https://enjoyed-mudfish-95.clerk.accounts.dev/npm/@clerk/ui@1/dist/ui.browser.js was preloaded using link preload but not used within a few seconds from the window's load event. Please make sure it has an appropriate `as` value and it is preloaded intentionally. @ http://localhost:3000/dashboard:0
[ 8852616ms] [WARNING] The resource https://enjoyed-mudfish-95.clerk.accounts.dev/npm/@clerk/ui@1/dist/ui.browser.js was preloaded using link preload but not used within a few seconds from the window's load event. Please make sure it has an appropriate `as` value and it is preloaded intentionally. @ http://localhost:3000/dashboard:0
[ 8896183ms] [WARNING] The resource https://enjoyed-mudfish-95.clerk.accounts.dev/npm/@clerk/ui@1/dist/ui.browser.js was preloaded using link preload but not used within a few seconds from the window's load event. Please make sure it has an appropriate `as` value and it is preloaded intentionally. @ http://localhost:3000/dashboard:0
[ 8939915ms] [WARNING] The resource https://enjoyed-mudfish-95.clerk.accounts.dev/npm/@clerk/ui@1/dist/ui.browser.js was preloaded using link preload but not used within a few seconds from the window's load event. Please make sure it has an appropriate `as` value and it is preloaded intentionally. @ http://localhost:3000/dashboard:0
[ 8982652ms] [WARNING] The resource https://enjoyed-mudfish-95.clerk.accounts.dev/npm/@clerk/ui@1/dist/ui.browser.js was preloaded using link preload but not used within a few seconds from the window's load event. Please make sure it has an appropriate `as` value and it is preloaded intentionally. @ http://localhost:3000/dashboard:0
[ 9025970ms] [WARNING] The resource https://enjoyed-mudfish-95.clerk.accounts.dev/npm/@clerk/ui@1/dist/ui.browser.js was preloaded using link preload but not used within a few seconds from the window's load event. Please make sure it has an appropriate `as` value and it is preloaded intentionally. @ http://localhost:3000/dashboard:0
[ 9068763ms] [WARNING] The resource https://enjoyed-mudfish-95.clerk.accounts.dev/npm/@clerk/ui@1/dist/ui.browser.js was preloaded using link preload but not used within a few seconds from the window's load event. Please make sure it has an appropriate `as` value and it is preloaded intentionally. @ http://localhost:3000/dashboard:0
[ 9112605ms] [WARNING] The resource https://enjoyed-mudfish-95.clerk.accounts.dev/npm/@clerk/ui@1/dist/ui.browser.js was preloaded using link preload but not used within a few seconds from the window's load event. Please make sure it has an appropriate `as` value and it is preloaded intentionally. @ http://localhost:3000/dashboard:0
[ 9157269ms] [WARNING] The resource https://enjoyed-mudfish-95.clerk.accounts.dev/npm/@clerk/ui@1/dist/ui.browser.js was preloaded using link preload but not used within a few seconds from the window's load event. Please make sure it has an appropriate `as` value and it is preloaded intentionally. @ http://localhost:3000/dashboard:0
[ 9199578ms] [WARNING] The resource https://enjoyed-mudfish-95.clerk.accounts.dev/npm/@clerk/ui@1/dist/ui.browser.js was preloaded using link preload but not used within a few seconds from the window's load event. Please make sure it has an appropriate `as` value and it is preloaded intentionally. @ http://localhost:3000/dashboard:0
[ 9243485ms] [WARNING] The resource https://enjoyed-mudfish-95.clerk.accounts.dev/npm/@clerk/ui@1/dist/ui.browser.js was preloaded using link preload but not used within a few seconds from the window's load event. Please make sure it has an appropriate `as` value and it is preloaded intentionally. @ http://localhost:3000/dashboard:0
[ 9286160ms] [WARNING] The resource https://enjoyed-mudfish-95.clerk.accounts.dev/npm/@clerk/ui@1/dist/ui.browser.js was preloaded using link preload but not used within a few seconds from the window's load event. Please make sure it has an appropriate `as` value and it is preloaded intentionally. @ http://localhost:3000/dashboard:0
[ 9328961ms] [WARNING] The resource https://enjoyed-mudfish-95.clerk.accounts.dev/npm/@clerk/ui@1/dist/ui.browser.js was preloaded using link preload but not used within a few seconds from the window's load event. Please make sure it has an appropriate `as` value and it is preloaded intentionally. @ http://localhost:3000/dashboard:0
[ 9372213ms] [WARNING] The resource https://enjoyed-mudfish-95.clerk.accounts.dev/npm/@clerk/ui@1/dist/ui.browser.js was preloaded using link preload but not used within a few seconds from the window's load event. Please make sure it has an appropriate `as` value and it is preloaded intentionally. @ http://localhost:3000/dashboard:0
[ 9415589ms] [WARNING] The resource https://enjoyed-mudfish-95.clerk.accounts.dev/npm/@clerk/ui@1/dist/ui.browser.js was preloaded using link preload but not used within a few seconds from the window's load event. Please make sure it has an appropriate `as` value and it is preloaded intentionally. @ http://localhost:3000/dashboard:0
[ 9459888ms] [WARNING] The resource https://enjoyed-mudfish-95.clerk.accounts.dev/npm/@clerk/ui@1/dist/ui.browser.js was preloaded using link preload but not used within a few seconds from the window's load event. Please make sure it has an appropriate `as` value and it is preloaded intentionally. @ http://localhost:3000/dashboard:0
[ 9502957ms] [WARNING] The resource https://enjoyed-mudfish-95.clerk.accounts.dev/npm/@clerk/ui@1/dist/ui.browser.js was preloaded using link preload but not used within a few seconds from the window's load event. Please make sure it has an appropriate `as` value and it is preloaded intentionally. @ http://localhost:3000/dashboard:0
[ 9545530ms] [WARNING] The resource https://enjoyed-mudfish-95.clerk.accounts.dev/npm/@clerk/ui@1/dist/ui.browser.js was preloaded using link preload but not used within a few seconds from the window's load event. Please make sure it has an appropriate `as` value and it is preloaded intentionally. @ http://localhost:3000/dashboard:0
[ 9589784ms] [WARNING] The resource https://enjoyed-mudfish-95.clerk.accounts.dev/npm/@clerk/ui@1/dist/ui.browser.js was preloaded using link preload but not used within a few seconds from the window's load event. Please make sure it has an appropriate `as` value and it is preloaded intentionally. @ http://localhost:3000/dashboard:0
[ 9633440ms] [WARNING] The resource https://enjoyed-mudfish-95.clerk.accounts.dev/npm/@clerk/ui@1/dist/ui.browser.js was preloaded using link preload but not used within a few seconds from the window's load event. Please make sure it has an appropriate `as` value and it is preloaded intentionally. @ http://localhost:3000/dashboard:0
[ 9676140ms] [WARNING] The resource https://enjoyed-mudfish-95.clerk.accounts.dev/npm/@clerk/ui@1/dist/ui.browser.js was preloaded using link preload but not used within a few seconds from the window's load event. Please make sure it has an appropriate `as` value and it is preloaded intentionally. @ http://localhost:3000/dashboard:0
[ 9719714ms] [WARNING] The resource https://enjoyed-mudfish-95.clerk.accounts.dev/npm/@clerk/ui@1/dist/ui.browser.js was preloaded using link preload but not used within a few seconds from the window's load event. Please make sure it has an appropriate `as` value and it is preloaded intentionally. @ http://localhost:3000/dashboard:0
[ 9764455ms] [WARNING] The resource https://enjoyed-mudfish-95.clerk.accounts.dev/npm/@clerk/ui@1/dist/ui.browser.js was preloaded using link preload but not used within a few seconds from the window's load event. Please make sure it has an appropriate `as` value and it is preloaded intentionally. @ http://localhost:3000/dashboard:0
[ 9807145ms] [WARNING] The resource https://enjoyed-mudfish-95.clerk.accounts.dev/npm/@clerk/ui@1/dist/ui.browser.js was preloaded using link preload but not used within a few seconds from the window's load event. Please make sure it has an appropriate `as` value and it is preloaded intentionally. @ http://localhost:3000/dashboard:0
[ 9850753ms] [WARNING] The resource https://enjoyed-mudfish-95.clerk.accounts.dev/npm/@clerk/ui@1/dist/ui.browser.js was preloaded using link preload but not used within a few seconds from the window's load event. Please make sure it has an appropriate `as` value and it is preloaded intentionally. @ http://localhost:3000/dashboard:0
[ 9894062ms] [WARNING] The resource https://enjoyed-mudfish-95.clerk.accounts.dev/npm/@clerk/ui@1/dist/ui.browser.js was preloaded using link preload but not used within a few seconds from the window's load event. Please make sure it has an appropriate `as` value and it is preloaded intentionally. @ http://localhost:3000/dashboard:0
[ 9936362ms] [WARNING] The resource https://enjoyed-mudfish-95.clerk.accounts.dev/npm/@clerk/ui@1/dist/ui.browser.js was preloaded using link preload but not used within a few seconds from the window's load event. Please make sure it has an appropriate `as` value and it is preloaded intentionally. @ http://localhost:3000/dashboard:0
[ 9978978ms] [WARNING] The resource https://enjoyed-mudfish-95.clerk.accounts.dev/npm/@clerk/ui@1/dist/ui.browser.js was preloaded using link preload but not used within a few seconds from the window's load event. Please make sure it has an appropriate `as` value and it is preloaded intentionally. @ http://localhost:3000/dashboard:0
[10022167ms] [WARNING] The resource https://enjoyed-mudfish-95.clerk.accounts.dev/npm/@clerk/ui@1/dist/ui.browser.js was preloaded using link preload but not used within a few seconds from the window's load event. Please make sure it has an appropriate `as` value and it is preloaded intentionally. @ http://localhost:3000/dashboard:0
[10065545ms] [WARNING] The resource https://enjoyed-mudfish-95.clerk.accounts.dev/npm/@clerk/ui@1/dist/ui.browser.js was preloaded using link preload but not used within a few seconds from the window's load event. Please make sure it has an appropriate `as` value and it is preloaded intentionally. @ http://localhost:3000/dashboard:0
[10109535ms] [WARNING] The resource https://enjoyed-mudfish-95.clerk.accounts.dev/npm/@clerk/ui@1/dist/ui.browser.js was preloaded using link preload but not used within a few seconds from the window's load event. Please make sure it has an appropriate `as` value and it is preloaded intentionally. @ http://localhost:3000/dashboard:0
[10153857ms] [WARNING] The resource https://enjoyed-mudfish-95.clerk.accounts.dev/npm/@clerk/ui@1/dist/ui.browser.js was preloaded using link preload but not used within a few seconds from the window's load event. Please make sure it has an appropriate `as` value and it is preloaded intentionally. @ http://localhost:3000/dashboard:0
[10198532ms] [WARNING] The resource https://enjoyed-mudfish-95.clerk.accounts.dev/npm/@clerk/ui@1/dist/ui.browser.js was preloaded using link preload but not used within a few seconds from the window's load event. Please make sure it has an appropriate `as` value and it is preloaded intentionally. @ http://localhost:3000/dashboard:0
[10241905ms] [WARNING] The resource https://enjoyed-mudfish-95.clerk.accounts.dev/npm/@clerk/ui@1/dist/ui.browser.js was preloaded using link preload but not used within a few seconds from the window's load event. Please make sure it has an appropriate `as` value and it is preloaded intentionally. @ http://localhost:3000/dashboard:0
[10264792ms] [LOG] [Fast Refresh] rebuilding @ http://localhost:3000/_next/static/chunks/node_modules_next_dist_1ybzpk2._.js:2477
[10264810ms] [LOG] [Fast Refresh] done in 128ms @ http://localhost:3000/_next/static/chunks/node_modules_next_dist_1ybzpk2._.js:2477
[10284311ms] [WARNING] The resource https://enjoyed-mudfish-95.clerk.accounts.dev/npm/@clerk/ui@1/dist/ui.browser.js was preloaded using link preload but not used within a few seconds from the window's load event. Please make sure it has an appropriate `as` value and it is preloaded intentionally. @ http://localhost:3000/dashboard:0
[10327195ms] [WARNING] The resource https://enjoyed-mudfish-95.clerk.accounts.dev/npm/@clerk/ui@1/dist/ui.browser.js was preloaded using link preload but not used within a few seconds from the window's load event. Please make sure it has an appropriate `as` value and it is preloaded intentionally. @ http://localhost:3000/dashboard:0
[10370518ms] [WARNING] The resource https://enjoyed-mudfish-95.clerk.accounts.dev/npm/@clerk/ui@1/dist/ui.browser.js was preloaded using link preload but not used within a few seconds from the window's load event. Please make sure it has an appropriate `as` value and it is preloaded intentionally. @ http://localhost:3000/dashboard:0
[10414253ms] [WARNING] The resource https://enjoyed-mudfish-95.clerk.accounts.dev/npm/@clerk/ui@1/dist/ui.browser.js was preloaded using link preload but not used within a few seconds from the window's load event. Please make sure it has an appropriate `as` value and it is preloaded intentionally. @ http://localhost:3000/dashboard:0
[10436525ms] [LOG] [Fast Refresh] rebuilding @ http://localhost:3000/_next/static/chunks/node_modules_next_dist_1ybzpk2._.js:2477
[10436599ms] [LOG] [Fast Refresh] done in 188ms @ http://localhost:3000/_next/static/chunks/node_modules_next_dist_1ybzpk2._.js:2477
[10437563ms] [LOG] [Fast Refresh] rebuilding @ http://localhost:3000/_next/static/chunks/node_modules_next_dist_1ybzpk2._.js:2477
[10437600ms] [LOG] [Fast Refresh] done in 145ms @ http://localhost:3000/_next/static/chunks/node_modules_next_dist_1ybzpk2._.js:2477
[10437703ms] [LOG] [Fast Refresh] rebuilding @ http://localhost:3000/_next/static/chunks/node_modules_next_dist_1ybzpk2._.js:2477
[10437841ms] [LOG] [Fast Refresh] done in 240ms @ http://localhost:3000/_next/static/chunks/node_modules_next_dist_1ybzpk2._.js:2477
[10440948ms] [WARNING] The resource https://enjoyed-mudfish-95.clerk.accounts.dev/npm/@clerk/ui@1/dist/ui.browser.js was preloaded using link preload but not used within a few seconds from the window's load event. Please make sure it has an appropriate `as` value and it is preloaded intentionally. @ http://localhost:3000/dashboard:0
[10451171ms] [LOG] [Fast Refresh] rebuilding @ http://localhost:3000/_next/static/chunks/node_modules_next_dist_1ybzpk2._.js:2477
[10451407ms] [LOG] [Fast Refresh] done in 342ms @ http://localhost:3000/_next/static/chunks/node_modules_next_dist_1ybzpk2._.js:2477
[10451713ms] [LOG] [Fast Refresh] rebuilding @ http://localhost:3000/_next/static/chunks/node_modules_next_dist_1ybzpk2._.js:2477
[10451766ms] [LOG] [Fast Refresh] done in 154ms @ http://localhost:3000/_next/static/chunks/node_modules_next_dist_1ybzpk2._.js:2477
[10451963ms] [LOG] [Fast Refresh] rebuilding @ http://localhost:3000/_next/static/chunks/node_modules_next_dist_1ybzpk2._.js:2477
[10452143ms] [LOG] [Fast Refresh] done in 282ms @ http://localhost:3000/_next/static/chunks/node_modules_next_dist_1ybzpk2._.js:2477
[10457652ms] [WARNING] The resource https://enjoyed-mudfish-95.clerk.accounts.dev/npm/@clerk/ui@1/dist/ui.browser.js was preloaded using link preload but not used within a few seconds from the window's load event. Please make sure it has an appropriate `as` value and it is preloaded intentionally. @ http://localhost:3000/dashboard:0
[10502152ms] [WARNING] The resource https://enjoyed-mudfish-95.clerk.accounts.dev/npm/@clerk/ui@1/dist/ui.browser.js was preloaded using link preload but not used within a few seconds from the window's load event. Please make sure it has an appropriate `as` value and it is preloaded intentionally. @ http://localhost:3000/dashboard:0
[10513150ms] [LOG] [Fast Refresh] rebuilding @ http://localhost:3000/_next/static/chunks/node_modules_next_dist_1ybzpk2._.js:2477
[10513169ms] [LOG] [Fast Refresh] done in 120ms @ http://localhost:3000/_next/static/chunks/node_modules_next_dist_1ybzpk2._.js:2477
[10515371ms] [LOG] [Fast Refresh] rebuilding @ http://localhost:3000/_next/static/chunks/node_modules_next_dist_1ybzpk2._.js:2477
[10515437ms] [LOG] [Fast Refresh] done in 171ms @ http://localhost:3000/_next/static/chunks/node_modules_next_dist_1ybzpk2._.js:2477
[10545083ms] [WARNING] The resource https://enjoyed-mudfish-95.clerk.accounts.dev/npm/@clerk/ui@1/dist/ui.browser.js was preloaded using link preload but not used within a few seconds from the window's load event. Please make sure it has an appropriate `as` value and it is preloaded intentionally. @ http://localhost:3000/dashboard:0
[10559192ms] [LOG] [Fast Refresh] rebuilding @ http://localhost:3000/_next/static/chunks/node_modules_next_dist_1ybzpk2._.js:2477
[10559471ms] [LOG] [Fast Refresh] done in 382ms @ http://localhost:3000/_next/static/chunks/node_modules_next_dist_1ybzpk2._.js:2477
[10559647ms] [LOG] [Fast Refresh] rebuilding @ http://localhost:3000/_next/static/chunks/node_modules_next_dist_1ybzpk2._.js:2477
[10560181ms] [LOG] [Fast Refresh] done in 645ms @ http://localhost:3000/_next/static/chunks/node_modules_next_dist_1ybzpk2._.js:2477
[10560392ms] [LOG] [Fast Refresh] rebuilding @ http://localhost:3000/_next/static/chunks/node_modules_next_dist_1ybzpk2._.js:2477
[10560962ms] [LOG] [Fast Refresh] done in 676ms @ http://localhost:3000/_next/static/chunks/node_modules_next_dist_1ybzpk2._.js:2477
[10563706ms] [WARNING] The resource https://enjoyed-mudfish-95.clerk.accounts.dev/npm/@clerk/ui@1/dist/ui.browser.js was preloaded using link preload but not used within a few seconds from the window's load event. Please make sure it has an appropriate `as` value and it is preloaded intentionally. @ http://localhost:3000/dashboard:0
[10587821ms] [WARNING] The resource https://enjoyed-mudfish-95.clerk.accounts.dev/npm/@clerk/ui@1/dist/ui.browser.js was preloaded using link preload but not used within a few seconds from the window's load event. Please make sure it has an appropriate `as` value and it is preloaded intentionally. @ http://localhost:3000/dashboard:0
[10614743ms] [ERROR] WebSocket connection to 'ws://localhost:3000/_next/webpack-hmr?id=ic_xQJ2_jnvf34-8_vZpx' failed: Error in connection establishment: net::ERR_CONNECTION_REFUSED @ http://localhost:3000/_next/static/chunks/node_modules_next_dist_client_0r5nbpw._.js:13422
[10617077ms] [LOG] [HMR] connected @ http://localhost:3000/_next/static/chunks/node_modules_next_dist_1ybzpk2._.js:2477
[10618839ms] [INFO] %cDownload the React DevTools for a better development experience: https://react.dev/link/react-devtools font-weight:bold @ http://localhost:3000/_next/static/chunks/node_modules_next_dist_1ybzpk2._.js:2477
[10618866ms] [LOG] [HMR] connected @ http://localhost:3000/_next/static/chunks/node_modules_next_dist_1ybzpk2._.js:2477
[10618967ms] [LOG] %c[Vercel Web Analytics]%c Debug mode is enabled by default in development. No requests will be sent to the server. color: rgb(120, 120, 120) color: inherit @ http://localhost:3000/_next/static/chunks/node_modules_next_dist_1ybzpk2._.js:2477
[10618968ms] [LOG] %c[Vercel Web Analytics]%c Running queued event color: rgb(120, 120, 120) color: inherit pageview {route: /dashboard, path: /dashboard} @ http://localhost:3000/_next/static/chunks/node_modules_next_dist_1ybzpk2._.js:2477
[10618968ms] [LOG] %c[Vercel Web Analytics]%c [view] http://localhost:3000/dashboard color: rgb(120, 120, 120) color: inherit {o: http://localhost:3000/dashboard, sv: 0.1.3, sdkn: @vercel/analytics/next, sdkv: 2.0.1, ts: 1785012744098} /_vercel/insights/view @ http://localhost:3000/_next/static/chunks/node_modules_next_dist_1ybzpk2._.js:2477
[10618974ms] [LOG] %c[Vercel Speed Insights]%c Debug mode is enabled by default in development. No requests will be sent to the server. color: rgb(120, 120, 120) color: inherit @ http://localhost:3000/_next/static/chunks/node_modules_next_dist_1ybzpk2._.js:2477
[10619318ms] [WARNING] Clerk: Clerk has been loaded with development keys. Development instances have strict usage limits and should not be used when deploying your application to production. Learn more: https://clerk.com/docs/deployments/overview @ http://localhost:3000/_next/static/chunks/node_modules_next_dist_1ybzpk2._.js:2477
[10619690ms] [LOG] [Fast Refresh] rebuilding @ http://localhost:3000/_next/static/chunks/node_modules_next_dist_1ybzpk2._.js:2477
[10619914ms] [LOG] [Fast Refresh] done in 330ms @ http://localhost:3000/_next/static/chunks/node_modules_next_dist_1ybzpk2._.js:2477
[10621409ms] [WARNING] Image with src "http://localhost:3000/logo.svg" has either width or height modified, but not the other. If you use CSS to change the size of your image, also include the styles 'width: "auto"' or 'height: "auto"' to maintain the aspect ratio. @ http://localhost:3000/_next/static/chunks/node_modules_next_dist_1ybzpk2._.js:2477
[10624411ms] [WARNING] The resource https://enjoyed-mudfish-95.clerk.accounts.dev/npm/@clerk/ui@1/dist/ui.browser.js was preloaded using link preload but not used within a few seconds from the window's load event. Please make sure it has an appropriate `as` value and it is preloaded intentionally. @ http://localhost:3000/dashboard:0
[10663623ms] [ERROR] Failed to load resource: the server responded with a status of 404 () @ https://enjoyed-mudfish-95.clerk.accounts.dev/v1/client/sessions/sess_3H0PlNdGYXsNNo7jBsc4GiG80a3/tokens?__clerk_api_version=2026-05-12&_clerk_js_version=6.25.3&__clerk_db_jwt=dvb_3Gsa7ShVowpRNt5tqllBx9GGcDK:0
[10666633ms] [WARNING] The resource https://enjoyed-mudfish-95.clerk.accounts.dev/npm/@clerk/ui@1/dist/ui.browser.js was preloaded using link preload but not used within a few seconds from the window's load event. Please make sure it has an appropriate `as` value and it is preloaded intentionally. @ http://localhost:3000/dashboard:0
[10675213ms] [ERROR] Failed to load resource: the server responded with a status of 404 () @ https://enjoyed-mudfish-95.clerk.accounts.dev/v1/client/sessions/sess_3H0PlNdGYXsNNo7jBsc4GiG80a3/tokens?__clerk_api_version=2026-05-12&_clerk_js_version=6.25.3&__clerk_db_jwt=dvb_3Gsa7ShVowpRNt5tqllBx9GGcDK:0
[10678218ms] [WARNING] The resource https://enjoyed-mudfish-95.clerk.accounts.dev/npm/@clerk/ui@1/dist/ui.browser.js was preloaded using link preload but not used within a few seconds from the window's load event. Please make sure it has an appropriate `as` value and it is preloaded intentionally. @ http://localhost:3000/dashboard:0
[10681906ms] [ERROR] Failed to load resource: the server responded with a status of 404 () @ https://enjoyed-mudfish-95.clerk.accounts.dev/v1/client/sessions/sess_3H0PlNdGYXsNNo7jBsc4GiG80a3/tokens?__clerk_api_version=2026-05-12&_clerk_js_version=6.25.3&__clerk_db_jwt=dvb_3Gsa7ShVowpRNt5tqllBx9GGcDK:0
[10684918ms] [WARNING] The resource https://enjoyed-mudfish-95.clerk.accounts.dev/npm/@clerk/ui@1/dist/ui.browser.js was preloaded using link preload but not used within a few seconds from the window's load event. Please make sure it has an appropriate `as` value and it is preloaded intentionally. @ http://localhost:3000/dashboard:0
[10687411ms] [ERROR] Failed to load resource: the server responded with a status of 404 () @ https://enjoyed-mudfish-95.clerk.accounts.dev/v1/client/sessions/sess_3H0PlNdGYXsNNo7jBsc4GiG80a3/tokens?__clerk_api_version=2026-05-12&_clerk_js_version=6.25.3&__clerk_db_jwt=dvb_3Gsa7ShVowpRNt5tqllBx9GGcDK:0
[10690412ms] [WARNING] The resource https://enjoyed-mudfish-95.clerk.accounts.dev/npm/@clerk/ui@1/dist/ui.browser.js was preloaded using link preload but not used within a few seconds from the window's load event. Please make sure it has an appropriate `as` value and it is preloaded intentionally. @ http://localhost:3000/dashboard:0
[10693424ms] [ERROR] Failed to load resource: the server responded with a status of 404 () @ https://enjoyed-mudfish-95.clerk.accounts.dev/v1/client/sessions/sess_3H0PlNdGYXsNNo7jBsc4GiG80a3/tokens?__clerk_api_version=2026-05-12&_clerk_js_version=6.25.3&__clerk_db_jwt=dvb_3Gsa7ShVowpRNt5tqllBx9GGcDK:0
[10696439ms] [WARNING] The resource https://enjoyed-mudfish-95.clerk.accounts.dev/npm/@clerk/ui@1/dist/ui.browser.js was preloaded using link preload but not used within a few seconds from the window's load event. Please make sure it has an appropriate `as` value and it is preloaded intentionally. @ http://localhost:3000/dashboard:0
[10699874ms] [ERROR] Failed to load resource: the server responded with a status of 404 () @ https://enjoyed-mudfish-95.clerk.accounts.dev/v1/client/sessions/sess_3H0PlNdGYXsNNo7jBsc4GiG80a3/tokens?__clerk_api_version=2026-05-12&_clerk_js_version=6.25.3&__clerk_db_jwt=dvb_3Gsa7ShVowpRNt5tqllBx9GGcDK:0
[10702883ms] [WARNING] The resource https://enjoyed-mudfish-95.clerk.accounts.dev/npm/@clerk/ui@1/dist/ui.browser.js was preloaded using link preload but not used within a few seconds from the window's load event. Please make sure it has an appropriate `as` value and it is preloaded intentionally. @ http://localhost:3000/dashboard:0
[10705302ms] [ERROR] Failed to load resource: the server responded with a status of 404 () @ https://enjoyed-mudfish-95.clerk.accounts.dev/v1/client/sessions/sess_3H0PlNdGYXsNNo7jBsc4GiG80a3/tokens?__clerk_api_version=2026-05-12&_clerk_js_version=6.25.3&__clerk_db_jwt=dvb_3Gsa7ShVowpRNt5tqllBx9GGcDK:0
[10708317ms] [WARNING] The resource https://enjoyed-mudfish-95.clerk.accounts.dev/npm/@clerk/ui@1/dist/ui.browser.js was preloaded using link preload but not used within a few seconds from the window's load event. Please make sure it has an appropriate `as` value and it is preloaded intentionally. @ http://localhost:3000/dashboard:0
[10710622ms] [ERROR] Failed to load resource: the server responded with a status of 404 () @ https://enjoyed-mudfish-95.clerk.accounts.dev/v1/client/sessions/sess_3H0PlNdGYXsNNo7jBsc4GiG80a3/tokens?__clerk_api_version=2026-05-12&_clerk_js_version=6.25.3&__clerk_db_jwt=dvb_3Gsa7ShVowpRNt5tqllBx9GGcDK:0
[10713637ms] [WARNING] The resource https://enjoyed-mudfish-95.clerk.accounts.dev/npm/@clerk/ui@1/dist/ui.browser.js was preloaded using link preload but not used within a few seconds from the window's load event. Please make sure it has an appropriate `as` value and it is preloaded intentionally. @ http://localhost:3000/dashboard:0
[10716427ms] [ERROR] Failed to load resource: the server responded with a status of 404 () @ https://enjoyed-mudfish-95.clerk.accounts.dev/v1/client/sessions/sess_3H0PlNdGYXsNNo7jBsc4GiG80a3/tokens?__clerk_api_version=2026-05-12&_clerk_js_version=6.25.3&__clerk_db_jwt=dvb_3Gsa7ShVowpRNt5tqllBx9GGcDK:0
[10719430ms] [WARNING] The resource https://enjoyed-mudfish-95.clerk.accounts.dev/npm/@clerk/ui@1/dist/ui.browser.js was preloaded using link preload but not used within a few seconds from the window's load event. Please make sure it has an appropriate `as` value and it is preloaded intentionally. @ http://localhost:3000/dashboard:0
[10722257ms] [ERROR] Failed to load resource: the server responded with a status of 404 () @ https://enjoyed-mudfish-95.clerk.accounts.dev/v1/client/sessions/sess_3H0PlNdGYXsNNo7jBsc4GiG80a3/tokens?__clerk_api_version=2026-05-12&_clerk_js_version=6.25.3&__clerk_db_jwt=dvb_3Gsa7ShVowpRNt5tqllBx9GGcDK:0
[10725270ms] [WARNING] The resource https://enjoyed-mudfish-95.clerk.accounts.dev/npm/@clerk/ui@1/dist/ui.browser.js was preloaded using link preload but not used within a few seconds from the window's load event. Please make sure it has an appropriate `as` value and it is preloaded intentionally. @ http://localhost:3000/dashboard:0
[10727968ms] [ERROR] Failed to load resource: the server responded with a status of 404 () @ https://enjoyed-mudfish-95.clerk.accounts.dev/v1/client/sessions/sess_3H0PlNdGYXsNNo7jBsc4GiG80a3/tokens?__clerk_api_version=2026-05-12&_clerk_js_version=6.25.3&__clerk_db_jwt=dvb_3Gsa7ShVowpRNt5tqllBx9GGcDK:0
[10730981ms] [WARNING] The resource https://enjoyed-mudfish-95.clerk.accounts.dev/npm/@clerk/ui@1/dist/ui.browser.js was preloaded using link preload but not used within a few seconds from the window's load event. Please make sure it has an appropriate `as` value and it is preloaded intentionally. @ http://localhost:3000/dashboard:0
[10734455ms] [ERROR] Failed to load resource: the server responded with a status of 404 () @ https://enjoyed-mudfish-95.clerk.accounts.dev/v1/client/sessions/sess_3H0PlNdGYXsNNo7jBsc4GiG80a3/tokens?__clerk_api_version=2026-05-12&_clerk_js_version=6.25.3&__clerk_db_jwt=dvb_3Gsa7ShVowpRNt5tqllBx9GGcDK:0
[10737464ms] [WARNING] The resource https://enjoyed-mudfish-95.clerk.accounts.dev/npm/@clerk/ui@1/dist/ui.browser.js was preloaded using link preload but not used within a few seconds from the window's load event. Please make sure it has an appropriate `as` value and it is preloaded intentionally. @ http://localhost:3000/dashboard:0
[10740910ms] [ERROR] Failed to load resource: the server responded with a status of 404 () @ https://enjoyed-mudfish-95.clerk.accounts.dev/v1/client/sessions/sess_3H0PlNdGYXsNNo7jBsc4GiG80a3/tokens?__clerk_api_version=2026-05-12&_clerk_js_version=6.25.3&__clerk_db_jwt=dvb_3Gsa7ShVowpRNt5tqllBx9GGcDK:0
[10743954ms] [WARNING] The resource https://enjoyed-mudfish-95.clerk.accounts.dev/npm/@clerk/ui@1/dist/ui.browser.js was preloaded using link preload but not used within a few seconds from the window's load event. Please make sure it has an appropriate `as` value and it is preloaded intentionally. @ http://localhost:3000/dashboard:0
[10746870ms] [ERROR] Failed to load resource: the server responded with a status of 404 () @ https://enjoyed-mudfish-95.clerk.accounts.dev/v1/client/sessions/sess_3H0PlNdGYXsNNo7jBsc4GiG80a3/tokens?__clerk_api_version=2026-05-12&_clerk_js_version=6.25.3&__clerk_db_jwt=dvb_3Gsa7ShVowpRNt5tqllBx9GGcDK:0
[10749885ms] [WARNING] The resource https://enjoyed-mudfish-95.clerk.accounts.dev/npm/@clerk/ui@1/dist/ui.browser.js was preloaded using link preload but not used within a few seconds from the window's load event. Please make sure it has an appropriate `as` value and it is preloaded intentionally. @ http://localhost:3000/dashboard:0
[10752498ms] [ERROR] Failed to load resource: the server responded with a status of 404 () @ https://enjoyed-mudfish-95.clerk.accounts.dev/v1/client/sessions/sess_3H0PlNdGYXsNNo7jBsc4GiG80a3/tokens?__clerk_api_version=2026-05-12&_clerk_js_version=6.25.3&__clerk_db_jwt=dvb_3Gsa7ShVowpRNt5tqllBx9GGcDK:0
[10755511ms] [WARNING] The resource https://enjoyed-mudfish-95.clerk.accounts.dev/npm/@clerk/ui@1/dist/ui.browser.js was preloaded using link preload but not used within a few seconds from the window's load event. Please make sure it has an appropriate `as` value and it is preloaded intentionally. @ http://localhost:3000/dashboard:0
[10758719ms] [ERROR] Failed to load resource: the server responded with a status of 404 () @ https://enjoyed-mudfish-95.clerk.accounts.dev/v1/client/sessions/sess_3H0PlNdGYXsNNo7jBsc4GiG80a3/tokens?__clerk_api_version=2026-05-12&_clerk_js_version=6.25.3&__clerk_db_jwt=dvb_3Gsa7ShVowpRNt5tqllBx9GGcDK:0
[10761729ms] [WARNING] The resource https://enjoyed-mudfish-95.clerk.accounts.dev/npm/@clerk/ui@1/dist/ui.browser.js was preloaded using link preload but not used within a few seconds from the window's load event. Please make sure it has an appropriate `as` value and it is preloaded intentionally. @ http://localhost:3000/dashboard:0
[10764113ms] [ERROR] Failed to load resource: the server responded with a status of 404 () @ https://enjoyed-mudfish-95.clerk.accounts.dev/v1/client/sessions/sess_3H0PlNdGYXsNNo7jBsc4GiG80a3/tokens?__clerk_api_version=2026-05-12&_clerk_js_version=6.25.3&__clerk_db_jwt=dvb_3Gsa7ShVowpRNt5tqllBx9GGcDK:0
[10767125ms] [WARNING] The resource https://enjoyed-mudfish-95.clerk.accounts.dev/npm/@clerk/ui@1/dist/ui.browser.js was preloaded using link preload but not used within a few seconds from the window's load event. Please make sure it has an appropriate `as` value and it is preloaded intentionally. @ http://localhost:3000/dashboard:0
[10770612ms] [ERROR] Failed to load resource: the server responded with a status of 404 () @ https://enjoyed-mudfish-95.clerk.accounts.dev/v1/client/sessions/sess_3H0PlNdGYXsNNo7jBsc4GiG80a3/tokens?__clerk_api_version=2026-05-12&_clerk_js_version=6.25.3&__clerk_db_jwt=dvb_3Gsa7ShVowpRNt5tqllBx9GGcDK:0
[10773617ms] [WARNING] The resource https://enjoyed-mudfish-95.clerk.accounts.dev/npm/@clerk/ui@1/dist/ui.browser.js was preloaded using link preload but not used within a few seconds from the window's load event. Please make sure it has an appropriate `as` value and it is preloaded intentionally. @ http://localhost:3000/dashboard:0
[10777099ms] [ERROR] Failed to load resource: the server responded with a status of 404 () @ https://enjoyed-mudfish-95.clerk.accounts.dev/v1/client/sessions/sess_3H0PlNdGYXsNNo7jBsc4GiG80a3/tokens?__clerk_api_version=2026-05-12&_clerk_js_version=6.25.3&__clerk_db_jwt=dvb_3Gsa7ShVowpRNt5tqllBx9GGcDK:0
[10780101ms] [WARNING] The resource https://enjoyed-mudfish-95.clerk.accounts.dev/npm/@clerk/ui@1/dist/ui.browser.js was preloaded using link preload but not used within a few seconds from the window's load event. Please make sure it has an appropriate `as` value and it is preloaded intentionally. @ http://localhost:3000/dashboard:0
[10782415ms] [ERROR] Failed to load resource: the server responded with a status of 404 () @ https://enjoyed-mudfish-95.clerk.accounts.dev/v1/client/sessions/sess_3H0PlNdGYXsNNo7jBsc4GiG80a3/tokens?__clerk_api_version=2026-05-12&_clerk_js_version=6.25.3&__clerk_db_jwt=dvb_3Gsa7ShVowpRNt5tqllBx9GGcDK:0
[10785431ms] [WARNING] The resource https://enjoyed-mudfish-95.clerk.accounts.dev/npm/@clerk/ui@1/dist/ui.browser.js was preloaded using link preload but not used within a few seconds from the window's load event. Please make sure it has an appropriate `as` value and it is preloaded intentionally. @ http://localhost:3000/dashboard:0
[10788648ms] [ERROR] Failed to load resource: the server responded with a status of 404 () @ https://enjoyed-mudfish-95.clerk.accounts.dev/v1/client/sessions/sess_3H0PlNdGYXsNNo7jBsc4GiG80a3/tokens?__clerk_api_version=2026-05-12&_clerk_js_version=6.25.3&__clerk_db_jwt=dvb_3Gsa7ShVowpRNt5tqllBx9GGcDK:0
[10791657ms] [WARNING] The resource https://enjoyed-mudfish-95.clerk.accounts.dev/npm/@clerk/ui@1/dist/ui.browser.js was preloaded using link preload but not used within a few seconds from the window's load event. Please make sure it has an appropriate `as` value and it is preloaded intentionally. @ http://localhost:3000/dashboard:0
[10795096ms] [ERROR] Failed to load resource: the server responded with a status of 404 () @ https://enjoyed-mudfish-95.clerk.accounts.dev/v1/client/sessions/sess_3H0PlNdGYXsNNo7jBsc4GiG80a3/tokens?__clerk_api_version=2026-05-12&_clerk_js_version=6.25.3&__clerk_db_jwt=dvb_3Gsa7ShVowpRNt5tqllBx9GGcDK:0
[10798097ms] [WARNING] The resource https://enjoyed-mudfish-95.clerk.accounts.dev/npm/@clerk/ui@1/dist/ui.browser.js was preloaded using link preload but not used within a few seconds from the window's load event. Please make sure it has an appropriate `as` value and it is preloaded intentionally. @ http://localhost:3000/dashboard:0
[10801772ms] [ERROR] Failed to load resource: the server responded with a status of 404 () @ https://enjoyed-mudfish-95.clerk.accounts.dev/v1/client/sessions/sess_3H0PlNdGYXsNNo7jBsc4GiG80a3/tokens?__clerk_api_version=2026-05-12&_clerk_js_version=6.25.3&__clerk_db_jwt=dvb_3Gsa7ShVowpRNt5tqllBx9GGcDK:0
[10804781ms] [WARNING] The resource https://enjoyed-mudfish-95.clerk.accounts.dev/npm/@clerk/ui@1/dist/ui.browser.js was preloaded using link preload but not used within a few seconds from the window's load event. Please make sure it has an appropriate `as` value and it is preloaded intentionally. @ http://localhost:3000/dashboard:0
[10807733ms] [ERROR] Failed to load resource: the server responded with a status of 404 () @ https://enjoyed-mudfish-95.clerk.accounts.dev/v1/client/sessions/sess_3H0PlNdGYXsNNo7jBsc4GiG80a3/tokens?__clerk_api_version=2026-05-12&_clerk_js_version=6.25.3&__clerk_db_jwt=dvb_3Gsa7ShVowpRNt5tqllBx9GGcDK:0
[10810750ms] [WARNING] The resource https://enjoyed-mudfish-95.clerk.accounts.dev/npm/@clerk/ui@1/dist/ui.browser.js was preloaded using link preload but not used within a few seconds from the window's load event. Please make sure it has an appropriate `as` value and it is preloaded intentionally. @ http://localhost:3000/dashboard:0
[10813840ms] [ERROR] Failed to load resource: the server responded with a status of 404 () @ https://enjoyed-mudfish-95.clerk.accounts.dev/v1/client/sessions/sess_3H0PlNdGYXsNNo7jBsc4GiG80a3/tokens?__clerk_api_version=2026-05-12&_clerk_js_version=6.25.3&__clerk_db_jwt=dvb_3Gsa7ShVowpRNt5tqllBx9GGcDK:0
[10816852ms] [WARNING] The resource https://enjoyed-mudfish-95.clerk.accounts.dev/npm/@clerk/ui@1/dist/ui.browser.js was preloaded using link preload but not used within a few seconds from the window's load event. Please make sure it has an appropriate `as` value and it is preloaded intentionally. @ http://localhost:3000/dashboard:0
[10819087ms] [ERROR] Failed to load resource: the server responded with a status of 404 () @ https://enjoyed-mudfish-95.clerk.accounts.dev/v1/client/sessions/sess_3H0PlNdGYXsNNo7jBsc4GiG80a3/tokens?__clerk_api_version=2026-05-12&_clerk_js_version=6.25.3&__clerk_db_jwt=dvb_3Gsa7ShVowpRNt5tqllBx9GGcDK:0
[10822101ms] [WARNING] The resource https://enjoyed-mudfish-95.clerk.accounts.dev/npm/@clerk/ui@1/dist/ui.browser.js was preloaded using link preload but not used within a few seconds from the window's load event. Please make sure it has an appropriate `as` value and it is preloaded intentionally. @ http://localhost:3000/dashboard:0
[10824787ms] [ERROR] Failed to load resource: the server responded with a status of 404 () @ https://enjoyed-mudfish-95.clerk.accounts.dev/v1/client/sessions/sess_3H0PlNdGYXsNNo7jBsc4GiG80a3/tokens?__clerk_api_version=2026-05-12&_clerk_js_version=6.25.3&__clerk_db_jwt=dvb_3Gsa7ShVowpRNt5tqllBx9GGcDK:0
[10827797ms] [WARNING] The resource https://enjoyed-mudfish-95.clerk.accounts.dev/npm/@clerk/ui@1/dist/ui.browser.js was preloaded using link preload but not used within a few seconds from the window's load event. Please make sure it has an appropriate `as` value and it is preloaded intentionally. @ http://localhost:3000/dashboard:0
[10830477ms] [ERROR] Failed to load resource: the server responded with a status of 404 () @ https://enjoyed-mudfish-95.clerk.accounts.dev/v1/client/sessions/sess_3H0PlNdGYXsNNo7jBsc4GiG80a3/tokens?__clerk_api_version=2026-05-12&_clerk_js_version=6.25.3&__clerk_db_jwt=dvb_3Gsa7ShVowpRNt5tqllBx9GGcDK:0
[10833481ms] [WARNING] The resource https://enjoyed-mudfish-95.clerk.accounts.dev/npm/@clerk/ui@1/dist/ui.browser.js was preloaded using link preload but not used within a few seconds from the window's load event. Please make sure it has an appropriate `as` value and it is preloaded intentionally. @ http://localhost:3000/dashboard:0
[10836253ms] [ERROR] Failed to load resource: the server responded with a status of 404 () @ https://enjoyed-mudfish-95.clerk.accounts.dev/v1/client/sessions/sess_3H0PlNdGYXsNNo7jBsc4GiG80a3/tokens?__clerk_api_version=2026-05-12&_clerk_js_version=6.25.3&__clerk_db_jwt=dvb_3Gsa7ShVowpRNt5tqllBx9GGcDK:0
[10839261ms] [WARNING] The resource https://enjoyed-mudfish-95.clerk.accounts.dev/npm/@clerk/ui@1/dist/ui.browser.js was preloaded using link preload but not used within a few seconds from the window's load event. Please make sure it has an appropriate `as` value and it is preloaded intentionally. @ http://localhost:3000/dashboard:0
[10842557ms] [ERROR] Failed to load resource: the server responded with a status of 404 () @ https://enjoyed-mudfish-95.clerk.accounts.dev/v1/client/sessions/sess_3H0PlNdGYXsNNo7jBsc4GiG80a3/tokens?__clerk_api_version=2026-05-12&_clerk_js_version=6.25.3&__clerk_db_jwt=dvb_3Gsa7ShVowpRNt5tqllBx9GGcDK:0
[10845572ms] [WARNING] The resource https://enjoyed-mudfish-95.clerk.accounts.dev/npm/@clerk/ui@1/dist/ui.browser.js was preloaded using link preload but not used within a few seconds from the window's load event. Please make sure it has an appropriate `as` value and it is preloaded intentionally. @ http://localhost:3000/dashboard:0
[10848404ms] [ERROR] Failed to load resource: the server responded with a status of 404 () @ https://enjoyed-mudfish-95.clerk.accounts.dev/v1/client/sessions/sess_3H0PlNdGYXsNNo7jBsc4GiG80a3/tokens?__clerk_api_version=2026-05-12&_clerk_js_version=6.25.3&__clerk_db_jwt=dvb_3Gsa7ShVowpRNt5tqllBx9GGcDK:0
[10851409ms] [WARNING] The resource https://enjoyed-mudfish-95.clerk.accounts.dev/npm/@clerk/ui@1/dist/ui.browser.js was preloaded using link preload but not used within a few seconds from the window's load event. Please make sure it has an appropriate `as` value and it is preloaded intentionally. @ http://localhost:3000/dashboard:0
[10854633ms] [ERROR] Failed to load resource: the server responded with a status of 404 () @ https://enjoyed-mudfish-95.clerk.accounts.dev/v1/client/sessions/sess_3H0PlNdGYXsNNo7jBsc4GiG80a3/tokens?__clerk_api_version=2026-05-12&_clerk_js_version=6.25.3&__clerk_db_jwt=dvb_3Gsa7ShVowpRNt5tqllBx9GGcDK:0
[10857634ms] [WARNING] The resource https://enjoyed-mudfish-95.clerk.accounts.dev/npm/@clerk/ui@1/dist/ui.browser.js was preloaded using link preload but not used within a few seconds from the window's load event. Please make sure it has an appropriate `as` value and it is preloaded intentionally. @ http://localhost:3000/dashboard:0
[10860019ms] [ERROR] Failed to load resource: the server responded with a status of 404 () @ https://enjoyed-mudfish-95.clerk.accounts.dev/v1/client/sessions/sess_3H0PlNdGYXsNNo7jBsc4GiG80a3/tokens?__clerk_api_version=2026-05-12&_clerk_js_version=6.25.3&__clerk_db_jwt=dvb_3Gsa7ShVowpRNt5tqllBx9GGcDK:0
[10863030ms] [WARNING] The resource https://enjoyed-mudfish-95.clerk.accounts.dev/npm/@clerk/ui@1/dist/ui.browser.js was preloaded using link preload but not used within a few seconds from the window's load event. Please make sure it has an appropriate `as` value and it is preloaded intentionally. @ http://localhost:3000/dashboard:0
[10865309ms] [ERROR] Failed to load resource: the server responded with a status of 404 () @ https://enjoyed-mudfish-95.clerk.accounts.dev/v1/client/sessions/sess_3H0PlNdGYXsNNo7jBsc4GiG80a3/tokens?__clerk_api_version=2026-05-12&_clerk_js_version=6.25.3&__clerk_db_jwt=dvb_3Gsa7ShVowpRNt5tqllBx9GGcDK:0
[10868320ms] [WARNING] The resource https://enjoyed-mudfish-95.clerk.accounts.dev/npm/@clerk/ui@1/dist/ui.browser.js was preloaded using link preload but not used within a few seconds from the window's load event. Please make sure it has an appropriate `as` value and it is preloaded intentionally. @ http://localhost:3000/dashboard:0
[10871048ms] [ERROR] Failed to load resource: the server responded with a status of 404 () @ https://enjoyed-mudfish-95.clerk.accounts.dev/v1/client/sessions/sess_3H0PlNdGYXsNNo7jBsc4GiG80a3/tokens?__clerk_api_version=2026-05-12&_clerk_js_version=6.25.3&__clerk_db_jwt=dvb_3Gsa7ShVowpRNt5tqllBx9GGcDK:0
[10874063ms] [WARNING] The resource https://enjoyed-mudfish-95.clerk.accounts.dev/npm/@clerk/ui@1/dist/ui.browser.js was preloaded using link preload but not used within a few seconds from the window's load event. Please make sure it has an appropriate `as` value and it is preloaded intentionally. @ http://localhost:3000/dashboard:0
[10876638ms] [ERROR] Failed to load resource: the server responded with a status of 404 () @ https://enjoyed-mudfish-95.clerk.accounts.dev/v1/client/sessions/sess_3H0PlNdGYXsNNo7jBsc4GiG80a3/tokens?__clerk_api_version=2026-05-12&_clerk_js_version=6.25.3&__clerk_db_jwt=dvb_3Gsa7ShVowpRNt5tqllBx9GGcDK:0
[10879642ms] [WARNING] The resource https://enjoyed-mudfish-95.clerk.accounts.dev/npm/@clerk/ui@1/dist/ui.browser.js was preloaded using link preload but not used within a few seconds from the window's load event. Please make sure it has an appropriate `as` value and it is preloaded intentionally. @ http://localhost:3000/dashboard:0
[10883265ms] [ERROR] Failed to load resource: the server responded with a status of 404 () @ https://enjoyed-mudfish-95.clerk.accounts.dev/v1/client/sessions/sess_3H0PlNdGYXsNNo7jBsc4GiG80a3/tokens?__clerk_api_version=2026-05-12&_clerk_js_version=6.25.3&__clerk_db_jwt=dvb_3Gsa7ShVowpRNt5tqllBx9GGcDK:0
[10886272ms] [WARNING] The resource https://enjoyed-mudfish-95.clerk.accounts.dev/npm/@clerk/ui@1/dist/ui.browser.js was preloaded using link preload but not used within a few seconds from the window's load event. Please make sure it has an appropriate `as` value and it is preloaded intentionally. @ http://localhost:3000/dashboard:0
[10888928ms] [ERROR] Failed to load resource: the server responded with a status of 404 () @ https://enjoyed-mudfish-95.clerk.accounts.dev/v1/client/sessions/sess_3H0PlNdGYXsNNo7jBsc4GiG80a3/tokens?__clerk_api_version=2026-05-12&_clerk_js_version=6.25.3&__clerk_db_jwt=dvb_3Gsa7ShVowpRNt5tqllBx9GGcDK:0
[10891930ms] [WARNING] The resource https://enjoyed-mudfish-95.clerk.accounts.dev/npm/@clerk/ui@1/dist/ui.browser.js was preloaded using link preload but not used within a few seconds from the window's load event. Please make sure it has an appropriate `as` value and it is preloaded intentionally. @ http://localhost:3000/dashboard:0
[10892056ms] [LOG] [Fast Refresh] rebuilding @ http://localhost:3000/_next/static/chunks/node_modules_next_dist_1ybzpk2._.js:2477
[10892089ms] [LOG] [Fast Refresh] done in 133ms @ http://localhost:3000/_next/static/chunks/node_modules_next_dist_1ybzpk2._.js:2477
[10893275ms] [LOG] [Fast Refresh] rebuilding @ http://localhost:3000/_next/static/chunks/node_modules_next_dist_1ybzpk2._.js:2477
[10893275ms] [LOG] [Fast Refresh] done in 105ms @ http://localhost:3000/_next/static/chunks/node_modules_next_dist_1ybzpk2._.js:2477
[10894552ms] [ERROR] Failed to load resource: the server responded with a status of 404 () @ https://enjoyed-mudfish-95.clerk.accounts.dev/v1/client/sessions/sess_3H0PlNdGYXsNNo7jBsc4GiG80a3/tokens?__clerk_api_version=2026-05-12&_clerk_js_version=6.25.3&__clerk_db_jwt=dvb_3Gsa7ShVowpRNt5tqllBx9GGcDK:0
[10897561ms] [WARNING] The resource https://enjoyed-mudfish-95.clerk.accounts.dev/npm/@clerk/ui@1/dist/ui.browser.js was preloaded using link preload but not used within a few seconds from the window's load event. Please make sure it has an appropriate `as` value and it is preloaded intentionally. @ http://localhost:3000/dashboard:0
[10899901ms] [ERROR] Failed to load resource: the server responded with a status of 404 () @ https://enjoyed-mudfish-95.clerk.accounts.dev/v1/client/sessions/sess_3H0PlNdGYXsNNo7jBsc4GiG80a3/tokens?__clerk_api_version=2026-05-12&_clerk_js_version=6.25.3&__clerk_db_jwt=dvb_3Gsa7ShVowpRNt5tqllBx9GGcDK:0
[10902914ms] [WARNING] The resource https://enjoyed-mudfish-95.clerk.accounts.dev/npm/@clerk/ui@1/dist/ui.browser.js was preloaded using link preload but not used within a few seconds from the window's load event. Please make sure it has an appropriate `as` value and it is preloaded intentionally. @ http://localhost:3000/dashboard:0
[10905270ms] [ERROR] Failed to load resource: the server responded with a status of 404 () @ https://enjoyed-mudfish-95.clerk.accounts.dev/v1/client/sessions/sess_3H0PlNdGYXsNNo7jBsc4GiG80a3/tokens?__clerk_api_version=2026-05-12&_clerk_js_version=6.25.3&__clerk_db_jwt=dvb_3Gsa7ShVowpRNt5tqllBx9GGcDK:0
[10908284ms] [WARNING] The resource https://enjoyed-mudfish-95.clerk.accounts.dev/npm/@clerk/ui@1/dist/ui.browser.js was preloaded using link preload but not used within a few seconds from the window's load event. Please make sure it has an appropriate `as` value and it is preloaded intentionally. @ http://localhost:3000/dashboard:0
[10910628ms] [ERROR] Failed to load resource: the server responded with a status of 404 () @ https://enjoyed-mudfish-95.clerk.accounts.dev/v1/client/sessions/sess_3H0PlNdGYXsNNo7jBsc4GiG80a3/tokens?__clerk_api_version=2026-05-12&_clerk_js_version=6.25.3&__clerk_db_jwt=dvb_3Gsa7ShVowpRNt5tqllBx9GGcDK:0
[10913631ms] [WARNING] The resource https://enjoyed-mudfish-95.clerk.accounts.dev/npm/@clerk/ui@1/dist/ui.browser.js was preloaded using link preload but not used within a few seconds from the window's load event. Please make sure it has an appropriate `as` value and it is preloaded intentionally. @ http://localhost:3000/dashboard:0
[10916182ms] [LOG] [Fast Refresh] rebuilding @ http://localhost:3000/_next/static/chunks/node_modules_next_dist_1ybzpk2._.js:2477
[10916236ms] [LOG] [Fast Refresh] done in 161ms @ http://localhost:3000/_next/static/chunks/node_modules_next_dist_1ybzpk2._.js:2477
[10917013ms] [ERROR] Failed to load resource: the server responded with a status of 404 () @ https://enjoyed-mudfish-95.clerk.accounts.dev/v1/client/sessions/sess_3H0PlNdGYXsNNo7jBsc4GiG80a3/tokens?__clerk_api_version=2026-05-12&_clerk_js_version=6.25.3&__clerk_db_jwt=dvb_3Gsa7ShVowpRNt5tqllBx9GGcDK:0
[10920024ms] [WARNING] The resource https://enjoyed-mudfish-95.clerk.accounts.dev/npm/@clerk/ui@1/dist/ui.browser.js was preloaded using link preload but not used within a few seconds from the window's load event. Please make sure it has an appropriate `as` value and it is preloaded intentionally. @ http://localhost:3000/dashboard:0
[10922667ms] [ERROR] Failed to load resource: the server responded with a status of 404 () @ https://enjoyed-mudfish-95.clerk.accounts.dev/v1/client/sessions/sess_3H0PlNdGYXsNNo7jBsc4GiG80a3/tokens?__clerk_api_version=2026-05-12&_clerk_js_version=6.25.3&__clerk_db_jwt=dvb_3Gsa7ShVowpRNt5tqllBx9GGcDK:0
[10925670ms] [WARNING] The resource https://enjoyed-mudfish-95.clerk.accounts.dev/npm/@clerk/ui@1/dist/ui.browser.js was preloaded using link preload but not used within a few seconds from the window's load event. Please make sure it has an appropriate `as` value and it is preloaded intentionally. @ http://localhost:3000/dashboard:0
[10928640ms] [ERROR] Failed to load resource: the server responded with a status of 404 () @ https://enjoyed-mudfish-95.clerk.accounts.dev/v1/client/sessions/sess_3H0PlNdGYXsNNo7jBsc4GiG80a3/tokens?__clerk_api_version=2026-05-12&_clerk_js_version=6.25.3&__clerk_db_jwt=dvb_3Gsa7ShVowpRNt5tqllBx9GGcDK:0
[10931653ms] [WARNING] The resource https://enjoyed-mudfish-95.clerk.accounts.dev/npm/@clerk/ui@1/dist/ui.browser.js was preloaded using link preload but not used within a few seconds from the window's load event. Please make sure it has an appropriate `as` value and it is preloaded intentionally. @ http://localhost:3000/dashboard:0
[10934648ms] [ERROR] Failed to load resource: the server responded with a status of 404 () @ https://enjoyed-mudfish-95.clerk.accounts.dev/v1/client/sessions/sess_3H0PlNdGYXsNNo7jBsc4GiG80a3/tokens?__clerk_api_version=2026-05-12&_clerk_js_version=6.25.3&__clerk_db_jwt=dvb_3Gsa7ShVowpRNt5tqllBx9GGcDK:0
[10937654ms] [WARNING] The resource https://enjoyed-mudfish-95.clerk.accounts.dev/npm/@clerk/ui@1/dist/ui.browser.js was preloaded using link preload but not used within a few seconds from the window's load event. Please make sure it has an appropriate `as` value and it is preloaded intentionally. @ http://localhost:3000/dashboard:0
[10941370ms] [ERROR] Failed to load resource: the server responded with a status of 404 () @ https://enjoyed-mudfish-95.clerk.accounts.dev/v1/client/sessions/sess_3H0PlNdGYXsNNo7jBsc4GiG80a3/tokens?__clerk_api_version=2026-05-12&_clerk_js_version=6.25.3&__clerk_db_jwt=dvb_3Gsa7ShVowpRNt5tqllBx9GGcDK:0
[10944380ms] [WARNING] The resource https://enjoyed-mudfish-95.clerk.accounts.dev/npm/@clerk/ui@1/dist/ui.browser.js was preloaded using link preload but not used within a few seconds from the window's load event. Please make sure it has an appropriate `as` value and it is preloaded intentionally. @ http://localhost:3000/dashboard:0
[10946625ms] [ERROR] Failed to load resource: the server responded with a status of 404 () @ https://enjoyed-mudfish-95.clerk.accounts.dev/v1/client/sessions/sess_3H0PlNdGYXsNNo7jBsc4GiG80a3/tokens?__clerk_api_version=2026-05-12&_clerk_js_version=6.25.3&__clerk_db_jwt=dvb_3Gsa7ShVowpRNt5tqllBx9GGcDK:0
[10949642ms] [WARNING] The resource https://enjoyed-mudfish-95.clerk.accounts.dev/npm/@clerk/ui@1/dist/ui.browser.js was preloaded using link preload but not used within a few seconds from the window's load event. Please make sure it has an appropriate `as` value and it is preloaded intentionally. @ http://localhost:3000/dashboard:0
[10953163ms] [ERROR] Failed to load resource: the server responded with a status of 404 () @ https://enjoyed-mudfish-95.clerk.accounts.dev/v1/client/sessions/sess_3H0PlNdGYXsNNo7jBsc4GiG80a3/tokens?__clerk_api_version=2026-05-12&_clerk_js_version=6.25.3&__clerk_db_jwt=dvb_3Gsa7ShVowpRNt5tqllBx9GGcDK:0
[10956175ms] [WARNING] The resource https://enjoyed-mudfish-95.clerk.accounts.dev/npm/@clerk/ui@1/dist/ui.browser.js was preloaded using link preload but not used within a few seconds from the window's load event. Please make sure it has an appropriate `as` value and it is preloaded intentionally. @ http://localhost:3000/dashboard:0
[10959190ms] [ERROR] Failed to load resource: the server responded with a status of 404 () @ https://enjoyed-mudfish-95.clerk.accounts.dev/v1/client/sessions/sess_3H0PlNdGYXsNNo7jBsc4GiG80a3/tokens?__clerk_api_version=2026-05-12&_clerk_js_version=6.25.3&__clerk_db_jwt=dvb_3Gsa7ShVowpRNt5tqllBx9GGcDK:0
[10962202ms] [WARNING] The resource https://enjoyed-mudfish-95.clerk.accounts.dev/npm/@clerk/ui@1/dist/ui.browser.js was preloaded using link preload but not used within a few seconds from the window's load event. Please make sure it has an appropriate `as` value and it is preloaded intentionally. @ http://localhost:3000/dashboard:0
[10965414ms] [ERROR] Failed to load resource: the server responded with a status of 404 () @ https://enjoyed-mudfish-95.clerk.accounts.dev/v1/client/sessions/sess_3H0PlNdGYXsNNo7jBsc4GiG80a3/tokens?__clerk_api_version=2026-05-12&_clerk_js_version=6.25.3&__clerk_db_jwt=dvb_3Gsa7ShVowpRNt5tqllBx9GGcDK:0
[10968416ms] [WARNING] The resource https://enjoyed-mudfish-95.clerk.accounts.dev/npm/@clerk/ui@1/dist/ui.browser.js was preloaded using link preload but not used within a few seconds from the window's load event. Please make sure it has an appropriate `as` value and it is preloaded intentionally. @ http://localhost:3000/dashboard:0
[10971188ms] [ERROR] Failed to load resource: the server responded with a status of 404 () @ https://enjoyed-mudfish-95.clerk.accounts.dev/v1/client/sessions/sess_3H0PlNdGYXsNNo7jBsc4GiG80a3/tokens?__clerk_api_version=2026-05-12&_clerk_js_version=6.25.3&__clerk_db_jwt=dvb_3Gsa7ShVowpRNt5tqllBx9GGcDK:0
[10974202ms] [WARNING] The resource https://enjoyed-mudfish-95.clerk.accounts.dev/npm/@clerk/ui@1/dist/ui.browser.js was preloaded using link preload but not used within a few seconds from the window's load event. Please make sure it has an appropriate `as` value and it is preloaded intentionally. @ http://localhost:3000/dashboard:0
[10977600ms] [ERROR] Failed to load resource: the server responded with a status of 404 () @ https://enjoyed-mudfish-95.clerk.accounts.dev/v1/client/sessions/sess_3H0PlNdGYXsNNo7jBsc4GiG80a3/tokens?__clerk_api_version=2026-05-12&_clerk_js_version=6.25.3&__clerk_db_jwt=dvb_3Gsa7ShVowpRNt5tqllBx9GGcDK:0
[10980604ms] [WARNING] The resource https://enjoyed-mudfish-95.clerk.accounts.dev/npm/@clerk/ui@1/dist/ui.browser.js was preloaded using link preload but not used within a few seconds from the window's load event. Please make sure it has an appropriate `as` value and it is preloaded intentionally. @ http://localhost:3000/dashboard:0
[10984232ms] [ERROR] Failed to load resource: the server responded with a status of 404 () @ https://enjoyed-mudfish-95.clerk.accounts.dev/v1/client/sessions/sess_3H0PlNdGYXsNNo7jBsc4GiG80a3/tokens?__clerk_api_version=2026-05-12&_clerk_js_version=6.25.3&__clerk_db_jwt=dvb_3Gsa7ShVowpRNt5tqllBx9GGcDK:0
[10987247ms] [WARNING] The resource https://enjoyed-mudfish-95.clerk.accounts.dev/npm/@clerk/ui@1/dist/ui.browser.js was preloaded using link preload but not used within a few seconds from the window's load event. Please make sure it has an appropriate `as` value and it is preloaded intentionally. @ http://localhost:3000/dashboard:0
[10990215ms] [ERROR] Failed to load resource: the server responded with a status of 404 () @ https://enjoyed-mudfish-95.clerk.accounts.dev/v1/client/sessions/sess_3H0PlNdGYXsNNo7jBsc4GiG80a3/tokens?__clerk_api_version=2026-05-12&_clerk_js_version=6.25.3&__clerk_db_jwt=dvb_3Gsa7ShVowpRNt5tqllBx9GGcDK:0
[10993221ms] [WARNING] The resource https://enjoyed-mudfish-95.clerk.accounts.dev/npm/@clerk/ui@1/dist/ui.browser.js was preloaded using link preload but not used within a few seconds from the window's load event. Please make sure it has an appropriate `as` value and it is preloaded intentionally. @ http://localhost:3000/dashboard:0
[10995479ms] [ERROR] Failed to load resource: the server responded with a status of 404 () @ https://enjoyed-mudfish-95.clerk.accounts.dev/v1/client/sessions/sess_3H0PlNdGYXsNNo7jBsc4GiG80a3/tokens?__clerk_api_version=2026-05-12&_clerk_js_version=6.25.3&__clerk_db_jwt=dvb_3Gsa7ShVowpRNt5tqllBx9GGcDK:0
[10998484ms] [WARNING] The resource https://enjoyed-mudfish-95.clerk.accounts.dev/npm/@clerk/ui@1/dist/ui.browser.js was preloaded using link preload but not used within a few seconds from the window's load event. Please make sure it has an appropriate `as` value and it is preloaded intentionally. @ http://localhost:3000/dashboard:0
[11002038ms] [ERROR] Failed to load resource: the server responded with a status of 404 () @ https://enjoyed-mudfish-95.clerk.accounts.dev/v1/client/sessions/sess_3H0PlNdGYXsNNo7jBsc4GiG80a3/tokens?__clerk_api_version=2026-05-12&_clerk_js_version=6.25.3&__clerk_db_jwt=dvb_3Gsa7ShVowpRNt5tqllBx9GGcDK:0
[11005044ms] [WARNING] The resource https://enjoyed-mudfish-95.clerk.accounts.dev/npm/@clerk/ui@1/dist/ui.browser.js was preloaded using link preload but not used within a few seconds from the window's load event. Please make sure it has an appropriate `as` value and it is preloaded intentionally. @ http://localhost:3000/dashboard:0
[11008548ms] [ERROR] Failed to load resource: the server responded with a status of 404 () @ https://enjoyed-mudfish-95.clerk.accounts.dev/v1/client/sessions/sess_3H0PlNdGYXsNNo7jBsc4GiG80a3/tokens?__clerk_api_version=2026-05-12&_clerk_js_version=6.25.3&__clerk_db_jwt=dvb_3Gsa7ShVowpRNt5tqllBx9GGcDK:0
[11011551ms] [WARNING] The resource https://enjoyed-mudfish-95.clerk.accounts.dev/npm/@clerk/ui@1/dist/ui.browser.js was preloaded using link preload but not used within a few seconds from the window's load event. Please make sure it has an appropriate `as` value and it is preloaded intentionally. @ http://localhost:3000/dashboard:0
[11014226ms] [ERROR] Failed to load resource: the server responded with a status of 404 () @ https://enjoyed-mudfish-95.clerk.accounts.dev/v1/client/sessions/sess_3H0PlNdGYXsNNo7jBsc4GiG80a3/tokens?__clerk_api_version=2026-05-12&_clerk_js_version=6.25.3&__clerk_db_jwt=dvb_3Gsa7ShVowpRNt5tqllBx9GGcDK:0
[11017242ms] [WARNING] The resource https://enjoyed-mudfish-95.clerk.accounts.dev/npm/@clerk/ui@1/dist/ui.browser.js was preloaded using link preload but not used within a few seconds from the window's load event. Please make sure it has an appropriate `as` value and it is preloaded intentionally. @ http://localhost:3000/dashboard:0
[11020442ms] [ERROR] Failed to load resource: the server responded with a status of 404 () @ https://enjoyed-mudfish-95.clerk.accounts.dev/v1/client/sessions/sess_3H0PlNdGYXsNNo7jBsc4GiG80a3/tokens?__clerk_api_version=2026-05-12&_clerk_js_version=6.25.3&__clerk_db_jwt=dvb_3Gsa7ShVowpRNt5tqllBx9GGcDK:0
[11023450ms] [WARNING] The resource https://enjoyed-mudfish-95.clerk.accounts.dev/npm/@clerk/ui@1/dist/ui.browser.js was preloaded using link preload but not used within a few seconds from the window's load event. Please make sure it has an appropriate `as` value and it is preloaded intentionally. @ http://localhost:3000/dashboard:0
[11025830ms] [ERROR] Failed to load resource: the server responded with a status of 404 () @ https://enjoyed-mudfish-95.clerk.accounts.dev/v1/client/sessions/sess_3H0PlNdGYXsNNo7jBsc4GiG80a3/tokens?__clerk_api_version=2026-05-12&_clerk_js_version=6.25.3&__clerk_db_jwt=dvb_3Gsa7ShVowpRNt5tqllBx9GGcDK:0
[11028834ms] [WARNING] The resource https://enjoyed-mudfish-95.clerk.accounts.dev/npm/@clerk/ui@1/dist/ui.browser.js was preloaded using link preload but not used within a few seconds from the window's load event. Please make sure it has an appropriate `as` value and it is preloaded intentionally. @ http://localhost:3000/dashboard:0
[11032017ms] [ERROR] Failed to load resource: the server responded with a status of 404 () @ https://enjoyed-mudfish-95.clerk.accounts.dev/v1/client/sessions/sess_3H0PlNdGYXsNNo7jBsc4GiG80a3/tokens?__clerk_api_version=2026-05-12&_clerk_js_version=6.25.3&__clerk_db_jwt=dvb_3Gsa7ShVowpRNt5tqllBx9GGcDK:0
[11035025ms] [WARNING] The resource https://enjoyed-mudfish-95.clerk.accounts.dev/npm/@clerk/ui@1/dist/ui.browser.js was preloaded using link preload but not used within a few seconds from the window's load event. Please make sure it has an appropriate `as` value and it is preloaded intentionally. @ http://localhost:3000/dashboard:0
[11038025ms] [ERROR] Failed to load resource: the server responded with a status of 404 () @ https://enjoyed-mudfish-95.clerk.accounts.dev/v1/client/sessions/sess_3H0PlNdGYXsNNo7jBsc4GiG80a3/tokens?__clerk_api_version=2026-05-12&_clerk_js_version=6.25.3&__clerk_db_jwt=dvb_3Gsa7ShVowpRNt5tqllBx9GGcDK:0
[11041038ms] [WARNING] The resource https://enjoyed-mudfish-95.clerk.accounts.dev/npm/@clerk/ui@1/dist/ui.browser.js was preloaded using link preload but not used within a few seconds from the window's load event. Please make sure it has an appropriate `as` value and it is preloaded intentionally. @ http://localhost:3000/dashboard:0
[11044019ms] [ERROR] Failed to load resource: the server responded with a status of 404 () @ https://enjoyed-mudfish-95.clerk.accounts.dev/v1/client/sessions/sess_3H0PlNdGYXsNNo7jBsc4GiG80a3/tokens?__clerk_api_version=2026-05-12&_clerk_js_version=6.25.3&__clerk_db_jwt=dvb_3Gsa7ShVowpRNt5tqllBx9GGcDK:0
[11047025ms] [WARNING] The resource https://enjoyed-mudfish-95.clerk.accounts.dev/npm/@clerk/ui@1/dist/ui.browser.js was preloaded using link preload but not used within a few seconds from the window's load event. Please make sure it has an appropriate `as` value and it is preloaded intentionally. @ http://localhost:3000/dashboard:0
[11050295ms] [ERROR] Failed to load resource: the server responded with a status of 404 () @ https://enjoyed-mudfish-95.clerk.accounts.dev/v1/client/sessions/sess_3H0PlNdGYXsNNo7jBsc4GiG80a3/tokens?__clerk_api_version=2026-05-12&_clerk_js_version=6.25.3&__clerk_db_jwt=dvb_3Gsa7ShVowpRNt5tqllBx9GGcDK:0
[11053298ms] [WARNING] The resource https://enjoyed-mudfish-95.clerk.accounts.dev/npm/@clerk/ui@1/dist/ui.browser.js was preloaded using link preload but not used within a few seconds from the window's load event. Please make sure it has an appropriate `as` value and it is preloaded intentionally. @ http://localhost:3000/dashboard:0
[11055688ms] [ERROR] Failed to load resource: the server responded with a status of 404 () @ https://enjoyed-mudfish-95.clerk.accounts.dev/v1/client/sessions/sess_3H0PlNdGYXsNNo7jBsc4GiG80a3/tokens?__clerk_api_version=2026-05-12&_clerk_js_version=6.25.3&__clerk_db_jwt=dvb_3Gsa7ShVowpRNt5tqllBx9GGcDK:0
[11058704ms] [WARNING] The resource https://enjoyed-mudfish-95.clerk.accounts.dev/npm/@clerk/ui@1/dist/ui.browser.js was preloaded using link preload but not used within a few seconds from the window's load event. Please make sure it has an appropriate `as` value and it is preloaded intentionally. @ http://localhost:3000/dashboard:0
[11061869ms] [ERROR] Failed to load resource: the server responded with a status of 404 () @ https://enjoyed-mudfish-95.clerk.accounts.dev/v1/client/sessions/sess_3H0PlNdGYXsNNo7jBsc4GiG80a3/tokens?__clerk_api_version=2026-05-12&_clerk_js_version=6.25.3&__clerk_db_jwt=dvb_3Gsa7ShVowpRNt5tqllBx9GGcDK:0
[11064874ms] [WARNING] The resource https://enjoyed-mudfish-95.clerk.accounts.dev/npm/@clerk/ui@1/dist/ui.browser.js was preloaded using link preload but not used within a few seconds from the window's load event. Please make sure it has an appropriate `as` value and it is preloaded intentionally. @ http://localhost:3000/dashboard:0
[11067833ms] [ERROR] Failed to load resource: the server responded with a status of 404 () @ https://enjoyed-mudfish-95.clerk.accounts.dev/v1/client/sessions/sess_3H0PlNdGYXsNNo7jBsc4GiG80a3/tokens?__clerk_api_version=2026-05-12&_clerk_js_version=6.25.3&__clerk_db_jwt=dvb_3Gsa7ShVowpRNt5tqllBx9GGcDK:0
[11070843ms] [WARNING] The resource https://enjoyed-mudfish-95.clerk.accounts.dev/npm/@clerk/ui@1/dist/ui.browser.js was preloaded using link preload but not used within a few seconds from the window's load event. Please make sure it has an appropriate `as` value and it is preloaded intentionally. @ http://localhost:3000/dashboard:0
[11073180ms] [ERROR] Failed to load resource: the server responded with a status of 404 () @ https://enjoyed-mudfish-95.clerk.accounts.dev/v1/client/sessions/sess_3H0PlNdGYXsNNo7jBsc4GiG80a3/tokens?__clerk_api_version=2026-05-12&_clerk_js_version=6.25.3&__clerk_db_jwt=dvb_3Gsa7ShVowpRNt5tqllBx9GGcDK:0
[11076187ms] [WARNING] The resource https://enjoyed-mudfish-95.clerk.accounts.dev/npm/@clerk/ui@1/dist/ui.browser.js was preloaded using link preload but not used within a few seconds from the window's load event. Please make sure it has an appropriate `as` value and it is preloaded intentionally. @ http://localhost:3000/dashboard:0
[11078492ms] [ERROR] Failed to load resource: the server responded with a status of 404 () @ https://enjoyed-mudfish-95.clerk.accounts.dev/v1/client/sessions/sess_3H0PlNdGYXsNNo7jBsc4GiG80a3/tokens?__clerk_api_version=2026-05-12&_clerk_js_version=6.25.3&__clerk_db_jwt=dvb_3Gsa7ShVowpRNt5tqllBx9GGcDK:0
[11081501ms] [WARNING] The resource https://enjoyed-mudfish-95.clerk.accounts.dev/npm/@clerk/ui@1/dist/ui.browser.js was preloaded using link preload but not used within a few seconds from the window's load event. Please make sure it has an appropriate `as` value and it is preloaded intentionally. @ http://localhost:3000/dashboard:0
[11083916ms] [ERROR] Failed to load resource: the server responded with a status of 404 () @ https://enjoyed-mudfish-95.clerk.accounts.dev/v1/client/sessions/sess_3H0PlNdGYXsNNo7jBsc4GiG80a3/tokens?__clerk_api_version=2026-05-12&_clerk_js_version=6.25.3&__clerk_db_jwt=dvb_3Gsa7ShVowpRNt5tqllBx9GGcDK:0
[11086918ms] [WARNING] The resource https://enjoyed-mudfish-95.clerk.accounts.dev/npm/@clerk/ui@1/dist/ui.browser.js was preloaded using link preload but not used within a few seconds from the window's load event. Please make sure it has an appropriate `as` value and it is preloaded intentionally. @ http://localhost:3000/dashboard:0
[11089210ms] [ERROR] Failed to load resource: the server responded with a status of 404 () @ https://enjoyed-mudfish-95.clerk.accounts.dev/v1/client/sessions/sess_3H0PlNdGYXsNNo7jBsc4GiG80a3/tokens?__clerk_api_version=2026-05-12&_clerk_js_version=6.25.3&__clerk_db_jwt=dvb_3Gsa7ShVowpRNt5tqllBx9GGcDK:0
[11092224ms] [WARNING] The resource https://enjoyed-mudfish-95.clerk.accounts.dev/npm/@clerk/ui@1/dist/ui.browser.js was preloaded using link preload but not used within a few seconds from the window's load event. Please make sure it has an appropriate `as` value and it is preloaded intentionally. @ http://localhost:3000/dashboard:0
[11095070ms] [ERROR] Failed to load resource: the server responded with a status of 404 () @ https://enjoyed-mudfish-95.clerk.accounts.dev/v1/client/sessions/sess_3H0PlNdGYXsNNo7jBsc4GiG80a3/tokens?__clerk_api_version=2026-05-12&_clerk_js_version=6.25.3&__clerk_db_jwt=dvb_3Gsa7ShVowpRNt5tqllBx9GGcDK:0
[11098079ms] [WARNING] The resource https://enjoyed-mudfish-95.clerk.accounts.dev/npm/@clerk/ui@1/dist/ui.browser.js was preloaded using link preload but not used within a few seconds from the window's load event. Please make sure it has an appropriate `as` value and it is preloaded intentionally. @ http://localhost:3000/dashboard:0
[11101417ms] [ERROR] Failed to load resource: the server responded with a status of 404 () @ https://enjoyed-mudfish-95.clerk.accounts.dev/v1/client/sessions/sess_3H0PlNdGYXsNNo7jBsc4GiG80a3/tokens?__clerk_api_version=2026-05-12&_clerk_js_version=6.25.3&__clerk_db_jwt=dvb_3Gsa7ShVowpRNt5tqllBx9GGcDK:0
[11104428ms] [WARNING] The resource https://enjoyed-mudfish-95.clerk.accounts.dev/npm/@clerk/ui@1/dist/ui.browser.js was preloaded using link preload but not used within a few seconds from the window's load event. Please make sure it has an appropriate `as` value and it is preloaded intentionally. @ http://localhost:3000/dashboard:0
[11107189ms] [ERROR] Failed to load resource: the server responded with a status of 404 () @ https://enjoyed-mudfish-95.clerk.accounts.dev/v1/client/sessions/sess_3H0PlNdGYXsNNo7jBsc4GiG80a3/tokens?__clerk_api_version=2026-05-12&_clerk_js_version=6.25.3&__clerk_db_jwt=dvb_3Gsa7ShVowpRNt5tqllBx9GGcDK:0
[11110202ms] [WARNING] The resource https://enjoyed-mudfish-95.clerk.accounts.dev/npm/@clerk/ui@1/dist/ui.browser.js was preloaded using link preload but not used within a few seconds from the window's load event. Please make sure it has an appropriate `as` value and it is preloaded intentionally. @ http://localhost:3000/dashboard:0
[11112466ms] [ERROR] Failed to load resource: the server responded with a status of 404 () @ https://enjoyed-mudfish-95.clerk.accounts.dev/v1/client/sessions/sess_3H0PlNdGYXsNNo7jBsc4GiG80a3/tokens?__clerk_api_version=2026-05-12&_clerk_js_version=6.25.3&__clerk_db_jwt=dvb_3Gsa7ShVowpRNt5tqllBx9GGcDK:0
[11115479ms] [WARNING] The resource https://enjoyed-mudfish-95.clerk.accounts.dev/npm/@clerk/ui@1/dist/ui.browser.js was preloaded using link preload but not used within a few seconds from the window's load event. Please make sure it has an appropriate `as` value and it is preloaded intentionally. @ http://localhost:3000/dashboard:0
[11119127ms] [ERROR] Failed to load resource: the server responded with a status of 404 () @ https://enjoyed-mudfish-95.clerk.accounts.dev/v1/client/sessions/sess_3H0PlNdGYXsNNo7jBsc4GiG80a3/tokens?__clerk_api_version=2026-05-12&_clerk_js_version=6.25.3&__clerk_db_jwt=dvb_3Gsa7ShVowpRNt5tqllBx9GGcDK:0
[11122135ms] [WARNING] The resource https://enjoyed-mudfish-95.clerk.accounts.dev/npm/@clerk/ui@1/dist/ui.browser.js was preloaded using link preload but not used within a few seconds from the window's load event. Please make sure it has an appropriate `as` value and it is preloaded intentionally. @ http://localhost:3000/dashboard:0
[11125805ms] [ERROR] Failed to load resource: the server responded with a status of 404 () @ https://enjoyed-mudfish-95.clerk.accounts.dev/v1/client/sessions/sess_3H0PlNdGYXsNNo7jBsc4GiG80a3/tokens?__clerk_api_version=2026-05-12&_clerk_js_version=6.25.3&__clerk_db_jwt=dvb_3Gsa7ShVowpRNt5tqllBx9GGcDK:0
[11128817ms] [WARNING] The resource https://enjoyed-mudfish-95.clerk.accounts.dev/npm/@clerk/ui@1/dist/ui.browser.js was preloaded using link preload but not used within a few seconds from the window's load event. Please make sure it has an appropriate `as` value and it is preloaded intentionally. @ http://localhost:3000/dashboard:0
[11131470ms] [ERROR] Failed to load resource: the server responded with a status of 404 () @ https://enjoyed-mudfish-95.clerk.accounts.dev/v1/client/sessions/sess_3H0PlNdGYXsNNo7jBsc4GiG80a3/tokens?__clerk_api_version=2026-05-12&_clerk_js_version=6.25.3&__clerk_db_jwt=dvb_3Gsa7ShVowpRNt5tqllBx9GGcDK:0
[11134485ms] [WARNING] The resource https://enjoyed-mudfish-95.clerk.accounts.dev/npm/@clerk/ui@1/dist/ui.browser.js was preloaded using link preload but not used within a few seconds from the window's load event. Please make sure it has an appropriate `as` value and it is preloaded intentionally. @ http://localhost:3000/dashboard:0
[11136978ms] [ERROR] Failed to load resource: the server responded with a status of 404 () @ https://enjoyed-mudfish-95.clerk.accounts.dev/v1/client/sessions/sess_3H0PlNdGYXsNNo7jBsc4GiG80a3/tokens?__clerk_api_version=2026-05-12&_clerk_js_version=6.25.3&__clerk_db_jwt=dvb_3Gsa7ShVowpRNt5tqllBx9GGcDK:0
[11139981ms] [WARNING] The resource https://enjoyed-mudfish-95.clerk.accounts.dev/npm/@clerk/ui@1/dist/ui.browser.js was preloaded using link preload but not used within a few seconds from the window's load event. Please make sure it has an appropriate `as` value and it is preloaded intentionally. @ http://localhost:3000/dashboard:0
[11143192ms] [ERROR] Failed to load resource: the server responded with a status of 404 () @ https://enjoyed-mudfish-95.clerk.accounts.dev/v1/client/sessions/sess_3H0PlNdGYXsNNo7jBsc4GiG80a3/tokens?__clerk_api_version=2026-05-12&_clerk_js_version=6.25.3&__clerk_db_jwt=dvb_3Gsa7ShVowpRNt5tqllBx9GGcDK:0
[11146206ms] [WARNING] The resource https://enjoyed-mudfish-95.clerk.accounts.dev/npm/@clerk/ui@1/dist/ui.browser.js was preloaded using link preload but not used within a few seconds from the window's load event. Please make sure it has an appropriate `as` value and it is preloaded intentionally. @ http://localhost:3000/dashboard:0
[11149747ms] [ERROR] Failed to load resource: the server responded with a status of 404 () @ https://enjoyed-mudfish-95.clerk.accounts.dev/v1/client/sessions/sess_3H0PlNdGYXsNNo7jBsc4GiG80a3/tokens?__clerk_api_version=2026-05-12&_clerk_js_version=6.25.3&__clerk_db_jwt=dvb_3Gsa7ShVowpRNt5tqllBx9GGcDK:0
[11152757ms] [WARNING] The resource https://enjoyed-mudfish-95.clerk.accounts.dev/npm/@clerk/ui@1/dist/ui.browser.js was preloaded using link preload but not used within a few seconds from the window's load event. Please make sure it has an appropriate `as` value and it is preloaded intentionally. @ http://localhost:3000/dashboard:0
[11155704ms] [ERROR] Failed to load resource: the server responded with a status of 404 () @ https://enjoyed-mudfish-95.clerk.accounts.dev/v1/client/sessions/sess_3H0PlNdGYXsNNo7jBsc4GiG80a3/tokens?__clerk_api_version=2026-05-12&_clerk_js_version=6.25.3&__clerk_db_jwt=dvb_3Gsa7ShVowpRNt5tqllBx9GGcDK:0
[11158707ms] [WARNING] The resource https://enjoyed-mudfish-95.clerk.accounts.dev/npm/@clerk/ui@1/dist/ui.browser.js was preloaded using link preload but not used within a few seconds from the window's load event. Please make sure it has an appropriate `as` value and it is preloaded intentionally. @ http://localhost:3000/dashboard:0
[11162354ms] [ERROR] Failed to load resource: the server responded with a status of 404 () @ https://enjoyed-mudfish-95.clerk.accounts.dev/v1/client/sessions/sess_3H0PlNdGYXsNNo7jBsc4GiG80a3/tokens?__clerk_api_version=2026-05-12&_clerk_js_version=6.25.3&__clerk_db_jwt=dvb_3Gsa7ShVowpRNt5tqllBx9GGcDK:0
[11165365ms] [WARNING] The resource https://enjoyed-mudfish-95.clerk.accounts.dev/npm/@clerk/ui@1/dist/ui.browser.js was preloaded using link preload but not used within a few seconds from the window's load event. Please make sure it has an appropriate `as` value and it is preloaded intentionally. @ http://localhost:3000/dashboard:0
[11168731ms] [ERROR] Failed to load resource: the server responded with a status of 404 () @ https://enjoyed-mudfish-95.clerk.accounts.dev/v1/client/sessions/sess_3H0PlNdGYXsNNo7jBsc4GiG80a3/tokens?__clerk_api_version=2026-05-12&_clerk_js_version=6.25.3&__clerk_db_jwt=dvb_3Gsa7ShVowpRNt5tqllBx9GGcDK:0
[11171732ms] [WARNING] The resource https://enjoyed-mudfish-95.clerk.accounts.dev/npm/@clerk/ui@1/dist/ui.browser.js was preloaded using link preload but not used within a few seconds from the window's load event. Please make sure it has an appropriate `as` value and it is preloaded intentionally. @ http://localhost:3000/dashboard:0
[11175224ms] [ERROR] Failed to load resource: the server responded with a status of 404 () @ https://enjoyed-mudfish-95.clerk.accounts.dev/v1/client/sessions/sess_3H0PlNdGYXsNNo7jBsc4GiG80a3/tokens?__clerk_api_version=2026-05-12&_clerk_js_version=6.25.3&__clerk_db_jwt=dvb_3Gsa7ShVowpRNt5tqllBx9GGcDK:0
[11178236ms] [WARNING] The resource https://enjoyed-mudfish-95.clerk.accounts.dev/npm/@clerk/ui@1/dist/ui.browser.js was preloaded using link preload but not used within a few seconds from the window's load event. Please make sure it has an appropriate `as` value and it is preloaded intentionally. @ http://localhost:3000/dashboard:0
[11181414ms] [ERROR] Failed to load resource: the server responded with a status of 404 () @ https://enjoyed-mudfish-95.clerk.accounts.dev/v1/client/sessions/sess_3H0PlNdGYXsNNo7jBsc4GiG80a3/tokens?__clerk_api_version=2026-05-12&_clerk_js_version=6.25.3&__clerk_db_jwt=dvb_3Gsa7ShVowpRNt5tqllBx9GGcDK:0
[11184424ms] [WARNING] The resource https://enjoyed-mudfish-95.clerk.accounts.dev/npm/@clerk/ui@1/dist/ui.browser.js was preloaded using link preload but not used within a few seconds from the window's load event. Please make sure it has an appropriate `as` value and it is preloaded intentionally. @ http://localhost:3000/dashboard:0
[11186810ms] [ERROR] Failed to load resource: the server responded with a status of 404 () @ https://enjoyed-mudfish-95.clerk.accounts.dev/v1/client/sessions/sess_3H0PlNdGYXsNNo7jBsc4GiG80a3/tokens?__clerk_api_version=2026-05-12&_clerk_js_version=6.25.3&__clerk_db_jwt=dvb_3Gsa7ShVowpRNt5tqllBx9GGcDK:0
[11189814ms] [WARNING] The resource https://enjoyed-mudfish-95.clerk.accounts.dev/npm/@clerk/ui@1/dist/ui.browser.js was preloaded using link preload but not used within a few seconds from the window's load event. Please make sure it has an appropriate `as` value and it is preloaded intentionally. @ http://localhost:3000/dashboard:0
[11193357ms] [ERROR] Failed to load resource: the server responded with a status of 404 () @ https://enjoyed-mudfish-95.clerk.accounts.dev/v1/client/sessions/sess_3H0PlNdGYXsNNo7jBsc4GiG80a3/tokens?__clerk_api_version=2026-05-12&_clerk_js_version=6.25.3&__clerk_db_jwt=dvb_3Gsa7ShVowpRNt5tqllBx9GGcDK:0
[11196357ms] [WARNING] The resource https://enjoyed-mudfish-95.clerk.accounts.dev/npm/@clerk/ui@1/dist/ui.browser.js was preloaded using link preload but not used within a few seconds from the window's load event. Please make sure it has an appropriate `as` value and it is preloaded intentionally. @ http://localhost:3000/dashboard:0
[11199500ms] [ERROR] Failed to load resource: the server responded with a status of 404 () @ https://enjoyed-mudfish-95.clerk.accounts.dev/v1/client/sessions/sess_3H0PlNdGYXsNNo7jBsc4GiG80a3/tokens?__clerk_api_version=2026-05-12&_clerk_js_version=6.25.3&__clerk_db_jwt=dvb_3Gsa7ShVowpRNt5tqllBx9GGcDK:0
[11202507ms] [WARNING] The resource https://enjoyed-mudfish-95.clerk.accounts.dev/npm/@clerk/ui@1/dist/ui.browser.js was preloaded using link preload but not used within a few seconds from the window's load event. Please make sure it has an appropriate `as` value and it is preloaded intentionally. @ http://localhost:3000/dashboard:0
[11205336ms] [ERROR] Failed to load resource: the server responded with a status of 404 () @ https://enjoyed-mudfish-95.clerk.accounts.dev/v1/client/sessions/sess_3H0PlNdGYXsNNo7jBsc4GiG80a3/tokens?__clerk_api_version=2026-05-12&_clerk_js_version=6.25.3&__clerk_db_jwt=dvb_3Gsa7ShVowpRNt5tqllBx9GGcDK:0
[11208347ms] [WARNING] The resource https://enjoyed-mudfish-95.clerk.accounts.dev/npm/@clerk/ui@1/dist/ui.browser.js was preloaded using link preload but not used within a few seconds from the window's load event. Please make sure it has an appropriate `as` value and it is preloaded intentionally. @ http://localhost:3000/dashboard:0
[11212027ms] [ERROR] Failed to load resource: the server responded with a status of 404 () @ https://enjoyed-mudfish-95.clerk.accounts.dev/v1/client/sessions/sess_3H0PlNdGYXsNNo7jBsc4GiG80a3/tokens?__clerk_api_version=2026-05-12&_clerk_js_version=6.25.3&__clerk_db_jwt=dvb_3Gsa7ShVowpRNt5tqllBx9GGcDK:0
[11215037ms] [WARNING] The resource https://enjoyed-mudfish-95.clerk.accounts.dev/npm/@clerk/ui@1/dist/ui.browser.js was preloaded using link preload but not used within a few seconds from the window's load event. Please make sure it has an appropriate `as` value and it is preloaded intentionally. @ http://localhost:3000/dashboard:0
[11217943ms] [ERROR] Failed to load resource: the server responded with a status of 404 () @ https://enjoyed-mudfish-95.clerk.accounts.dev/v1/client/sessions/sess_3H0PlNdGYXsNNo7jBsc4GiG80a3/tokens?__clerk_api_version=2026-05-12&_clerk_js_version=6.25.3&__clerk_db_jwt=dvb_3Gsa7ShVowpRNt5tqllBx9GGcDK:0
[11220946ms] [WARNING] The resource https://enjoyed-mudfish-95.clerk.accounts.dev/npm/@clerk/ui@1/dist/ui.browser.js was preloaded using link preload but not used within a few seconds from the window's load event. Please make sure it has an appropriate `as` value and it is preloaded intentionally. @ http://localhost:3000/dashboard:0
[11223330ms] [ERROR] Failed to load resource: the server responded with a status of 404 () @ https://enjoyed-mudfish-95.clerk.accounts.dev/v1/client/sessions/sess_3H0PlNdGYXsNNo7jBsc4GiG80a3/tokens?__clerk_api_version=2026-05-12&_clerk_js_version=6.25.3&__clerk_db_jwt=dvb_3Gsa7ShVowpRNt5tqllBx9GGcDK:0
[11226342ms] [WARNING] The resource https://enjoyed-mudfish-95.clerk.accounts.dev/npm/@clerk/ui@1/dist/ui.browser.js was preloaded using link preload but not used within a few seconds from the window's load event. Please make sure it has an appropriate `as` value and it is preloaded intentionally. @ http://localhost:3000/dashboard:0
[11229338ms] [ERROR] Failed to load resource: the server responded with a status of 404 () @ https://enjoyed-mudfish-95.clerk.accounts.dev/v1/client/sessions/sess_3H0PlNdGYXsNNo7jBsc4GiG80a3/tokens?__clerk_api_version=2026-05-12&_clerk_js_version=6.25.3&__clerk_db_jwt=dvb_3Gsa7ShVowpRNt5tqllBx9GGcDK:0
[11232347ms] [WARNING] The resource https://enjoyed-mudfish-95.clerk.accounts.dev/npm/@clerk/ui@1/dist/ui.browser.js was preloaded using link preload but not used within a few seconds from the window's load event. Please make sure it has an appropriate `as` value and it is preloaded intentionally. @ http://localhost:3000/dashboard:0
[11234871ms] [ERROR] Failed to load resource: the server responded with a status of 404 () @ https://enjoyed-mudfish-95.clerk.accounts.dev/v1/client/sessions/sess_3H0PlNdGYXsNNo7jBsc4GiG80a3/tokens?__clerk_api_version=2026-05-12&_clerk_js_version=6.25.3&__clerk_db_jwt=dvb_3Gsa7ShVowpRNt5tqllBx9GGcDK:0
[11237877ms] [WARNING] The resource https://enjoyed-mudfish-95.clerk.accounts.dev/npm/@clerk/ui@1/dist/ui.browser.js was preloaded using link preload but not used within a few seconds from the window's load event. Please make sure it has an appropriate `as` value and it is preloaded intentionally. @ http://localhost:3000/dashboard:0
[11240975ms] [ERROR] Failed to load resource: the server responded with a status of 404 () @ https://enjoyed-mudfish-95.clerk.accounts.dev/v1/client/sessions/sess_3H0PlNdGYXsNNo7jBsc4GiG80a3/tokens?__clerk_api_version=2026-05-12&_clerk_js_version=6.25.3&__clerk_db_jwt=dvb_3Gsa7ShVowpRNt5tqllBx9GGcDK:0
[11243984ms] [WARNING] The resource https://enjoyed-mudfish-95.clerk.accounts.dev/npm/@clerk/ui@1/dist/ui.browser.js was preloaded using link preload but not used within a few seconds from the window's load event. Please make sure it has an appropriate `as` value and it is preloaded intentionally. @ http://localhost:3000/dashboard:0
[11246862ms] [ERROR] Failed to load resource: the server responded with a status of 404 () @ https://enjoyed-mudfish-95.clerk.accounts.dev/v1/client/sessions/sess_3H0PlNdGYXsNNo7jBsc4GiG80a3/tokens?__clerk_api_version=2026-05-12&_clerk_js_version=6.25.3&__clerk_db_jwt=dvb_3Gsa7ShVowpRNt5tqllBx9GGcDK:0
[11249874ms] [WARNING] The resource https://enjoyed-mudfish-95.clerk.accounts.dev/npm/@clerk/ui@1/dist/ui.browser.js was preloaded using link preload but not used within a few seconds from the window's load event. Please make sure it has an appropriate `as` value and it is preloaded intentionally. @ http://localhost:3000/dashboard:0
[11253294ms] [ERROR] Failed to load resource: the server responded with a status of 404 () @ https://enjoyed-mudfish-95.clerk.accounts.dev/v1/client/sessions/sess_3H0PlNdGYXsNNo7jBsc4GiG80a3/tokens?__clerk_api_version=2026-05-12&_clerk_js_version=6.25.3&__clerk_db_jwt=dvb_3Gsa7ShVowpRNt5tqllBx9GGcDK:0
[11256300ms] [WARNING] The resource https://enjoyed-mudfish-95.clerk.accounts.dev/npm/@clerk/ui@1/dist/ui.browser.js was preloaded using link preload but not used within a few seconds from the window's load event. Please make sure it has an appropriate `as` value and it is preloaded intentionally. @ http://localhost:3000/dashboard:0
[11259275ms] [ERROR] Failed to load resource: the server responded with a status of 404 () @ https://enjoyed-mudfish-95.clerk.accounts.dev/v1/client/sessions/sess_3H0PlNdGYXsNNo7jBsc4GiG80a3/tokens?__clerk_api_version=2026-05-12&_clerk_js_version=6.25.3&__clerk_db_jwt=dvb_3Gsa7ShVowpRNt5tqllBx9GGcDK:0
[11262285ms] [WARNING] The resource https://enjoyed-mudfish-95.clerk.accounts.dev/npm/@clerk/ui@1/dist/ui.browser.js was preloaded using link preload but not used within a few seconds from the window's load event. Please make sure it has an appropriate `as` value and it is preloaded intentionally. @ http://localhost:3000/dashboard:0
[11265550ms] [ERROR] Failed to load resource: the server responded with a status of 404 () @ https://enjoyed-mudfish-95.clerk.accounts.dev/v1/client/sessions/sess_3H0PlNdGYXsNNo7jBsc4GiG80a3/tokens?__clerk_api_version=2026-05-12&_clerk_js_version=6.25.3&__clerk_db_jwt=dvb_3Gsa7ShVowpRNt5tqllBx9GGcDK:0
[11268564ms] [WARNING] The resource https://enjoyed-mudfish-95.clerk.accounts.dev/npm/@clerk/ui@1/dist/ui.browser.js was preloaded using link preload but not used within a few seconds from the window's load event. Please make sure it has an appropriate `as` value and it is preloaded intentionally. @ http://localhost:3000/dashboard:0
[11271016ms] [ERROR] Failed to load resource: the server responded with a status of 404 () @ https://enjoyed-mudfish-95.clerk.accounts.dev/v1/client/sessions/sess_3H0PlNdGYXsNNo7jBsc4GiG80a3/tokens?__clerk_api_version=2026-05-12&_clerk_js_version=6.25.3&__clerk_db_jwt=dvb_3Gsa7ShVowpRNt5tqllBx9GGcDK:0
[11274024ms] [WARNING] The resource https://enjoyed-mudfish-95.clerk.accounts.dev/npm/@clerk/ui@1/dist/ui.browser.js was preloaded using link preload but not used within a few seconds from the window's load event. Please make sure it has an appropriate `as` value and it is preloaded intentionally. @ http://localhost:3000/dashboard:0
[11276920ms] [ERROR] Failed to load resource: the server responded with a status of 404 () @ https://enjoyed-mudfish-95.clerk.accounts.dev/v1/client/sessions/sess_3H0PlNdGYXsNNo7jBsc4GiG80a3/tokens?__clerk_api_version=2026-05-12&_clerk_js_version=6.25.3&__clerk_db_jwt=dvb_3Gsa7ShVowpRNt5tqllBx9GGcDK:0
[11279922ms] [WARNING] The resource https://enjoyed-mudfish-95.clerk.accounts.dev/npm/@clerk/ui@1/dist/ui.browser.js was preloaded using link preload but not used within a few seconds from the window's load event. Please make sure it has an appropriate `as` value and it is preloaded intentionally. @ http://localhost:3000/dashboard:0
[11283173ms] [ERROR] Failed to load resource: the server responded with a status of 404 () @ https://enjoyed-mudfish-95.clerk.accounts.dev/v1/client/sessions/sess_3H0PlNdGYXsNNo7jBsc4GiG80a3/tokens?__clerk_api_version=2026-05-12&_clerk_js_version=6.25.3&__clerk_db_jwt=dvb_3Gsa7ShVowpRNt5tqllBx9GGcDK:0
[11286177ms] [WARNING] The resource https://enjoyed-mudfish-95.clerk.accounts.dev/npm/@clerk/ui@1/dist/ui.browser.js was preloaded using link preload but not used within a few seconds from the window's load event. Please make sure it has an appropriate `as` value and it is preloaded intentionally. @ http://localhost:3000/dashboard:0
[11289495ms] [ERROR] Failed to load resource: the server responded with a status of 404 () @ https://enjoyed-mudfish-95.clerk.accounts.dev/v1/client/sessions/sess_3H0PlNdGYXsNNo7jBsc4GiG80a3/tokens?__clerk_api_version=2026-05-12&_clerk_js_version=6.25.3&__clerk_db_jwt=dvb_3Gsa7ShVowpRNt5tqllBx9GGcDK:0
[11292510ms] [WARNING] The resource https://enjoyed-mudfish-95.clerk.accounts.dev/npm/@clerk/ui@1/dist/ui.browser.js was preloaded using link preload but not used within a few seconds from the window's load event. Please make sure it has an appropriate `as` value and it is preloaded intentionally. @ http://localhost:3000/dashboard:0
[11295494ms] [ERROR] Failed to load resource: the server responded with a status of 404 () @ https://enjoyed-mudfish-95.clerk.accounts.dev/v1/client/sessions/sess_3H0PlNdGYXsNNo7jBsc4GiG80a3/tokens?__clerk_api_version=2026-05-12&_clerk_js_version=6.25.3&__clerk_db_jwt=dvb_3Gsa7ShVowpRNt5tqllBx9GGcDK:0
[11298503ms] [WARNING] The resource https://enjoyed-mudfish-95.clerk.accounts.dev/npm/@clerk/ui@1/dist/ui.browser.js was preloaded using link preload but not used within a few seconds from the window's load event. Please make sure it has an appropriate `as` value and it is preloaded intentionally. @ http://localhost:3000/dashboard:0
[11301780ms] [ERROR] Failed to load resource: the server responded with a status of 404 () @ https://enjoyed-mudfish-95.clerk.accounts.dev/v1/client/sessions/sess_3H0PlNdGYXsNNo7jBsc4GiG80a3/tokens?__clerk_api_version=2026-05-12&_clerk_js_version=6.25.3&__clerk_db_jwt=dvb_3Gsa7ShVowpRNt5tqllBx9GGcDK:0
[11304782ms] [WARNING] The resource https://enjoyed-mudfish-95.clerk.accounts.dev/npm/@clerk/ui@1/dist/ui.browser.js was preloaded using link preload but not used within a few seconds from the window's load event. Please make sure it has an appropriate `as` value and it is preloaded intentionally. @ http://localhost:3000/dashboard:0
[11307862ms] [ERROR] Failed to load resource: the server responded with a status of 404 () @ https://enjoyed-mudfish-95.clerk.accounts.dev/v1/client/sessions/sess_3H0PlNdGYXsNNo7jBsc4GiG80a3/tokens?__clerk_api_version=2026-05-12&_clerk_js_version=6.25.3&__clerk_db_jwt=dvb_3Gsa7ShVowpRNt5tqllBx9GGcDK:0
[11310876ms] [WARNING] The resource https://enjoyed-mudfish-95.clerk.accounts.dev/npm/@clerk/ui@1/dist/ui.browser.js was preloaded using link preload but not used within a few seconds from the window's load event. Please make sure it has an appropriate `as` value and it is preloaded intentionally. @ http://localhost:3000/dashboard:0
[11314081ms] [ERROR] Failed to load resource: the server responded with a status of 404 () @ https://enjoyed-mudfish-95.clerk.accounts.dev/v1/client/sessions/sess_3H0PlNdGYXsNNo7jBsc4GiG80a3/tokens?__clerk_api_version=2026-05-12&_clerk_js_version=6.25.3&__clerk_db_jwt=dvb_3Gsa7ShVowpRNt5tqllBx9GGcDK:0
[11317088ms] [WARNING] The resource https://enjoyed-mudfish-95.clerk.accounts.dev/npm/@clerk/ui@1/dist/ui.browser.js was preloaded using link preload but not used within a few seconds from the window's load event. Please make sure it has an appropriate `as` value and it is preloaded intentionally. @ http://localhost:3000/dashboard:0
[11319876ms] [ERROR] Failed to load resource: the server responded with a status of 404 () @ https://enjoyed-mudfish-95.clerk.accounts.dev/v1/client/sessions/sess_3H0PlNdGYXsNNo7jBsc4GiG80a3/tokens?__clerk_api_version=2026-05-12&_clerk_js_version=6.25.3&__clerk_db_jwt=dvb_3Gsa7ShVowpRNt5tqllBx9GGcDK:0
[11322877ms] [WARNING] The resource https://enjoyed-mudfish-95.clerk.accounts.dev/npm/@clerk/ui@1/dist/ui.browser.js was preloaded using link preload but not used within a few seconds from the window's load event. Please make sure it has an appropriate `as` value and it is preloaded intentionally. @ http://localhost:3000/dashboard:0
[11326183ms] [ERROR] Failed to load resource: the server responded with a status of 404 () @ https://enjoyed-mudfish-95.clerk.accounts.dev/v1/client/sessions/sess_3H0PlNdGYXsNNo7jBsc4GiG80a3/tokens?__clerk_api_version=2026-05-12&_clerk_js_version=6.25.3&__clerk_db_jwt=dvb_3Gsa7ShVowpRNt5tqllBx9GGcDK:0
[11329187ms] [WARNING] The resource https://enjoyed-mudfish-95.clerk.accounts.dev/npm/@clerk/ui@1/dist/ui.browser.js was preloaded using link preload but not used within a few seconds from the window's load event. Please make sure it has an appropriate `as` value and it is preloaded intentionally. @ http://localhost:3000/dashboard:0
[11331437ms] [ERROR] Failed to load resource: the server responded with a status of 404 () @ https://enjoyed-mudfish-95.clerk.accounts.dev/v1/client/sessions/sess_3H0PlNdGYXsNNo7jBsc4GiG80a3/tokens?__clerk_api_version=2026-05-12&_clerk_js_version=6.25.3&__clerk_db_jwt=dvb_3Gsa7ShVowpRNt5tqllBx9GGcDK:0
[11334450ms] [WARNING] The resource https://enjoyed-mudfish-95.clerk.accounts.dev/npm/@clerk/ui@1/dist/ui.browser.js was preloaded using link preload but not used within a few seconds from the window's load event. Please make sure it has an appropriate `as` value and it is preloaded intentionally. @ http://localhost:3000/dashboard:0
[11338165ms] [ERROR] Failed to load resource: the server responded with a status of 404 () @ https://enjoyed-mudfish-95.clerk.accounts.dev/v1/client/sessions/sess_3H0PlNdGYXsNNo7jBsc4GiG80a3/tokens?__clerk_api_version=2026-05-12&_clerk_js_version=6.25.3&__clerk_db_jwt=dvb_3Gsa7ShVowpRNt5tqllBx9GGcDK:0
[11341180ms] [WARNING] The resource https://enjoyed-mudfish-95.clerk.accounts.dev/npm/@clerk/ui@1/dist/ui.browser.js was preloaded using link preload but not used within a few seconds from the window's load event. Please make sure it has an appropriate `as` value and it is preloaded intentionally. @ http://localhost:3000/dashboard:0
[11343708ms] [ERROR] Failed to load resource: the server responded with a status of 404 () @ https://enjoyed-mudfish-95.clerk.accounts.dev/v1/client/sessions/sess_3H0PlNdGYXsNNo7jBsc4GiG80a3/tokens?__clerk_api_version=2026-05-12&_clerk_js_version=6.25.3&__clerk_db_jwt=dvb_3Gsa7ShVowpRNt5tqllBx9GGcDK:0
[11346717ms] [WARNING] The resource https://enjoyed-mudfish-95.clerk.accounts.dev/npm/@clerk/ui@1/dist/ui.browser.js was preloaded using link preload but not used within a few seconds from the window's load event. Please make sure it has an appropriate `as` value and it is preloaded intentionally. @ http://localhost:3000/dashboard:0
[11350194ms] [ERROR] Failed to load resource: the server responded with a status of 404 () @ https://enjoyed-mudfish-95.clerk.accounts.dev/v1/client/sessions/sess_3H0PlNdGYXsNNo7jBsc4GiG80a3/tokens?__clerk_api_version=2026-05-12&_clerk_js_version=6.25.3&__clerk_db_jwt=dvb_3Gsa7ShVowpRNt5tqllBx9GGcDK:0
[11353195ms] [WARNING] The resource https://enjoyed-mudfish-95.clerk.accounts.dev/npm/@clerk/ui@1/dist/ui.browser.js was preloaded using link preload but not used within a few seconds from the window's load event. Please make sure it has an appropriate `as` value and it is preloaded intentionally. @ http://localhost:3000/dashboard:0
[11356663ms] [ERROR] Failed to load resource: the server responded with a status of 404 () @ https://enjoyed-mudfish-95.clerk.accounts.dev/v1/client/sessions/sess_3H0PlNdGYXsNNo7jBsc4GiG80a3/tokens?__clerk_api_version=2026-05-12&_clerk_js_version=6.25.3&__clerk_db_jwt=dvb_3Gsa7ShVowpRNt5tqllBx9GGcDK:0
[11359670ms] [WARNING] The resource https://enjoyed-mudfish-95.clerk.accounts.dev/npm/@clerk/ui@1/dist/ui.browser.js was preloaded using link preload but not used within a few seconds from the window's load event. Please make sure it has an appropriate `as` value and it is preloaded intentionally. @ http://localhost:3000/dashboard:0
[11362457ms] [ERROR] Failed to load resource: the server responded with a status of 404 () @ https://enjoyed-mudfish-95.clerk.accounts.dev/v1/client/sessions/sess_3H0PlNdGYXsNNo7jBsc4GiG80a3/tokens?__clerk_api_version=2026-05-12&_clerk_js_version=6.25.3&__clerk_db_jwt=dvb_3Gsa7ShVowpRNt5tqllBx9GGcDK:0
[11365458ms] [WARNING] The resource https://enjoyed-mudfish-95.clerk.accounts.dev/npm/@clerk/ui@1/dist/ui.browser.js was preloaded using link preload but not used within a few seconds from the window's load event. Please make sure it has an appropriate `as` value and it is preloaded intentionally. @ http://localhost:3000/dashboard:0
[11368546ms] [ERROR] Failed to load resource: the server responded with a status of 404 () @ https://enjoyed-mudfish-95.clerk.accounts.dev/v1/client/sessions/sess_3H0PlNdGYXsNNo7jBsc4GiG80a3/tokens?__clerk_api_version=2026-05-12&_clerk_js_version=6.25.3&__clerk_db_jwt=dvb_3Gsa7ShVowpRNt5tqllBx9GGcDK:0
[11371561ms] [WARNING] The resource https://enjoyed-mudfish-95.clerk.accounts.dev/npm/@clerk/ui@1/dist/ui.browser.js was preloaded using link preload but not used within a few seconds from the window's load event. Please make sure it has an appropriate `as` value and it is preloaded intentionally. @ http://localhost:3000/dashboard:0
[11374088ms] [ERROR] Failed to load resource: the server responded with a status of 404 () @ https://enjoyed-mudfish-95.clerk.accounts.dev/v1/client/sessions/sess_3H0PlNdGYXsNNo7jBsc4GiG80a3/tokens?__clerk_api_version=2026-05-12&_clerk_js_version=6.25.3&__clerk_db_jwt=dvb_3Gsa7ShVowpRNt5tqllBx9GGcDK:0
[11377096ms] [WARNING] The resource https://enjoyed-mudfish-95.clerk.accounts.dev/npm/@clerk/ui@1/dist/ui.browser.js was preloaded using link preload but not used within a few seconds from the window's load event. Please make sure it has an appropriate `as` value and it is preloaded intentionally. @ http://localhost:3000/dashboard:0
[11379733ms] [ERROR] Failed to load resource: the server responded with a status of 404 () @ https://enjoyed-mudfish-95.clerk.accounts.dev/v1/client/sessions/sess_3H0PlNdGYXsNNo7jBsc4GiG80a3/tokens?__clerk_api_version=2026-05-12&_clerk_js_version=6.25.3&__clerk_db_jwt=dvb_3Gsa7ShVowpRNt5tqllBx9GGcDK:0
[11382735ms] [WARNING] The resource https://enjoyed-mudfish-95.clerk.accounts.dev/npm/@clerk/ui@1/dist/ui.browser.js was preloaded using link preload but not used within a few seconds from the window's load event. Please make sure it has an appropriate `as` value and it is preloaded intentionally. @ http://localhost:3000/dashboard:0
[11386028ms] [ERROR] Failed to load resource: the server responded with a status of 404 () @ https://enjoyed-mudfish-95.clerk.accounts.dev/v1/client/sessions/sess_3H0PlNdGYXsNNo7jBsc4GiG80a3/tokens?__clerk_api_version=2026-05-12&_clerk_js_version=6.25.3&__clerk_db_jwt=dvb_3Gsa7ShVowpRNt5tqllBx9GGcDK:0
[11389029ms] [WARNING] The resource https://enjoyed-mudfish-95.clerk.accounts.dev/npm/@clerk/ui@1/dist/ui.browser.js was preloaded using link preload but not used within a few seconds from the window's load event. Please make sure it has an appropriate `as` value and it is preloaded intentionally. @ http://localhost:3000/dashboard:0
[11391339ms] [ERROR] Failed to load resource: the server responded with a status of 404 () @ https://enjoyed-mudfish-95.clerk.accounts.dev/v1/client/sessions/sess_3H0PlNdGYXsNNo7jBsc4GiG80a3/tokens?__clerk_api_version=2026-05-12&_clerk_js_version=6.25.3&__clerk_db_jwt=dvb_3Gsa7ShVowpRNt5tqllBx9GGcDK:0
[11394354ms] [WARNING] The resource https://enjoyed-mudfish-95.clerk.accounts.dev/npm/@clerk/ui@1/dist/ui.browser.js was preloaded using link preload but not used within a few seconds from the window's load event. Please make sure it has an appropriate `as` value and it is preloaded intentionally. @ http://localhost:3000/dashboard:0
[11397773ms] [ERROR] Failed to load resource: the server responded with a status of 404 () @ https://enjoyed-mudfish-95.clerk.accounts.dev/v1/client/sessions/sess_3H0PlNdGYXsNNo7jBsc4GiG80a3/tokens?__clerk_api_version=2026-05-12&_clerk_js_version=6.25.3&__clerk_db_jwt=dvb_3Gsa7ShVowpRNt5tqllBx9GGcDK:0
[11400774ms] [WARNING] The resource https://enjoyed-mudfish-95.clerk.accounts.dev/npm/@clerk/ui@1/dist/ui.browser.js was preloaded using link preload but not used within a few seconds from the window's load event. Please make sure it has an appropriate `as` value and it is preloaded intentionally. @ http://localhost:3000/dashboard:0
[11403813ms] [ERROR] Failed to load resource: the server responded with a status of 404 () @ https://enjoyed-mudfish-95.clerk.accounts.dev/v1/client/sessions/sess_3H0PlNdGYXsNNo7jBsc4GiG80a3/tokens?__clerk_api_version=2026-05-12&_clerk_js_version=6.25.3&__clerk_db_jwt=dvb_3Gsa7ShVowpRNt5tqllBx9GGcDK:0
[11406816ms] [WARNING] The resource https://enjoyed-mudfish-95.clerk.accounts.dev/npm/@clerk/ui@1/dist/ui.browser.js was preloaded using link preload but not used within a few seconds from the window's load event. Please make sure it has an appropriate `as` value and it is preloaded intentionally. @ http://localhost:3000/dashboard:0
[11410136ms] [ERROR] Failed to load resource: the server responded with a status of 404 () @ https://enjoyed-mudfish-95.clerk.accounts.dev/v1/client/sessions/sess_3H0PlNdGYXsNNo7jBsc4GiG80a3/tokens?__clerk_api_version=2026-05-12&_clerk_js_version=6.25.3&__clerk_db_jwt=dvb_3Gsa7ShVowpRNt5tqllBx9GGcDK:0
[11413152ms] [WARNING] The resource https://enjoyed-mudfish-95.clerk.accounts.dev/npm/@clerk/ui@1/dist/ui.browser.js was preloaded using link preload but not used within a few seconds from the window's load event. Please make sure it has an appropriate `as` value and it is preloaded intentionally. @ http://localhost:3000/dashboard:0
[11415691ms] [ERROR] Failed to load resource: the server responded with a status of 404 () @ https://enjoyed-mudfish-95.clerk.accounts.dev/v1/client/sessions/sess_3H0PlNdGYXsNNo7jBsc4GiG80a3/tokens?__clerk_api_version=2026-05-12&_clerk_js_version=6.25.3&__clerk_db_jwt=dvb_3Gsa7ShVowpRNt5tqllBx9GGcDK:0
[11418702ms] [WARNING] The resource https://enjoyed-mudfish-95.clerk.accounts.dev/npm/@clerk/ui@1/dist/ui.browser.js was preloaded using link preload but not used within a few seconds from the window's load event. Please make sure it has an appropriate `as` value and it is preloaded intentionally. @ http://localhost:3000/dashboard:0
[11422128ms] [ERROR] Failed to load resource: the server responded with a status of 404 () @ https://enjoyed-mudfish-95.clerk.accounts.dev/v1/client/sessions/sess_3H0PlNdGYXsNNo7jBsc4GiG80a3/tokens?__clerk_api_version=2026-05-12&_clerk_js_version=6.25.3&__clerk_db_jwt=dvb_3Gsa7ShVowpRNt5tqllBx9GGcDK:0
[11425133ms] [WARNING] The resource https://enjoyed-mudfish-95.clerk.accounts.dev/npm/@clerk/ui@1/dist/ui.browser.js was preloaded using link preload but not used within a few seconds from the window's load event. Please make sure it has an appropriate `as` value and it is preloaded intentionally. @ http://localhost:3000/dashboard:0
[11427816ms] [ERROR] Failed to load resource: the server responded with a status of 404 () @ https://enjoyed-mudfish-95.clerk.accounts.dev/v1/client/sessions/sess_3H0PlNdGYXsNNo7jBsc4GiG80a3/tokens?__clerk_api_version=2026-05-12&_clerk_js_version=6.25.3&__clerk_db_jwt=dvb_3Gsa7ShVowpRNt5tqllBx9GGcDK:0
[11430820ms] [WARNING] The resource https://enjoyed-mudfish-95.clerk.accounts.dev/npm/@clerk/ui@1/dist/ui.browser.js was preloaded using link preload but not used within a few seconds from the window's load event. Please make sure it has an appropriate `as` value and it is preloaded intentionally. @ http://localhost:3000/dashboard:0
[11433833ms] [ERROR] Failed to load resource: the server responded with a status of 404 () @ https://enjoyed-mudfish-95.clerk.accounts.dev/v1/client/sessions/sess_3H0PlNdGYXsNNo7jBsc4GiG80a3/tokens?__clerk_api_version=2026-05-12&_clerk_js_version=6.25.3&__clerk_db_jwt=dvb_3Gsa7ShVowpRNt5tqllBx9GGcDK:0
[11436841ms] [WARNING] The resource https://enjoyed-mudfish-95.clerk.accounts.dev/npm/@clerk/ui@1/dist/ui.browser.js was preloaded using link preload but not used within a few seconds from the window's load event. Please make sure it has an appropriate `as` value and it is preloaded intentionally. @ http://localhost:3000/dashboard:0
[11439137ms] [ERROR] Failed to load resource: the server responded with a status of 404 () @ https://enjoyed-mudfish-95.clerk.accounts.dev/v1/client/sessions/sess_3H0PlNdGYXsNNo7jBsc4GiG80a3/tokens?__clerk_api_version=2026-05-12&_clerk_js_version=6.25.3&__clerk_db_jwt=dvb_3Gsa7ShVowpRNt5tqllBx9GGcDK:0
[11442144ms] [WARNING] The resource https://enjoyed-mudfish-95.clerk.accounts.dev/npm/@clerk/ui@1/dist/ui.browser.js was preloaded using link preload but not used within a few seconds from the window's load event. Please make sure it has an appropriate `as` value and it is preloaded intentionally. @ http://localhost:3000/dashboard:0
[11444753ms] [ERROR] Failed to load resource: the server responded with a status of 404 () @ https://enjoyed-mudfish-95.clerk.accounts.dev/v1/client/sessions/sess_3H0PlNdGYXsNNo7jBsc4GiG80a3/tokens?__clerk_api_version=2026-05-12&_clerk_js_version=6.25.3&__clerk_db_jwt=dvb_3Gsa7ShVowpRNt5tqllBx9GGcDK:0
[11447762ms] [WARNING] The resource https://enjoyed-mudfish-95.clerk.accounts.dev/npm/@clerk/ui@1/dist/ui.browser.js was preloaded using link preload but not used within a few seconds from the window's load event. Please make sure it has an appropriate `as` value and it is preloaded intentionally. @ http://localhost:3000/dashboard:0
[11450147ms] [ERROR] Failed to load resource: the server responded with a status of 404 () @ https://enjoyed-mudfish-95.clerk.accounts.dev/v1/client/sessions/sess_3H0PlNdGYXsNNo7jBsc4GiG80a3/tokens?__clerk_api_version=2026-05-12&_clerk_js_version=6.25.3&__clerk_db_jwt=dvb_3Gsa7ShVowpRNt5tqllBx9GGcDK:0
[11453155ms] [WARNING] The resource https://enjoyed-mudfish-95.clerk.accounts.dev/npm/@clerk/ui@1/dist/ui.browser.js was preloaded using link preload but not used within a few seconds from the window's load event. Please make sure it has an appropriate `as` value and it is preloaded intentionally. @ http://localhost:3000/dashboard:0
[11455694ms] [ERROR] Failed to load resource: the server responded with a status of 404 () @ https://enjoyed-mudfish-95.clerk.accounts.dev/v1/client/sessions/sess_3H0PlNdGYXsNNo7jBsc4GiG80a3/tokens?__clerk_api_version=2026-05-12&_clerk_js_version=6.25.3&__clerk_db_jwt=dvb_3Gsa7ShVowpRNt5tqllBx9GGcDK:0
[11458701ms] [WARNING] The resource https://enjoyed-mudfish-95.clerk.accounts.dev/npm/@clerk/ui@1/dist/ui.browser.js was preloaded using link preload but not used within a few seconds from the window's load event. Please make sure it has an appropriate `as` value and it is preloaded intentionally. @ http://localhost:3000/dashboard:0
[11460992ms] [ERROR] Failed to load resource: the server responded with a status of 404 () @ https://enjoyed-mudfish-95.clerk.accounts.dev/v1/client/sessions/sess_3H0PlNdGYXsNNo7jBsc4GiG80a3/tokens?__clerk_api_version=2026-05-12&_clerk_js_version=6.25.3&__clerk_db_jwt=dvb_3Gsa7ShVowpRNt5tqllBx9GGcDK:0
[11464000ms] [WARNING] The resource https://enjoyed-mudfish-95.clerk.accounts.dev/npm/@clerk/ui@1/dist/ui.browser.js was preloaded using link preload but not used within a few seconds from the window's load event. Please make sure it has an appropriate `as` value and it is preloaded intentionally. @ http://localhost:3000/dashboard:0
[11464721ms] [LOG] [Fast Refresh] rebuilding @ http://localhost:3000/_next/static/chunks/node_modules_next_dist_1ybzpk2._.js:2477
[11465614ms] [LOG] [Fast Refresh] done in 989ms @ http://localhost:3000/_next/static/chunks/node_modules_next_dist_1ybzpk2._.js:2477
[11466471ms] [LOG] [Fast Refresh] rebuilding @ http://localhost:3000/_next/static/chunks/node_modules_next_dist_1ybzpk2._.js:2477
[11466580ms] [LOG] [Fast Refresh] done in 213ms @ http://localhost:3000/_next/static/chunks/node_modules_next_dist_1ybzpk2._.js:2477
[11467378ms] [ERROR] Access to fetch at 'https://enjoyed-mudfish-95.accounts.dev/sign-in?redirect_url=http%3A%2F%2Flocalhost%3A3000%2Fdashboard&__clerk_db_jwt=dvb_3Gsa7ShVowpRNt5tqllBx9GGcDK' (redirected from 'http://localhost:3000/dashboard?_rsc=baRm8Hg-bKr8antF') from origin 'http://localhost:3000' has been blocked by CORS policy: Response to preflight request doesn't pass access control check: No 'Access-Control-Allow-Origin' header is present on the requested resource. @ http://localhost:3000/dashboard:0
[11467378ms] [ERROR] Failed to load resource: net::ERR_FAILED @ https://enjoyed-mudfish-95.accounts.dev/sign-in?redirect_url=http%3A%2F%2Flocalhost%3A3000%2Fdashboard&__clerk_db_jwt=dvb_3Gsa7ShVowpRNt5tqllBx9GGcDK:0
[11467379ms] [ERROR] Failed to fetch RSC payload for http://localhost:3000/dashboard. Falling back to browser navigation. TypeError: Failed to fetch
    at createFetch (http://localhost:3000/_next/static/chunks/node_modules_next_dist_client_0r5nbpw._.js:8207:21)
    at async fetchServerResponse (http://localhost:3000/_next/static/chunks/node_modules_next_dist_client_0r5nbpw._.js:8051:21)
    at async fetchMissingDynamicData (http://localhost:3000/_next/static/chunks/node_modules_next_dist_client_0r5nbpw._.js:9464:24) @ http://localhost:3000/_next/static/chunks/node_modules_next_dist_1ybzpk2._.js:3318
[11467598ms] [ERROR] Failed to load resource: the server responded with a status of 404 () @ https://enjoyed-mudfish-95.clerk.accounts.dev/v1/client/sessions/sess_3H0PlNdGYXsNNo7jBsc4GiG80a3/tokens?__clerk_api_version=2026-05-12&_clerk_js_version=6.25.3&__clerk_db_jwt=dvb_3Gsa7ShVowpRNt5tqllBx9GGcDK:0
[11468866ms] [ERROR]  Note that 'script-src' was not explicitly set, so 'default-src' is used as a fallback. @ https://enjoyed-mudfish-95.accounts.dev/_next/static/chunks/pages/_app-dfd43a6d01cab481.js:18
[11469103ms] [WARNING] Clerk: Clerk has been loaded with development keys. Development instances have strict usage limits and should not be used when deploying your application to production. Learn more: https://clerk.com/docs/deployments/overview @ https://enjoyed-mudfish-95.accounts.dev/_next/static/chunks/pages/_app-dfd43a6d01cab481.js:14
[11469491ms] [WARNING] Clerk: Structural CSS detected that may break on updates.

Found:
  - CSS "body.cl-component"
  - CSS ".cl-component .button:focus-visible"

These selectors depend on the internal DOM structure of Clerk's components, which may change when Clerk deploys component updates.
To prevent breaking changes, install @clerk/ui and pass it to ClerkProvider:

  import { ui } from '@clerk/ui'
  <ClerkProvider ui={ui}>

Learn more: https://clerk.com/docs/reference/components/versioning
(code=structural_css_pin_clerk_ui) @ https://enjoyed-mudfish-95.accounts.dev/_next/static/chunks/pages/_app-dfd43a6d01cab481.js:14
[11469692ms] [VERBOSE] [DOM] Input elements should have autocomplete attributes (suggested: "current-password"): (More info: https://goo.gl/9p2vKq) %o @ https://enjoyed-mudfish-95.accounts.dev/sign-in?redirect_url=http%3A%2F%2Flocalhost%3A3000%2Fdashboard:0
