[     127ms] [INFO] %cDownload the React DevTools for a better development experience: https://react.dev/link/react-devtools font-weight:bold @ http://localhost:3000/_next/static/chunks/node_modules_next_dist_1ybzpk2._.js:2477
[     147ms] [LOG] [HMR] connected @ http://localhost:3000/_next/static/chunks/node_modules_next_dist_1ybzpk2._.js:2477
[     222ms] [LOG] %c[Vercel Web Analytics]%c Debug mode is enabled by default in development. No requests will be sent to the server. color: rgb(120, 120, 120) color: inherit @ http://localhost:3000/_next/static/chunks/node_modules_next_dist_1ybzpk2._.js:2477
[     222ms] [LOG] %c[Vercel Web Analytics]%c Running queued event color: rgb(120, 120, 120) color: inherit pageview {route: /signup, path: /signup} @ http://localhost:3000/_next/static/chunks/node_modules_next_dist_1ybzpk2._.js:2477
[     222ms] [LOG] %c[Vercel Web Analytics]%c [view] http://localhost:3000/signup color: rgb(120, 120, 120) color: inherit {o: http://localhost:3000/signup, sv: 0.1.3, sdkn: @vercel/analytics/next, sdkv: 2.0.1, ts: 1785001687355} /_vercel/insights/view @ http://localhost:3000/_next/static/chunks/node_modules_next_dist_1ybzpk2._.js:2477
[     222ms] [LOG] %c[Vercel Speed Insights]%c Debug mode is enabled by default in development. No requests will be sent to the server. color: rgb(120, 120, 120) color: inherit @ http://localhost:3000/_next/static/chunks/node_modules_next_dist_1ybzpk2._.js:2477
[     277ms] [WARNING] Clerk: Clerk has been loaded with development keys. Development instances have strict usage limits and should not be used when deploying your application to production. Learn more: https://clerk.com/docs/deployments/overview @ http://localhost:3000/_next/static/chunks/node_modules_next_dist_1ybzpk2._.js:2477
[     284ms] [LOG] [Fast Refresh] rebuilding @ http://localhost:3000/_next/static/chunks/node_modules_next_dist_1ybzpk2._.js:2477
[     401ms] [LOG] [Fast Refresh] done in 224ms @ http://localhost:3000/_next/static/chunks/node_modules_next_dist_1ybzpk2._.js:2477
[     988ms] [VERBOSE] [DOM] Input elements should have autocomplete attributes (suggested: "username"): (More info: https://goo.gl/9p2vKq) %o @ http://localhost:3000/signup:0
[    3908ms] [WARNING] The resource https://enjoyed-mudfish-95.clerk.accounts.dev/npm/@clerk/ui@1/dist/ui.browser.js was preloaded using link preload but not used within a few seconds from the window's load event. Please make sure it has an appropriate `as` value and it is preloaded intentionally. @ http://localhost:3000/signup:0
[   18935ms] [WARNING] The resource https://enjoyed-mudfish-95.clerk.accounts.dev/npm/@clerk/ui@1/dist/ui.browser.js was preloaded using link preload but not used within a few seconds from the window's load event. Please make sure it has an appropriate `as` value and it is preloaded intentionally. @ http://localhost:3000/signup:0
[   21635ms] [WARNING] WebGL: INVALID_ENUM: getInternalformatParameter: invalid internalformat @ https://challenges.cloudflare.com/cdn-cgi/challenge-platform/h/g/turnstile/f/av0/rch/2f3tu/0x4AAAAAAAWXJGBD7bONzLBd/auto/fbE/new/normal?lang=en-us:0
[   21636ms] [WARNING] WebGL: INVALID_ENUM: getInternalformatParameter: invalid internalformat @ https://challenges.cloudflare.com/cdn-cgi/challenge-platform/h/g/turnstile/f/av0/rch/2f3tu/0x4AAAAAAAWXJGBD7bONzLBd/auto/fbE/new/normal?lang=en-us:0
[   21637ms] [WARNING] WebGL: INVALID_ENUM: getInternalformatParameter: invalid internalformat @ https://challenges.cloudflare.com/cdn-cgi/challenge-platform/h/g/turnstile/f/av0/rch/2f3tu/0x4AAAAAAAWXJGBD7bONzLBd/auto/fbE/new/normal?lang=en-us:0
[   21637ms] [WARNING] WebGL: INVALID_ENUM: getInternalformatParameter: invalid internalformat @ https://challenges.cloudflare.com/cdn-cgi/challenge-platform/h/g/turnstile/f/av0/rch/2f3tu/0x4AAAAAAAWXJGBD7bONzLBd/auto/fbE/new/normal?lang=en-us:0
[   21637ms] [WARNING] WebGL: INVALID_ENUM: getInternalformatParameter: invalid internalformat @ https://challenges.cloudflare.com/cdn-cgi/challenge-platform/h/g/turnstile/f/av0/rch/2f3tu/0x4AAAAAAAWXJGBD7bONzLBd/auto/fbE/new/normal?lang=en-us:0
[   21637ms] [WARNING] WebGL: INVALID_ENUM: getInternalformatParameter: invalid internalformat @ https://challenges.cloudflare.com/cdn-cgi/challenge-platform/h/g/turnstile/f/av0/rch/2f3tu/0x4AAAAAAAWXJGBD7bONzLBd/auto/fbE/new/normal?lang=en-us:0
[   21637ms] [WARNING] WebGL: INVALID_ENUM: getInternalformatParameter: invalid internalformat @ https://challenges.cloudflare.com/cdn-cgi/challenge-platform/h/g/turnstile/f/av0/rch/2f3tu/0x4AAAAAAAWXJGBD7bONzLBd/auto/fbE/new/normal?lang=en-us:0
[   21637ms] [WARNING] WebGL: INVALID_ENUM: getInternalformatParameter: invalid internalformat @ https://challenges.cloudflare.com/cdn-cgi/challenge-platform/h/g/turnstile/f/av0/rch/2f3tu/0x4AAAAAAAWXJGBD7bONzLBd/auto/fbE/new/normal?lang=en-us:0
[   21638ms] [WARNING] WebGL: INVALID_ENUM: getInternalformatParameter: invalid internalformat @ https://challenges.cloudflare.com/cdn-cgi/challenge-platform/h/g/turnstile/f/av0/rch/2f3tu/0x4AAAAAAAWXJGBD7bONzLBd/auto/fbE/new/normal?lang=en-us:0
[   21638ms] [WARNING] WebGL: INVALID_ENUM: getInternalformatParameter: invalid internalformat @ https://challenges.cloudflare.com/cdn-cgi/challenge-platform/h/g/turnstile/f/av0/rch/2f3tu/0x4AAAAAAAWXJGBD7bONzLBd/auto/fbE/new/normal?lang=en-us:0
[   21639ms] [WARNING] WebGL: INVALID_ENUM: getInternalformatParameter: invalid internalformat @ https://challenges.cloudflare.com/cdn-cgi/challenge-platform/h/g/turnstile/f/av0/rch/2f3tu/0x4AAAAAAAWXJGBD7bONzLBd/auto/fbE/new/normal?lang=en-us:0
[   21641ms] [WARNING] WebGL: INVALID_ENUM: getInternalformatParameter: invalid internalformat when EXT_color_buffer_[half_]float is not enabled @ https://challenges.cloudflare.com/cdn-cgi/challenge-platform/h/g/turnstile/f/av0/rch/2f3tu/0x4AAAAAAAWXJGBD7bONzLBd/auto/fbE/new/normal?lang=en-us:0
[   21642ms] [WARNING] WebGL: INVALID_ENUM: getInternalformatParameter: invalid internalformat when EXT_color_buffer_float is not enabled @ https://challenges.cloudflare.com/cdn-cgi/challenge-platform/h/g/turnstile/f/av0/rch/2f3tu/0x4AAAAAAAWXJGBD7bONzLBd/auto/fbE/new/normal?lang=en-us:0
[   21642ms] [WARNING] WebGL: INVALID_ENUM: getInternalformatParameter: invalid internalformat when EXT_color_buffer_float is not enabled @ https://challenges.cloudflare.com/cdn-cgi/challenge-platform/h/g/turnstile/f/av0/rch/2f3tu/0x4AAAAAAAWXJGBD7bONzLBd/auto/fbE/new/normal?lang=en-us:0
[   21642ms] [WARNING] WebGL: INVALID_ENUM: getInternalformatParameter: invalid internalformat @ https://challenges.cloudflare.com/cdn-cgi/challenge-platform/h/g/turnstile/f/av0/rch/2f3tu/0x4AAAAAAAWXJGBD7bONzLBd/auto/fbE/new/normal?lang=en-us:0
[   21642ms] [WARNING] WebGL: INVALID_ENUM: getInternalformatParameter: invalid internalformat when EXT_color_buffer_[half_]float is not enabled @ https://challenges.cloudflare.com/cdn-cgi/challenge-platform/h/g/turnstile/f/av0/rch/2f3tu/0x4AAAAAAAWXJGBD7bONzLBd/auto/fbE/new/normal?lang=en-us:0
[   21642ms] [WARNING] WebGL: INVALID_ENUM: getInternalformatParameter: invalid internalformat when EXT_color_buffer_float is not enabled @ https://challenges.cloudflare.com/cdn-cgi/challenge-platform/h/g/turnstile/f/av0/rch/2f3tu/0x4AAAAAAAWXJGBD7bONzLBd/auto/fbE/new/normal?lang=en-us:0
[   21642ms] [WARNING] WebGL: INVALID_ENUM: getInternalformatParameter: invalid internalformat when EXT_color_buffer_[half_]float is not enabled @ https://challenges.cloudflare.com/cdn-cgi/challenge-platform/h/g/turnstile/f/av0/rch/2f3tu/0x4AAAAAAAWXJGBD7bONzLBd/auto/fbE/new/normal?lang=en-us:0
[   21643ms] [WARNING] WebGL: INVALID_ENUM: getInternalformatParameter: invalid internalformat when EXT_color_buffer_float is not enabled @ https://challenges.cloudflare.com/cdn-cgi/challenge-platform/h/g/turnstile/f/av0/rch/2f3tu/0x4AAAAAAAWXJGBD7bONzLBd/auto/fbE/new/normal?lang=en-us:0
[   21725ms] [LOG] [Fast Refresh] rebuilding @ http://localhost:3000/_next/static/chunks/node_modules_next_dist_1ybzpk2._.js:2477
[   21776ms] [WARNING] The powerPreference option is currently ignored when calling requestAdapter() on Windows. See https://crbug.com/369219127 @ https://challenges.cloudflare.com/cdn-cgi/challenge-platform/h/g/turnstile/f/av0/rch/2f3tu/0x4AAAAAAAWXJGBD7bONzLBd/auto/fbE/new/normal?lang=en-us:0
[   21776ms] [WARNING] The powerPreference option is currently ignored when calling requestAdapter() on Windows. See https://crbug.com/369219127 @ https://challenges.cloudflare.com/cdn-cgi/challenge-platform/h/g/turnstile/f/av0/rch/2f3tu/0x4AAAAAAAWXJGBD7bONzLBd/auto/fbE/new/normal?lang=en-us:0
[   21777ms] [LOG] [Fast Refresh] done in 160ms @ http://localhost:3000/_next/static/chunks/node_modules_next_dist_1ybzpk2._.js:2477
[   21797ms] [WARNING] No available adapters. @ https://challenges.cloudflare.com/cdn-cgi/challenge-platform/h/g/turnstile/f/av0/rch/2f3tu/0x4AAAAAAAWXJGBD7bONzLBd/auto/fbE/new/normal?lang=en-us:0
[   21815ms] [LOG] /.*.*=.*/ @ https://challenges.cloudflare.com/cdn-cgi/challenge-platform/h/g/turnstile/f/av0/rch/2f3tu/0x4AAAAAAAWXJGBD7bONzLBd/auto/fbE/new/normal?lang=en-us:0
[   21815ms] [LOG] /.*.*=.*/ @ https://challenges.cloudflare.com/cdn-cgi/challenge-platform/h/g/turnstile/f/av0/rch/2f3tu/0x4AAAAAAAWXJGBD7bONzLBd/auto/fbE/new/normal?lang=en-us:0
[   21815ms] [LOG] function () { [native code] } @ https://challenges.cloudflare.com/cdn-cgi/challenge-platform/h/g/turnstile/f/av0/rch/2f3tu/0x4AAAAAAAWXJGBD7bONzLBd/auto/fbE/new/normal?lang=en-us:0
[   21815ms] [LOG] function () { [native code] } @ https://challenges.cloudflare.com/cdn-cgi/challenge-platform/h/g/turnstile/f/av0/rch/2f3tu/0x4AAAAAAAWXJGBD7bONzLBd/auto/fbE/new/normal?lang=en-us:0
[   21816ms] [LOG] JSHandle@node @ https://challenges.cloudflare.com/cdn-cgi/challenge-platform/h/g/turnstile/f/av0/rch/2f3tu/0x4AAAAAAAWXJGBD7bONzLBd/auto/fbE/new/normal?lang=en-us:0
[   21816ms] [LOG] JSHandle@node @ https://challenges.cloudflare.com/cdn-cgi/challenge-platform/h/g/turnstile/f/av0/rch/2f3tu/0x4AAAAAAAWXJGBD7bONzLBd/auto/fbE/new/normal?lang=en-us:0
[   21816ms] [COUNT]  : 1 @ https://challenges.cloudflare.com/cdn-cgi/challenge-platform/h/g/turnstile/f/av0/rch/2f3tu/0x4AAAAAAAWXJGBD7bONzLBd/auto/fbE/new/normal?lang=en-us:0
[   21816ms] [COUNT]  : 1 @ https://challenges.cloudflare.com/cdn-cgi/challenge-platform/h/g/turnstile/f/av0/rch/2f3tu/0x4AAAAAAAWXJGBD7bONzLBd/auto/fbE/new/normal?lang=en-us:0
[   21817ms] [DIR]  Error @ https://challenges.cloudflare.com/cdn-cgi/challenge-platform/h/g/turnstile/f/av0/rch/2f3tu/0x4AAAAAAAWXJGBD7bONzLBd/auto/fbE/new/normal?lang=en-us:0
[   21817ms] [DIR]  Error @ https://challenges.cloudflare.com/cdn-cgi/challenge-platform/h/g/turnstile/f/av0/rch/2f3tu/0x4AAAAAAAWXJGBD7bONzLBd/auto/fbE/new/normal?lang=en-us:0
[   21817ms] [DIRXML] %c%d font-size:0;color:transparent Error @ https://challenges.cloudflare.com/cdn-cgi/challenge-platform/h/g/turnstile/f/av0/rch/2f3tu/0x4AAAAAAAWXJGBD7bONzLBd/auto/fbE/new/normal?lang=en-us:0
[   21818ms] [DIRXML] %c%d font-size:0;color:transparent Error @ https://challenges.cloudflare.com/cdn-cgi/challenge-platform/h/g/turnstile/f/av0/rch/2f3tu/0x4AAAAAAAWXJGBD7bONzLBd/auto/fbE/new/normal?lang=en-us:0
[   21818ms] [ERROR] %c%d font-size:0;color:transparent NaN @ https://challenges.cloudflare.com/cdn-cgi/challenge-platform/h/g/turnstile/f/av0/rch/2f3tu/0x4AAAAAAAWXJGBD7bONzLBd/auto/fbE/new/normal?lang=en-us:0
[   21818ms] [ERROR] %c%d font-size:0;color:transparent NaN @ https://challenges.cloudflare.com/cdn-cgi/challenge-platform/h/g/turnstile/f/av0/rch/2f3tu/0x4AAAAAAAWXJGBD7bONzLBd/auto/fbE/new/normal?lang=en-us:0
[   21818ms] [INFO] %c%d font-size:0;color:transparent NaN @ https://challenges.cloudflare.com/cdn-cgi/challenge-platform/h/g/turnstile/f/av0/rch/2f3tu/0x4AAAAAAAWXJGBD7bONzLBd/auto/fbE/new/normal?lang=en-us:0
[   21819ms] [INFO] %c%d font-size:0;color:transparent NaN @ https://challenges.cloudflare.com/cdn-cgi/challenge-platform/h/g/turnstile/f/av0/rch/2f3tu/0x4AAAAAAAWXJGBD7bONzLBd/auto/fbE/new/normal?lang=en-us:0
[   21819ms] [LOG] %c%d font-size:0;color:transparent NaN @ https://challenges.cloudflare.com/cdn-cgi/challenge-platform/h/g/turnstile/f/av0/rch/2f3tu/0x4AAAAAAAWXJGBD7bONzLBd/auto/fbE/new/normal?lang=en-us:0
[   21819ms] [LOG] %c%d font-size:0;color:transparent NaN @ https://challenges.cloudflare.com/cdn-cgi/challenge-platform/h/g/turnstile/f/av0/rch/2f3tu/0x4AAAAAAAWXJGBD7bONzLBd/auto/fbE/new/normal?lang=en-us:0
[   21819ms] [TABLE] %c%d font-size:0;color:transparent Error @ https://challenges.cloudflare.com/cdn-cgi/challenge-platform/h/g/turnstile/f/av0/rch/2f3tu/0x4AAAAAAAWXJGBD7bONzLBd/auto/fbE/new/normal?lang=en-us:0
[   21820ms] [TABLE] %c%d font-size:0;color:transparent Error @ https://challenges.cloudflare.com/cdn-cgi/challenge-platform/h/g/turnstile/f/av0/rch/2f3tu/0x4AAAAAAAWXJGBD7bONzLBd/auto/fbE/new/normal?lang=en-us:0
[   21820ms] [WARNING] %c%d font-size:0;color:transparent NaN @ https://challenges.cloudflare.com/cdn-cgi/challenge-platform/h/g/turnstile/f/av0/rch/2f3tu/0x4AAAAAAAWXJGBD7bONzLBd/auto/fbE/new/normal?lang=en-us:0
[   21820ms] [WARNING] %c%d font-size:0;color:transparent NaN @ https://challenges.cloudflare.com/cdn-cgi/challenge-platform/h/g/turnstile/f/av0/rch/2f3tu/0x4AAAAAAAWXJGBD7bONzLBd/auto/fbE/new/normal?lang=en-us:0
[   22144ms] [WARNING] OTS parsing error: Size of decompressed WOFF 2.0 is less than compressed size @ https://challenges.cloudflare.com/cdn-cgi/challenge-platform/h/g/turnstile/f/av0/rch/2f3tu/0x4AAAAAAAWXJGBD7bONzLBd/auto/fbE/new/normal?lang=en-us:0
[   23161ms] [LOG] %c[Vercel Speed Insights]%c [vitals] color: rgb(120, 120, 120) color: inherit {speed: 4g, metrics: Array(4), scriptVersion: 0.1.3, sdkName: @vercel/speed-insights/next, sdkVersion: 2.0.0} /_vercel/speed-insights/vitals @ http://localhost:3000/_next/static/chunks/node_modules_next_dist_1ybzpk2._.js:2477
[   26573ms] [WARNING] The resource https://enjoyed-mudfish-95.clerk.accounts.dev/npm/@clerk/ui@1/dist/ui.browser.js was preloaded using link preload but not used within a few seconds from the window's load event. Please make sure it has an appropriate `as` value and it is preloaded intentionally. @ http://localhost:3000/signup#/verify-email-address:0
[   38017ms] [VERBOSE] [DOM] Input elements should have autocomplete attributes (suggested: "username"): (More info: https://goo.gl/9p2vKq) %o @ http://localhost:3000/signup:0
[   39277ms] [WARNING] Detected `scroll-behavior: smooth` on the `<html>` element. To disable smooth scrolling during route transitions, add `data-scroll-behavior="smooth"` to your <html> element. Learn more: https://nextjs.org/docs/messages/missing-data-scroll-behavior @ http://localhost:3000/_next/static/chunks/node_modules_next_dist_1ybzpk2._.js:2477
[   39286ms] [LOG] %c[Vercel Web Analytics]%c [view] http://localhost:3000/onboarding color: rgb(120, 120, 120) color: inherit {o: http://localhost:3000/onboarding, sv: 0.1.3, sdkn: @vercel/analytics/next, sdkv: 2.0.1, ts: 1785001726413} /_vercel/insights/view @ http://localhost:3000/_next/static/chunks/node_modules_next_dist_1ybzpk2._.js:2477
[   39309ms] [WARNING] Image with src "http://localhost:3000/logo.svg" has either width or height modified, but not the other. If you use CSS to change the size of your image, also include the styles 'width: "auto"' or 'height: "auto"' to maintain the aspect ratio. @ http://localhost:3000/_next/static/chunks/node_modules_next_dist_1ybzpk2._.js:2477
[   43436ms] [WARNING] The resource https://enjoyed-mudfish-95.clerk.accounts.dev/npm/@clerk/ui@1/dist/ui.browser.js was preloaded using link preload but not used within a few seconds from the window's load event. Please make sure it has an appropriate `as` value and it is preloaded intentionally. @ http://localhost:3000/onboarding:0
[   48473ms] [LOG] [Fast Refresh] rebuilding @ http://localhost:3000/_next/static/chunks/node_modules_next_dist_1ybzpk2._.js:2477
[   48535ms] [LOG] [Fast Refresh] done in 175ms @ http://localhost:3000/_next/static/chunks/node_modules_next_dist_1ybzpk2._.js:2477
[   53368ms] [LOG] [Fast Refresh] rebuilding @ http://localhost:3000/_next/static/chunks/node_modules_next_dist_1ybzpk2._.js:2477
[   53384ms] [LOG] [Fast Refresh] done in 126ms @ http://localhost:3000/_next/static/chunks/node_modules_next_dist_1ybzpk2._.js:2477
[   77021ms] [LOG] [Fast Refresh] rebuilding @ http://localhost:3000/_next/static/chunks/node_modules_next_dist_1ybzpk2._.js:2477
[   77037ms] [LOG] [Fast Refresh] done in 123ms @ http://localhost:3000/_next/static/chunks/node_modules_next_dist_1ybzpk2._.js:2477
[   84632ms] [WARNING] The resource https://enjoyed-mudfish-95.clerk.accounts.dev/npm/@clerk/ui@1/dist/ui.browser.js was preloaded using link preload but not used within a few seconds from the window's load event. Please make sure it has an appropriate `as` value and it is preloaded intentionally. @ http://localhost:3000/onboarding:0
[   99986ms] [LOG] [Fast Refresh] rebuilding @ http://localhost:3000/_next/static/chunks/node_modules_next_dist_1ybzpk2._.js:2477
[  100002ms] [LOG] [Fast Refresh] done in 131ms @ http://localhost:3000/_next/static/chunks/node_modules_next_dist_1ybzpk2._.js:2477
[  111535ms] [LOG] [Fast Refresh] rebuilding @ http://localhost:3000/_next/static/chunks/node_modules_next_dist_1ybzpk2._.js:2477
[  111598ms] [LOG] [Fast Refresh] done in 176ms @ http://localhost:3000/_next/static/chunks/node_modules_next_dist_1ybzpk2._.js:2477
[  116160ms] [LOG] [Fast Refresh] rebuilding @ http://localhost:3000/_next/static/chunks/node_modules_next_dist_1ybzpk2._.js:2477
[  116239ms] [LOG] [Fast Refresh] done in 180ms @ http://localhost:3000/_next/static/chunks/node_modules_next_dist_1ybzpk2._.js:2477
[  127864ms] [WARNING] The resource https://enjoyed-mudfish-95.clerk.accounts.dev/npm/@clerk/ui@1/dist/ui.browser.js was preloaded using link preload but not used within a few seconds from the window's load event. Please make sure it has an appropriate `as` value and it is preloaded intentionally. @ http://localhost:3000/onboarding:0
[  134397ms] [LOG] [Fast Refresh] rebuilding @ http://localhost:3000/_next/static/chunks/node_modules_next_dist_1ybzpk2._.js:2477
[  134413ms] [LOG] [Fast Refresh] done in 126ms @ http://localhost:3000/_next/static/chunks/node_modules_next_dist_1ybzpk2._.js:2477
[  146051ms] [LOG] [Fast Refresh] rebuilding @ http://localhost:3000/_next/static/chunks/node_modules_next_dist_1ybzpk2._.js:2477
[  146068ms] [LOG] [Fast Refresh] done in 127ms @ http://localhost:3000/_next/static/chunks/node_modules_next_dist_1ybzpk2._.js:2477
[  153778ms] [LOG] %c[Vercel Web Analytics]%c [view] http://localhost:3000/dashboard color: rgb(120, 120, 120) color: inherit {o: http://localhost:3000/dashboard, sv: 0.1.3, sdkn: @vercel/analytics/next, sdkv: 2.0.1, ts: 1785001840908} /_vercel/insights/view @ http://localhost:3000/_next/static/chunks/node_modules_next_dist_1ybzpk2._.js:2477
[  153861ms] [LOG] [Fast Refresh] rebuilding @ http://localhost:3000/_next/static/chunks/node_modules_next_dist_1ybzpk2._.js:2477
[  153872ms] [LOG] [Fast Refresh] done in 112ms @ http://localhost:3000/_next/static/chunks/node_modules_next_dist_1ybzpk2._.js:2477
[  154396ms] [LOG] [Fast Refresh] rebuilding @ http://localhost:3000/_next/static/chunks/node_modules_next_dist_1ybzpk2._.js:2477
[  154413ms] [LOG] [Fast Refresh] done in 124ms @ http://localhost:3000/_next/static/chunks/node_modules_next_dist_1ybzpk2._.js:2477
[  154882ms] [LOG] %c[Vercel Web Analytics]%c [view] http://localhost:3000/onboarding color: rgb(120, 120, 120) color: inherit {o: http://localhost:3000/onboarding, sv: 0.1.3, sdkn: @vercel/analytics/next, sdkv: 2.0.1, ts: 1785001842014} /_vercel/insights/view @ http://localhost:3000/_next/static/chunks/node_modules_next_dist_1ybzpk2._.js:2477
[  154982ms] [LOG] %c[Vercel Web Analytics]%c [view] http://localhost:3000/dashboard color: rgb(120, 120, 120) color: inherit {o: http://localhost:3000/dashboard, sv: 0.1.3, sdkn: @vercel/analytics/next, sdkv: 2.0.1, ts: 1785001842114} /_vercel/insights/view @ http://localhost:3000/_next/static/chunks/node_modules_next_dist_1ybzpk2._.js:2477
[  155306ms] [LOG] %c[Vercel Web Analytics]%c [view] http://localhost:3000/onboarding color: rgb(120, 120, 120) color: inherit {o: http://localhost:3000/onboarding, sv: 0.1.3, sdkn: @vercel/analytics/next, sdkv: 2.0.1, ts: 1785001842438} /_vercel/insights/view @ http://localhost:3000/_next/static/chunks/node_modules_next_dist_1ybzpk2._.js:2477
[  155401ms] [LOG] %c[Vercel Web Analytics]%c [view] http://localhost:3000/dashboard color: rgb(120, 120, 120) color: inherit {o: http://localhost:3000/dashboard, sv: 0.1.3, sdkn: @vercel/analytics/next, sdkv: 2.0.1, ts: 1785001842533} /_vercel/insights/view @ http://localhost:3000/_next/static/chunks/node_modules_next_dist_1ybzpk2._.js:2477
[  155770ms] [LOG] %c[Vercel Web Analytics]%c [view] http://localhost:3000/onboarding color: rgb(120, 120, 120) color: inherit {o: http://localhost:3000/onboarding, sv: 0.1.3, sdkn: @vercel/analytics/next, sdkv: 2.0.1, ts: 1785001842902} /_vercel/insights/view @ http://localhost:3000/_next/static/chunks/node_modules_next_dist_1ybzpk2._.js:2477
[  155851ms] [LOG] %c[Vercel Web Analytics]%c [view] http://localhost:3000/dashboard color: rgb(120, 120, 120) color: inherit {o: http://localhost:3000/dashboard, sv: 0.1.3, sdkn: @vercel/analytics/next, sdkv: 2.0.1, ts: 1785001842983} /_vercel/insights/view @ http://localhost:3000/_next/static/chunks/node_modules_next_dist_1ybzpk2._.js:2477
[  155890ms] [LOG] [Fast Refresh] rebuilding @ http://localhost:3000/_next/static/chunks/node_modules_next_dist_1ybzpk2._.js:2477
[  155951ms] [LOG] [Fast Refresh] done in 163ms @ http://localhost:3000/_next/static/chunks/node_modules_next_dist_1ybzpk2._.js:2477
[  156204ms] [LOG] %c[Vercel Web Analytics]%c [view] http://localhost:3000/onboarding color: rgb(120, 120, 120) color: inherit {o: http://localhost:3000/onboarding, sv: 0.1.3, sdkn: @vercel/analytics/next, sdkv: 2.0.1, ts: 1785001843336} /_vercel/insights/view @ http://localhost:3000/_next/static/chunks/node_modules_next_dist_1ybzpk2._.js:2477
[  156281ms] [LOG] %c[Vercel Web Analytics]%c [view] http://localhost:3000/dashboard color: rgb(120, 120, 120) color: inherit {o: http://localhost:3000/dashboard, sv: 0.1.3, sdkn: @vercel/analytics/next, sdkv: 2.0.1, ts: 1785001843413} /_vercel/insights/view @ http://localhost:3000/_next/static/chunks/node_modules_next_dist_1ybzpk2._.js:2477
[  156610ms] [LOG] %c[Vercel Web Analytics]%c [view] http://localhost:3000/onboarding color: rgb(120, 120, 120) color: inherit {o: http://localhost:3000/onboarding, sv: 0.1.3, sdkn: @vercel/analytics/next, sdkv: 2.0.1, ts: 1785001843743} /_vercel/insights/view @ http://localhost:3000/_next/static/chunks/node_modules_next_dist_1ybzpk2._.js:2477
[  156689ms] [LOG] %c[Vercel Web Analytics]%c [view] http://localhost:3000/dashboard color: rgb(120, 120, 120) color: inherit {o: http://localhost:3000/dashboard, sv: 0.1.3, sdkn: @vercel/analytics/next, sdkv: 2.0.1, ts: 1785001843822} /_vercel/insights/view @ http://localhost:3000/_next/static/chunks/node_modules_next_dist_1ybzpk2._.js:2477
[  157022ms] [LOG] %c[Vercel Web Analytics]%c [view] http://localhost:3000/onboarding color: rgb(120, 120, 120) color: inherit {o: http://localhost:3000/onboarding, sv: 0.1.3, sdkn: @vercel/analytics/next, sdkv: 2.0.1, ts: 1785001844155} /_vercel/insights/view @ http://localhost:3000/_next/static/chunks/node_modules_next_dist_1ybzpk2._.js:2477
[  157119ms] [LOG] %c[Vercel Web Analytics]%c [view] http://localhost:3000/dashboard color: rgb(120, 120, 120) color: inherit {o: http://localhost:3000/dashboard, sv: 0.1.3, sdkn: @vercel/analytics/next, sdkv: 2.0.1, ts: 1785001844251} /_vercel/insights/view @ http://localhost:3000/_next/static/chunks/node_modules_next_dist_1ybzpk2._.js:2477
[  157190ms] [LOG] [Fast Refresh] rebuilding @ http://localhost:3000/_next/static/chunks/node_modules_next_dist_1ybzpk2._.js:2477
[  157209ms] [LOG] [Fast Refresh] done in 120ms @ http://localhost:3000/_next/static/chunks/node_modules_next_dist_1ybzpk2._.js:2477
[  157445ms] [LOG] %c[Vercel Web Analytics]%c [view] http://localhost:3000/onboarding color: rgb(120, 120, 120) color: inherit {o: http://localhost:3000/onboarding, sv: 0.1.3, sdkn: @vercel/analytics/next, sdkv: 2.0.1, ts: 1785001844577} /_vercel/insights/view @ http://localhost:3000/_next/static/chunks/node_modules_next_dist_1ybzpk2._.js:2477
[  157524ms] [LOG] %c[Vercel Web Analytics]%c [view] http://localhost:3000/dashboard color: rgb(120, 120, 120) color: inherit {o: http://localhost:3000/dashboard, sv: 0.1.3, sdkn: @vercel/analytics/next, sdkv: 2.0.1, ts: 1785001844657} /_vercel/insights/view @ http://localhost:3000/_next/static/chunks/node_modules_next_dist_1ybzpk2._.js:2477
[  157863ms] [LOG] %c[Vercel Web Analytics]%c [view] http://localhost:3000/onboarding color: rgb(120, 120, 120) color: inherit {o: http://localhost:3000/onboarding, sv: 0.1.3, sdkn: @vercel/analytics/next, sdkv: 2.0.1, ts: 1785001844996} /_vercel/insights/view @ http://localhost:3000/_next/static/chunks/node_modules_next_dist_1ybzpk2._.js:2477
[  157952ms] [LOG] %c[Vercel Web Analytics]%c [view] http://localhost:3000/dashboard color: rgb(120, 120, 120) color: inherit {o: http://localhost:3000/dashboard, sv: 0.1.3, sdkn: @vercel/analytics/next, sdkv: 2.0.1, ts: 1785001845084} /_vercel/insights/view @ http://localhost:3000/_next/static/chunks/node_modules_next_dist_1ybzpk2._.js:2477
[  158296ms] [LOG] %c[Vercel Web Analytics]%c [view] http://localhost:3000/onboarding color: rgb(120, 120, 120) color: inherit {o: http://localhost:3000/onboarding, sv: 0.1.3, sdkn: @vercel/analytics/next, sdkv: 2.0.1, ts: 1785001845428} /_vercel/insights/view @ http://localhost:3000/_next/static/chunks/node_modules_next_dist_1ybzpk2._.js:2477
[  158374ms] [LOG] %c[Vercel Web Analytics]%c [view] http://localhost:3000/dashboard color: rgb(120, 120, 120) color: inherit {o: http://localhost:3000/dashboard, sv: 0.1.3, sdkn: @vercel/analytics/next, sdkv: 2.0.1, ts: 1785001845506} /_vercel/insights/view @ http://localhost:3000/_next/static/chunks/node_modules_next_dist_1ybzpk2._.js:2477
[  158704ms] [LOG] %c[Vercel Web Analytics]%c [view] http://localhost:3000/onboarding color: rgb(120, 120, 120) color: inherit {o: http://localhost:3000/onboarding, sv: 0.1.3, sdkn: @vercel/analytics/next, sdkv: 2.0.1, ts: 1785001845837} /_vercel/insights/view @ http://localhost:3000/_next/static/chunks/node_modules_next_dist_1ybzpk2._.js:2477
[  158799ms] [LOG] %c[Vercel Web Analytics]%c [view] http://localhost:3000/dashboard color: rgb(120, 120, 120) color: inherit {o: http://localhost:3000/dashboard, sv: 0.1.3, sdkn: @vercel/analytics/next, sdkv: 2.0.1, ts: 1785001845932} /_vercel/insights/view @ http://localhost:3000/_next/static/chunks/node_modules_next_dist_1ybzpk2._.js:2477
[  159134ms] [LOG] %c[Vercel Web Analytics]%c [view] http://localhost:3000/onboarding color: rgb(120, 120, 120) color: inherit {o: http://localhost:3000/onboarding, sv: 0.1.3, sdkn: @vercel/analytics/next, sdkv: 2.0.1, ts: 1785001846266} /_vercel/insights/view @ http://localhost:3000/_next/static/chunks/node_modules_next_dist_1ybzpk2._.js:2477
[  159272ms] [LOG] %c[Vercel Web Analytics]%c [view] http://localhost:3000/dashboard color: rgb(120, 120, 120) color: inherit {o: http://localhost:3000/dashboard, sv: 0.1.3, sdkn: @vercel/analytics/next, sdkv: 2.0.1, ts: 1785001846403} /_vercel/insights/view @ http://localhost:3000/_next/static/chunks/node_modules_next_dist_1ybzpk2._.js:2477
[  159612ms] [LOG] %c[Vercel Web Analytics]%c [view] http://localhost:3000/onboarding color: rgb(120, 120, 120) color: inherit {o: http://localhost:3000/onboarding, sv: 0.1.3, sdkn: @vercel/analytics/next, sdkv: 2.0.1, ts: 1785001846745} /_vercel/insights/view @ http://localhost:3000/_next/static/chunks/node_modules_next_dist_1ybzpk2._.js:2477
[  159701ms] [LOG] %c[Vercel Web Analytics]%c [view] http://localhost:3000/dashboard color: rgb(120, 120, 120) color: inherit {o: http://localhost:3000/dashboard, sv: 0.1.3, sdkn: @vercel/analytics/next, sdkv: 2.0.1, ts: 1785001846834} /_vercel/insights/view @ http://localhost:3000/_next/static/chunks/node_modules_next_dist_1ybzpk2._.js:2477
[  160085ms] [LOG] %c[Vercel Web Analytics]%c [view] http://localhost:3000/onboarding color: rgb(120, 120, 120) color: inherit {o: http://localhost:3000/onboarding, sv: 0.1.3, sdkn: @vercel/analytics/next, sdkv: 2.0.1, ts: 1785001847218} /_vercel/insights/view @ http://localhost:3000/_next/static/chunks/node_modules_next_dist_1ybzpk2._.js:2477
[  160163ms] [LOG] %c[Vercel Web Analytics]%c [view] http://localhost:3000/dashboard color: rgb(120, 120, 120) color: inherit {o: http://localhost:3000/dashboard, sv: 0.1.3, sdkn: @vercel/analytics/next, sdkv: 2.0.1, ts: 1785001847295} /_vercel/insights/view @ http://localhost:3000/_next/static/chunks/node_modules_next_dist_1ybzpk2._.js:2477
[  160498ms] [LOG] %c[Vercel Web Analytics]%c [view] http://localhost:3000/onboarding color: rgb(120, 120, 120) color: inherit {o: http://localhost:3000/onboarding, sv: 0.1.3, sdkn: @vercel/analytics/next, sdkv: 2.0.1, ts: 1785001847630} /_vercel/insights/view @ http://localhost:3000/_next/static/chunks/node_modules_next_dist_1ybzpk2._.js:2477
[  160583ms] [LOG] %c[Vercel Web Analytics]%c [view] http://localhost:3000/dashboard color: rgb(120, 120, 120) color: inherit {o: http://localhost:3000/dashboard, sv: 0.1.3, sdkn: @vercel/analytics/next, sdkv: 2.0.1, ts: 1785001847716} /_vercel/insights/view @ http://localhost:3000/_next/static/chunks/node_modules_next_dist_1ybzpk2._.js:2477
[  160913ms] [LOG] %c[Vercel Web Analytics]%c [view] http://localhost:3000/onboarding color: rgb(120, 120, 120) color: inherit {o: http://localhost:3000/onboarding, sv: 0.1.3, sdkn: @vercel/analytics/next, sdkv: 2.0.1, ts: 1785001848046} /_vercel/insights/view @ http://localhost:3000/_next/static/chunks/node_modules_next_dist_1ybzpk2._.js:2477
[  160991ms] [LOG] %c[Vercel Web Analytics]%c [view] http://localhost:3000/dashboard color: rgb(120, 120, 120) color: inherit {o: http://localhost:3000/dashboard, sv: 0.1.3, sdkn: @vercel/analytics/next, sdkv: 2.0.1, ts: 1785001848124} /_vercel/insights/view @ http://localhost:3000/_next/static/chunks/node_modules_next_dist_1ybzpk2._.js:2477
[  161317ms] [LOG] %c[Vercel Web Analytics]%c [view] http://localhost:3000/onboarding color: rgb(120, 120, 120) color: inherit {o: http://localhost:3000/onboarding, sv: 0.1.3, sdkn: @vercel/analytics/next, sdkv: 2.0.1, ts: 1785001848449} /_vercel/insights/view @ http://localhost:3000/_next/static/chunks/node_modules_next_dist_1ybzpk2._.js:2477
[  161401ms] [LOG] %c[Vercel Web Analytics]%c [view] http://localhost:3000/dashboard color: rgb(120, 120, 120) color: inherit {o: http://localhost:3000/dashboard, sv: 0.1.3, sdkn: @vercel/analytics/next, sdkv: 2.0.1, ts: 1785001848533} /_vercel/insights/view @ http://localhost:3000/_next/static/chunks/node_modules_next_dist_1ybzpk2._.js:2477
[  161433ms] [LOG] [Fast Refresh] rebuilding @ http://localhost:3000/_next/static/chunks/node_modules_next_dist_1ybzpk2._.js:2477
[  161497ms] [LOG] [Fast Refresh] done in 166ms @ http://localhost:3000/_next/static/chunks/node_modules_next_dist_1ybzpk2._.js:2477
[  161735ms] [LOG] %c[Vercel Web Analytics]%c [view] http://localhost:3000/onboarding color: rgb(120, 120, 120) color: inherit {o: http://localhost:3000/onboarding, sv: 0.1.3, sdkn: @vercel/analytics/next, sdkv: 2.0.1, ts: 1785001848868} /_vercel/insights/view @ http://localhost:3000/_next/static/chunks/node_modules_next_dist_1ybzpk2._.js:2477
[  161814ms] [LOG] %c[Vercel Web Analytics]%c [view] http://localhost:3000/dashboard color: rgb(120, 120, 120) color: inherit {o: http://localhost:3000/dashboard, sv: 0.1.3, sdkn: @vercel/analytics/next, sdkv: 2.0.1, ts: 1785001848947} /_vercel/insights/view @ http://localhost:3000/_next/static/chunks/node_modules_next_dist_1ybzpk2._.js:2477
[  162150ms] [LOG] %c[Vercel Web Analytics]%c [view] http://localhost:3000/onboarding color: rgb(120, 120, 120) color: inherit {o: http://localhost:3000/onboarding, sv: 0.1.3, sdkn: @vercel/analytics/next, sdkv: 2.0.1, ts: 1785001849283} /_vercel/insights/view @ http://localhost:3000/_next/static/chunks/node_modules_next_dist_1ybzpk2._.js:2477
[  162228ms] [LOG] %c[Vercel Web Analytics]%c [view] http://localhost:3000/dashboard color: rgb(120, 120, 120) color: inherit {o: http://localhost:3000/dashboard, sv: 0.1.3, sdkn: @vercel/analytics/next, sdkv: 2.0.1, ts: 1785001849361} /_vercel/insights/view @ http://localhost:3000/_next/static/chunks/node_modules_next_dist_1ybzpk2._.js:2477
[  162261ms] [LOG] [Fast Refresh] rebuilding @ http://localhost:3000/_next/static/chunks/node_modules_next_dist_1ybzpk2._.js:2477
[  162328ms] [LOG] [Fast Refresh] done in 166ms @ http://localhost:3000/_next/static/chunks/node_modules_next_dist_1ybzpk2._.js:2477
[  162550ms] [LOG] %c[Vercel Web Analytics]%c [view] http://localhost:3000/onboarding color: rgb(120, 120, 120) color: inherit {o: http://localhost:3000/onboarding, sv: 0.1.3, sdkn: @vercel/analytics/next, sdkv: 2.0.1, ts: 1785001849682} /_vercel/insights/view @ http://localhost:3000/_next/static/chunks/node_modules_next_dist_1ybzpk2._.js:2477
[  162633ms] [LOG] %c[Vercel Web Analytics]%c [view] http://localhost:3000/dashboard color: rgb(120, 120, 120) color: inherit {o: http://localhost:3000/dashboard, sv: 0.1.3, sdkn: @vercel/analytics/next, sdkv: 2.0.1, ts: 1785001849765} /_vercel/insights/view @ http://localhost:3000/_next/static/chunks/node_modules_next_dist_1ybzpk2._.js:2477
[  162991ms] [LOG] %c[Vercel Web Analytics]%c [view] http://localhost:3000/onboarding color: rgb(120, 120, 120) color: inherit {o: http://localhost:3000/onboarding, sv: 0.1.3, sdkn: @vercel/analytics/next, sdkv: 2.0.1, ts: 1785001850124} /_vercel/insights/view @ http://localhost:3000/_next/static/chunks/node_modules_next_dist_1ybzpk2._.js:2477
[  163072ms] [LOG] %c[Vercel Web Analytics]%c [view] http://localhost:3000/dashboard color: rgb(120, 120, 120) color: inherit {o: http://localhost:3000/dashboard, sv: 0.1.3, sdkn: @vercel/analytics/next, sdkv: 2.0.1, ts: 1785001850205} /_vercel/insights/view @ http://localhost:3000/_next/static/chunks/node_modules_next_dist_1ybzpk2._.js:2477
[  163411ms] [LOG] %c[Vercel Web Analytics]%c [view] http://localhost:3000/onboarding color: rgb(120, 120, 120) color: inherit {o: http://localhost:3000/onboarding, sv: 0.1.3, sdkn: @vercel/analytics/next, sdkv: 2.0.1, ts: 1785001850544} /_vercel/insights/view @ http://localhost:3000/_next/static/chunks/node_modules_next_dist_1ybzpk2._.js:2477
[  163502ms] [LOG] %c[Vercel Web Analytics]%c [view] http://localhost:3000/dashboard color: rgb(120, 120, 120) color: inherit {o: http://localhost:3000/dashboard, sv: 0.1.3, sdkn: @vercel/analytics/next, sdkv: 2.0.1, ts: 1785001850635} /_vercel/insights/view @ http://localhost:3000/_next/static/chunks/node_modules_next_dist_1ybzpk2._.js:2477
[  163839ms] [LOG] %c[Vercel Web Analytics]%c [view] http://localhost:3000/onboarding color: rgb(120, 120, 120) color: inherit {o: http://localhost:3000/onboarding, sv: 0.1.3, sdkn: @vercel/analytics/next, sdkv: 2.0.1, ts: 1785001850971} /_vercel/insights/view @ http://localhost:3000/_next/static/chunks/node_modules_next_dist_1ybzpk2._.js:2477
[  163931ms] [LOG] %c[Vercel Web Analytics]%c [view] http://localhost:3000/dashboard color: rgb(120, 120, 120) color: inherit {o: http://localhost:3000/dashboard, sv: 0.1.3, sdkn: @vercel/analytics/next, sdkv: 2.0.1, ts: 1785001851064} /_vercel/insights/view @ http://localhost:3000/_next/static/chunks/node_modules_next_dist_1ybzpk2._.js:2477
[  164271ms] [LOG] %c[Vercel Web Analytics]%c [view] http://localhost:3000/onboarding color: rgb(120, 120, 120) color: inherit {o: http://localhost:3000/onboarding, sv: 0.1.3, sdkn: @vercel/analytics/next, sdkv: 2.0.1, ts: 1785001851404} /_vercel/insights/view @ http://localhost:3000/_next/static/chunks/node_modules_next_dist_1ybzpk2._.js:2477
[  164381ms] [LOG] %c[Vercel Web Analytics]%c [view] http://localhost:3000/dashboard color: rgb(120, 120, 120) color: inherit {o: http://localhost:3000/dashboard, sv: 0.1.3, sdkn: @vercel/analytics/next, sdkv: 2.0.1, ts: 1785001851513} /_vercel/insights/view @ http://localhost:3000/_next/static/chunks/node_modules_next_dist_1ybzpk2._.js:2477
[  164721ms] [LOG] %c[Vercel Web Analytics]%c [view] http://localhost:3000/onboarding color: rgb(120, 120, 120) color: inherit {o: http://localhost:3000/onboarding, sv: 0.1.3, sdkn: @vercel/analytics/next, sdkv: 2.0.1, ts: 1785001851854} /_vercel/insights/view @ http://localhost:3000/_next/static/chunks/node_modules_next_dist_1ybzpk2._.js:2477
[  164800ms] [LOG] %c[Vercel Web Analytics]%c [view] http://localhost:3000/dashboard color: rgb(120, 120, 120) color: inherit {o: http://localhost:3000/dashboard, sv: 0.1.3, sdkn: @vercel/analytics/next, sdkv: 2.0.1, ts: 1785001851932} /_vercel/insights/view @ http://localhost:3000/_next/static/chunks/node_modules_next_dist_1ybzpk2._.js:2477
[  165123ms] [LOG] %c[Vercel Web Analytics]%c [view] http://localhost:3000/onboarding color: rgb(120, 120, 120) color: inherit {o: http://localhost:3000/onboarding, sv: 0.1.3, sdkn: @vercel/analytics/next, sdkv: 2.0.1, ts: 1785001852256} /_vercel/insights/view @ http://localhost:3000/_next/static/chunks/node_modules_next_dist_1ybzpk2._.js:2477
[  165221ms] [LOG] %c[Vercel Web Analytics]%c [view] http://localhost:3000/dashboard color: rgb(120, 120, 120) color: inherit {o: http://localhost:3000/dashboard, sv: 0.1.3, sdkn: @vercel/analytics/next, sdkv: 2.0.1, ts: 1785001852353} /_vercel/insights/view @ http://localhost:3000/_next/static/chunks/node_modules_next_dist_1ybzpk2._.js:2477
[  165610ms] [LOG] %c[Vercel Web Analytics]%c [view] http://localhost:3000/onboarding color: rgb(120, 120, 120) color: inherit {o: http://localhost:3000/onboarding, sv: 0.1.3, sdkn: @vercel/analytics/next, sdkv: 2.0.1, ts: 1785001852743} /_vercel/insights/view @ http://localhost:3000/_next/static/chunks/node_modules_next_dist_1ybzpk2._.js:2477
[  165693ms] [LOG] %c[Vercel Web Analytics]%c [view] http://localhost:3000/dashboard color: rgb(120, 120, 120) color: inherit {o: http://localhost:3000/dashboard, sv: 0.1.3, sdkn: @vercel/analytics/next, sdkv: 2.0.1, ts: 1785001852826} /_vercel/insights/view @ http://localhost:3000/_next/static/chunks/node_modules_next_dist_1ybzpk2._.js:2477
[  166034ms] [LOG] %c[Vercel Web Analytics]%c [view] http://localhost:3000/onboarding color: rgb(120, 120, 120) color: inherit {o: http://localhost:3000/onboarding, sv: 0.1.3, sdkn: @vercel/analytics/next, sdkv: 2.0.1, ts: 1785001853166} /_vercel/insights/view @ http://localhost:3000/_next/static/chunks/node_modules_next_dist_1ybzpk2._.js:2477
[  166117ms] [LOG] %c[Vercel Web Analytics]%c [view] http://localhost:3000/dashboard color: rgb(120, 120, 120) color: inherit {o: http://localhost:3000/dashboard, sv: 0.1.3, sdkn: @vercel/analytics/next, sdkv: 2.0.1, ts: 1785001853250} /_vercel/insights/view @ http://localhost:3000/_next/static/chunks/node_modules_next_dist_1ybzpk2._.js:2477
[  166158ms] [LOG] [Fast Refresh] rebuilding @ http://localhost:3000/_next/static/chunks/node_modules_next_dist_1ybzpk2._.js:2477
[  166212ms] [LOG] [Fast Refresh] done in 155ms @ http://localhost:3000/_next/static/chunks/node_modules_next_dist_1ybzpk2._.js:2477
[  166455ms] [LOG] %c[Vercel Web Analytics]%c [view] http://localhost:3000/onboarding color: rgb(120, 120, 120) color: inherit {o: http://localhost:3000/onboarding, sv: 0.1.3, sdkn: @vercel/analytics/next, sdkv: 2.0.1, ts: 1785001853587} /_vercel/insights/view @ http://localhost:3000/_next/static/chunks/node_modules_next_dist_1ybzpk2._.js:2477
[  166554ms] [LOG] %c[Vercel Web Analytics]%c [view] http://localhost:3000/dashboard color: rgb(120, 120, 120) color: inherit {o: http://localhost:3000/dashboard, sv: 0.1.3, sdkn: @vercel/analytics/next, sdkv: 2.0.1, ts: 1785001853687} /_vercel/insights/view @ http://localhost:3000/_next/static/chunks/node_modules_next_dist_1ybzpk2._.js:2477
[  166890ms] [LOG] %c[Vercel Web Analytics]%c [view] http://localhost:3000/onboarding color: rgb(120, 120, 120) color: inherit {o: http://localhost:3000/onboarding, sv: 0.1.3, sdkn: @vercel/analytics/next, sdkv: 2.0.1, ts: 1785001854023} /_vercel/insights/view @ http://localhost:3000/_next/static/chunks/node_modules_next_dist_1ybzpk2._.js:2477
[  166979ms] [LOG] %c[Vercel Web Analytics]%c [view] http://localhost:3000/dashboard color: rgb(120, 120, 120) color: inherit {o: http://localhost:3000/dashboard, sv: 0.1.3, sdkn: @vercel/analytics/next, sdkv: 2.0.1, ts: 1785001854111} /_vercel/insights/view @ http://localhost:3000/_next/static/chunks/node_modules_next_dist_1ybzpk2._.js:2477
[  167311ms] [LOG] %c[Vercel Web Analytics]%c [view] http://localhost:3000/onboarding color: rgb(120, 120, 120) color: inherit {o: http://localhost:3000/onboarding, sv: 0.1.3, sdkn: @vercel/analytics/next, sdkv: 2.0.1, ts: 1785001854444} /_vercel/insights/view @ http://localhost:3000/_next/static/chunks/node_modules_next_dist_1ybzpk2._.js:2477
[  167394ms] [LOG] %c[Vercel Web Analytics]%c [view] http://localhost:3000/dashboard color: rgb(120, 120, 120) color: inherit {o: http://localhost:3000/dashboard, sv: 0.1.3, sdkn: @vercel/analytics/next, sdkv: 2.0.1, ts: 1785001854527} /_vercel/insights/view @ http://localhost:3000/_next/static/chunks/node_modules_next_dist_1ybzpk2._.js:2477
[  167749ms] [LOG] %c[Vercel Web Analytics]%c [view] http://localhost:3000/onboarding color: rgb(120, 120, 120) color: inherit {o: http://localhost:3000/onboarding, sv: 0.1.3, sdkn: @vercel/analytics/next, sdkv: 2.0.1, ts: 1785001854881} /_vercel/insights/view @ http://localhost:3000/_next/static/chunks/node_modules_next_dist_1ybzpk2._.js:2477
[  167821ms] [LOG] %c[Vercel Web Analytics]%c [view] http://localhost:3000/dashboard color: rgb(120, 120, 120) color: inherit {o: http://localhost:3000/dashboard, sv: 0.1.3, sdkn: @vercel/analytics/next, sdkv: 2.0.1, ts: 1785001854954} /_vercel/insights/view @ http://localhost:3000/_next/static/chunks/node_modules_next_dist_1ybzpk2._.js:2477
[  168170ms] [LOG] %c[Vercel Web Analytics]%c [view] http://localhost:3000/onboarding color: rgb(120, 120, 120) color: inherit {o: http://localhost:3000/onboarding, sv: 0.1.3, sdkn: @vercel/analytics/next, sdkv: 2.0.1, ts: 1785001855302} /_vercel/insights/view @ http://localhost:3000/_next/static/chunks/node_modules_next_dist_1ybzpk2._.js:2477
[  168240ms] [LOG] %c[Vercel Web Analytics]%c [view] http://localhost:3000/dashboard color: rgb(120, 120, 120) color: inherit {o: http://localhost:3000/dashboard, sv: 0.1.3, sdkn: @vercel/analytics/next, sdkv: 2.0.1, ts: 1785001855373} /_vercel/insights/view @ http://localhost:3000/_next/static/chunks/node_modules_next_dist_1ybzpk2._.js:2477
[  168582ms] [LOG] %c[Vercel Web Analytics]%c [view] http://localhost:3000/onboarding color: rgb(120, 120, 120) color: inherit {o: http://localhost:3000/onboarding, sv: 0.1.3, sdkn: @vercel/analytics/next, sdkv: 2.0.1, ts: 1785001855715} /_vercel/insights/view @ http://localhost:3000/_next/static/chunks/node_modules_next_dist_1ybzpk2._.js:2477
[  168657ms] [LOG] %c[Vercel Web Analytics]%c [view] http://localhost:3000/dashboard color: rgb(120, 120, 120) color: inherit {o: http://localhost:3000/dashboard, sv: 0.1.3, sdkn: @vercel/analytics/next, sdkv: 2.0.1, ts: 1785001855790} /_vercel/insights/view @ http://localhost:3000/_next/static/chunks/node_modules_next_dist_1ybzpk2._.js:2477
[  168992ms] [LOG] %c[Vercel Web Analytics]%c [view] http://localhost:3000/onboarding color: rgb(120, 120, 120) color: inherit {o: http://localhost:3000/onboarding, sv: 0.1.3, sdkn: @vercel/analytics/next, sdkv: 2.0.1, ts: 1785001856124} /_vercel/insights/view @ http://localhost:3000/_next/static/chunks/node_modules_next_dist_1ybzpk2._.js:2477
[  169073ms] [LOG] %c[Vercel Web Analytics]%c [view] http://localhost:3000/dashboard color: rgb(120, 120, 120) color: inherit {o: http://localhost:3000/dashboard, sv: 0.1.3, sdkn: @vercel/analytics/next, sdkv: 2.0.1, ts: 1785001856205} /_vercel/insights/view @ http://localhost:3000/_next/static/chunks/node_modules_next_dist_1ybzpk2._.js:2477
[  169409ms] [LOG] %c[Vercel Web Analytics]%c [view] http://localhost:3000/onboarding color: rgb(120, 120, 120) color: inherit {o: http://localhost:3000/onboarding, sv: 0.1.3, sdkn: @vercel/analytics/next, sdkv: 2.0.1, ts: 1785001856542} /_vercel/insights/view @ http://localhost:3000/_next/static/chunks/node_modules_next_dist_1ybzpk2._.js:2477
[  169479ms] [LOG] %c[Vercel Web Analytics]%c [view] http://localhost:3000/dashboard color: rgb(120, 120, 120) color: inherit {o: http://localhost:3000/dashboard, sv: 0.1.3, sdkn: @vercel/analytics/next, sdkv: 2.0.1, ts: 1785001856612} /_vercel/insights/view @ http://localhost:3000/_next/static/chunks/node_modules_next_dist_1ybzpk2._.js:2477
[  171206ms] [LOG] %c[Vercel Web Analytics]%c [view] http://localhost:3000/onboarding color: rgb(120, 120, 120) color: inherit {o: http://localhost:3000/onboarding, sv: 0.1.3, sdkn: @vercel/analytics/next, sdkv: 2.0.1, ts: 1785001858339} /_vercel/insights/view @ http://localhost:3000/_next/static/chunks/node_modules_next_dist_1ybzpk2._.js:2477
[  171301ms] [LOG] %c[Vercel Web Analytics]%c [view] http://localhost:3000/dashboard color: rgb(120, 120, 120) color: inherit {o: http://localhost:3000/dashboard, sv: 0.1.3, sdkn: @vercel/analytics/next, sdkv: 2.0.1, ts: 1785001858434} /_vercel/insights/view @ http://localhost:3000/_next/static/chunks/node_modules_next_dist_1ybzpk2._.js:2477
[  171643ms] [LOG] %c[Vercel Web Analytics]%c [view] http://localhost:3000/onboarding color: rgb(120, 120, 120) color: inherit {o: http://localhost:3000/onboarding, sv: 0.1.3, sdkn: @vercel/analytics/next, sdkv: 2.0.1, ts: 1785001858776} /_vercel/insights/view @ http://localhost:3000/_next/static/chunks/node_modules_next_dist_1ybzpk2._.js:2477
[  171738ms] [LOG] %c[Vercel Web Analytics]%c [view] http://localhost:3000/dashboard color: rgb(120, 120, 120) color: inherit {o: http://localhost:3000/dashboard, sv: 0.1.3, sdkn: @vercel/analytics/next, sdkv: 2.0.1, ts: 1785001858870} /_vercel/insights/view @ http://localhost:3000/_next/static/chunks/node_modules_next_dist_1ybzpk2._.js:2477
[  172082ms] [LOG] %c[Vercel Web Analytics]%c [view] http://localhost:3000/onboarding color: rgb(120, 120, 120) color: inherit {o: http://localhost:3000/onboarding, sv: 0.1.3, sdkn: @vercel/analytics/next, sdkv: 2.0.1, ts: 1785001859215} /_vercel/insights/view @ http://localhost:3000/_next/static/chunks/node_modules_next_dist_1ybzpk2._.js:2477
[  172165ms] [LOG] %c[Vercel Web Analytics]%c [view] http://localhost:3000/dashboard color: rgb(120, 120, 120) color: inherit {o: http://localhost:3000/dashboard, sv: 0.1.3, sdkn: @vercel/analytics/next, sdkv: 2.0.1, ts: 1785001859298} /_vercel/insights/view @ http://localhost:3000/_next/static/chunks/node_modules_next_dist_1ybzpk2._.js:2477
[  172521ms] [LOG] %c[Vercel Web Analytics]%c [view] http://localhost:3000/onboarding color: rgb(120, 120, 120) color: inherit {o: http://localhost:3000/onboarding, sv: 0.1.3, sdkn: @vercel/analytics/next, sdkv: 2.0.1, ts: 1785001859653} /_vercel/insights/view @ http://localhost:3000/_next/static/chunks/node_modules_next_dist_1ybzpk2._.js:2477
[  172614ms] [LOG] %c[Vercel Web Analytics]%c [view] http://localhost:3000/dashboard color: rgb(120, 120, 120) color: inherit {o: http://localhost:3000/dashboard, sv: 0.1.3, sdkn: @vercel/analytics/next, sdkv: 2.0.1, ts: 1785001859747} /_vercel/insights/view @ http://localhost:3000/_next/static/chunks/node_modules_next_dist_1ybzpk2._.js:2477
[  172940ms] [LOG] %c[Vercel Web Analytics]%c [view] http://localhost:3000/onboarding color: rgb(120, 120, 120) color: inherit {o: http://localhost:3000/onboarding, sv: 0.1.3, sdkn: @vercel/analytics/next, sdkv: 2.0.1, ts: 1785001860073} /_vercel/insights/view @ http://localhost:3000/_next/static/chunks/node_modules_next_dist_1ybzpk2._.js:2477
[  173035ms] [LOG] %c[Vercel Web Analytics]%c [view] http://localhost:3000/dashboard color: rgb(120, 120, 120) color: inherit {o: http://localhost:3000/dashboard, sv: 0.1.3, sdkn: @vercel/analytics/next, sdkv: 2.0.1, ts: 1785001860168} /_vercel/insights/view @ http://localhost:3000/_next/static/chunks/node_modules_next_dist_1ybzpk2._.js:2477
[  173377ms] [LOG] %c[Vercel Web Analytics]%c [view] http://localhost:3000/onboarding color: rgb(120, 120, 120) color: inherit {o: http://localhost:3000/onboarding, sv: 0.1.3, sdkn: @vercel/analytics/next, sdkv: 2.0.1, ts: 1785001860508} /_vercel/insights/view @ http://localhost:3000/_next/static/chunks/node_modules_next_dist_1ybzpk2._.js:2477
[  173485ms] [LOG] %c[Vercel Web Analytics]%c [view] http://localhost:3000/dashboard color: rgb(120, 120, 120) color: inherit {o: http://localhost:3000/dashboard, sv: 0.1.3, sdkn: @vercel/analytics/next, sdkv: 2.0.1, ts: 1785001860617} /_vercel/insights/view @ http://localhost:3000/_next/static/chunks/node_modules_next_dist_1ybzpk2._.js:2477
[  173845ms] [LOG] %c[Vercel Web Analytics]%c [view] http://localhost:3000/onboarding color: rgb(120, 120, 120) color: inherit {o: http://localhost:3000/onboarding, sv: 0.1.3, sdkn: @vercel/analytics/next, sdkv: 2.0.1, ts: 1785001860978} /_vercel/insights/view @ http://localhost:3000/_next/static/chunks/node_modules_next_dist_1ybzpk2._.js:2477
[  173935ms] [LOG] %c[Vercel Web Analytics]%c [view] http://localhost:3000/dashboard color: rgb(120, 120, 120) color: inherit {o: http://localhost:3000/dashboard, sv: 0.1.3, sdkn: @vercel/analytics/next, sdkv: 2.0.1, ts: 1785001861068} /_vercel/insights/view @ http://localhost:3000/_next/static/chunks/node_modules_next_dist_1ybzpk2._.js:2477
[  174314ms] [LOG] %c[Vercel Web Analytics]%c [view] http://localhost:3000/onboarding color: rgb(120, 120, 120) color: inherit {o: http://localhost:3000/onboarding, sv: 0.1.3, sdkn: @vercel/analytics/next, sdkv: 2.0.1, ts: 1785001861446} /_vercel/insights/view @ http://localhost:3000/_next/static/chunks/node_modules_next_dist_1ybzpk2._.js:2477
[  174410ms] [LOG] %c[Vercel Web Analytics]%c [view] http://localhost:3000/dashboard color: rgb(120, 120, 120) color: inherit {o: http://localhost:3000/dashboard, sv: 0.1.3, sdkn: @vercel/analytics/next, sdkv: 2.0.1, ts: 1785001861536} /_vercel/insights/view @ http://localhost:3000/_next/static/chunks/node_modules_next_dist_1ybzpk2._.js:2477
[  174751ms] [LOG] %c[Vercel Web Analytics]%c [view] http://localhost:3000/onboarding color: rgb(120, 120, 120) color: inherit {o: http://localhost:3000/onboarding, sv: 0.1.3, sdkn: @vercel/analytics/next, sdkv: 2.0.1, ts: 1785001861883} /_vercel/insights/view @ http://localhost:3000/_next/static/chunks/node_modules_next_dist_1ybzpk2._.js:2477
[  174825ms] [LOG] %c[Vercel Web Analytics]%c [view] http://localhost:3000/dashboard color: rgb(120, 120, 120) color: inherit {o: http://localhost:3000/dashboard, sv: 0.1.3, sdkn: @vercel/analytics/next, sdkv: 2.0.1, ts: 1785001861957} /_vercel/insights/view @ http://localhost:3000/_next/static/chunks/node_modules_next_dist_1ybzpk2._.js:2477
[  175166ms] [LOG] %c[Vercel Web Analytics]%c [view] http://localhost:3000/onboarding color: rgb(120, 120, 120) color: inherit {o: http://localhost:3000/onboarding, sv: 0.1.3, sdkn: @vercel/analytics/next, sdkv: 2.0.1, ts: 1785001862299} /_vercel/insights/view @ http://localhost:3000/_next/static/chunks/node_modules_next_dist_1ybzpk2._.js:2477
[  175262ms] [LOG] %c[Vercel Web Analytics]%c [view] http://localhost:3000/dashboard color: rgb(120, 120, 120) color: inherit {o: http://localhost:3000/dashboard, sv: 0.1.3, sdkn: @vercel/analytics/next, sdkv: 2.0.1, ts: 1785001862394} /_vercel/insights/view @ http://localhost:3000/_next/static/chunks/node_modules_next_dist_1ybzpk2._.js:2477
[  175606ms] [LOG] %c[Vercel Web Analytics]%c [view] http://localhost:3000/onboarding color: rgb(120, 120, 120) color: inherit {o: http://localhost:3000/onboarding, sv: 0.1.3, sdkn: @vercel/analytics/next, sdkv: 2.0.1, ts: 1785001862738} /_vercel/insights/view @ http://localhost:3000/_next/static/chunks/node_modules_next_dist_1ybzpk2._.js:2477
[  175706ms] [LOG] %c[Vercel Web Analytics]%c [view] http://localhost:3000/dashboard color: rgb(120, 120, 120) color: inherit {o: http://localhost:3000/dashboard, sv: 0.1.3, sdkn: @vercel/analytics/next, sdkv: 2.0.1, ts: 1785001862838} /_vercel/insights/view @ http://localhost:3000/_next/static/chunks/node_modules_next_dist_1ybzpk2._.js:2477
[  176044ms] [LOG] %c[Vercel Web Analytics]%c [view] http://localhost:3000/onboarding color: rgb(120, 120, 120) color: inherit {o: http://localhost:3000/onboarding, sv: 0.1.3, sdkn: @vercel/analytics/next, sdkv: 2.0.1, ts: 1785001863177} /_vercel/insights/view @ http://localhost:3000/_next/static/chunks/node_modules_next_dist_1ybzpk2._.js:2477
[  176129ms] [LOG] %c[Vercel Web Analytics]%c [view] http://localhost:3000/dashboard color: rgb(120, 120, 120) color: inherit {o: http://localhost:3000/dashboard, sv: 0.1.3, sdkn: @vercel/analytics/next, sdkv: 2.0.1, ts: 1785001863262} /_vercel/insights/view @ http://localhost:3000/_next/static/chunks/node_modules_next_dist_1ybzpk2._.js:2477
[  176482ms] [LOG] %c[Vercel Web Analytics]%c [view] http://localhost:3000/onboarding color: rgb(120, 120, 120) color: inherit {o: http://localhost:3000/onboarding, sv: 0.1.3, sdkn: @vercel/analytics/next, sdkv: 2.0.1, ts: 1785001863614} /_vercel/insights/view @ http://localhost:3000/_next/static/chunks/node_modules_next_dist_1ybzpk2._.js:2477
[  176581ms] [LOG] %c[Vercel Web Analytics]%c [view] http://localhost:3000/dashboard color: rgb(120, 120, 120) color: inherit {o: http://localhost:3000/dashboard, sv: 0.1.3, sdkn: @vercel/analytics/next, sdkv: 2.0.1, ts: 1785001863714} /_vercel/insights/view @ http://localhost:3000/_next/static/chunks/node_modules_next_dist_1ybzpk2._.js:2477
[  176923ms] [LOG] %c[Vercel Web Analytics]%c [view] http://localhost:3000/onboarding color: rgb(120, 120, 120) color: inherit {o: http://localhost:3000/onboarding, sv: 0.1.3, sdkn: @vercel/analytics/next, sdkv: 2.0.1, ts: 1785001864056} /_vercel/insights/view @ http://localhost:3000/_next/static/chunks/node_modules_next_dist_1ybzpk2._.js:2477
[  176999ms] [LOG] %c[Vercel Web Analytics]%c [view] http://localhost:3000/dashboard color: rgb(120, 120, 120) color: inherit {o: http://localhost:3000/dashboard, sv: 0.1.3, sdkn: @vercel/analytics/next, sdkv: 2.0.1, ts: 1785001864132} /_vercel/insights/view @ http://localhost:3000/_next/static/chunks/node_modules_next_dist_1ybzpk2._.js:2477
[  177039ms] [LOG] [Fast Refresh] rebuilding @ http://localhost:3000/_next/static/chunks/node_modules_next_dist_1ybzpk2._.js:2477
[  177094ms] [LOG] [Fast Refresh] done in 158ms @ http://localhost:3000/_next/static/chunks/node_modules_next_dist_1ybzpk2._.js:2477
[  177332ms] [LOG] %c[Vercel Web Analytics]%c [view] http://localhost:3000/onboarding color: rgb(120, 120, 120) color: inherit {o: http://localhost:3000/onboarding, sv: 0.1.3, sdkn: @vercel/analytics/next, sdkv: 2.0.1, ts: 1785001864465} /_vercel/insights/view @ http://localhost:3000/_next/static/chunks/node_modules_next_dist_1ybzpk2._.js:2477
[  177424ms] [LOG] %c[Vercel Web Analytics]%c [view] http://localhost:3000/dashboard color: rgb(120, 120, 120) color: inherit {o: http://localhost:3000/dashboard, sv: 0.1.3, sdkn: @vercel/analytics/next, sdkv: 2.0.1, ts: 1785001864556} /_vercel/insights/view @ http://localhost:3000/_next/static/chunks/node_modules_next_dist_1ybzpk2._.js:2477
[  177762ms] [LOG] %c[Vercel Web Analytics]%c [view] http://localhost:3000/onboarding color: rgb(120, 120, 120) color: inherit {o: http://localhost:3000/onboarding, sv: 0.1.3, sdkn: @vercel/analytics/next, sdkv: 2.0.1, ts: 1785001864894} /_vercel/insights/view @ http://localhost:3000/_next/static/chunks/node_modules_next_dist_1ybzpk2._.js:2477
[  177840ms] [LOG] %c[Vercel Web Analytics]%c [view] http://localhost:3000/dashboard color: rgb(120, 120, 120) color: inherit {o: http://localhost:3000/dashboard, sv: 0.1.3, sdkn: @vercel/analytics/next, sdkv: 2.0.1, ts: 1785001864973} /_vercel/insights/view @ http://localhost:3000/_next/static/chunks/node_modules_next_dist_1ybzpk2._.js:2477
[  177881ms] [LOG] [Fast Refresh] rebuilding @ http://localhost:3000/_next/static/chunks/node_modules_next_dist_1ybzpk2._.js:2477
[  177947ms] [LOG] [Fast Refresh] done in 167ms @ http://localhost:3000/_next/static/chunks/node_modules_next_dist_1ybzpk2._.js:2477
[  178182ms] [LOG] %c[Vercel Web Analytics]%c [view] http://localhost:3000/onboarding color: rgb(120, 120, 120) color: inherit {o: http://localhost:3000/onboarding, sv: 0.1.3, sdkn: @vercel/analytics/next, sdkv: 2.0.1, ts: 1785001865315} /_vercel/insights/view @ http://localhost:3000/_next/static/chunks/node_modules_next_dist_1ybzpk2._.js:2477
[  178270ms] [LOG] %c[Vercel Web Analytics]%c [view] http://localhost:3000/dashboard color: rgb(120, 120, 120) color: inherit {o: http://localhost:3000/dashboard, sv: 0.1.3, sdkn: @vercel/analytics/next, sdkv: 2.0.1, ts: 1785001865403} /_vercel/insights/view @ http://localhost:3000/_next/static/chunks/node_modules_next_dist_1ybzpk2._.js:2477
[  178613ms] [LOG] %c[Vercel Web Analytics]%c [view] http://localhost:3000/onboarding color: rgb(120, 120, 120) color: inherit {o: http://localhost:3000/onboarding, sv: 0.1.3, sdkn: @vercel/analytics/next, sdkv: 2.0.1, ts: 1785001865746} /_vercel/insights/view @ http://localhost:3000/_next/static/chunks/node_modules_next_dist_1ybzpk2._.js:2477
[  178698ms] [LOG] %c[Vercel Web Analytics]%c [view] http://localhost:3000/dashboard color: rgb(120, 120, 120) color: inherit {o: http://localhost:3000/dashboard, sv: 0.1.3, sdkn: @vercel/analytics/next, sdkv: 2.0.1, ts: 1785001865831} /_vercel/insights/view @ http://localhost:3000/_next/static/chunks/node_modules_next_dist_1ybzpk2._.js:2477
[  179034ms] [LOG] %c[Vercel Web Analytics]%c [view] http://localhost:3000/onboarding color: rgb(120, 120, 120) color: inherit {o: http://localhost:3000/onboarding, sv: 0.1.3, sdkn: @vercel/analytics/next, sdkv: 2.0.1, ts: 1785001866166} /_vercel/insights/view @ http://localhost:3000/_next/static/chunks/node_modules_next_dist_1ybzpk2._.js:2477
[  179130ms] [LOG] %c[Vercel Web Analytics]%c [view] http://localhost:3000/dashboard color: rgb(120, 120, 120) color: inherit {o: http://localhost:3000/dashboard, sv: 0.1.3, sdkn: @vercel/analytics/next, sdkv: 2.0.1, ts: 1785001866263} /_vercel/insights/view @ http://localhost:3000/_next/static/chunks/node_modules_next_dist_1ybzpk2._.js:2477
[  179468ms] [LOG] %c[Vercel Web Analytics]%c [view] http://localhost:3000/onboarding color: rgb(120, 120, 120) color: inherit {o: http://localhost:3000/onboarding, sv: 0.1.3, sdkn: @vercel/analytics/next, sdkv: 2.0.1, ts: 1785001866601} /_vercel/insights/view @ http://localhost:3000/_next/static/chunks/node_modules_next_dist_1ybzpk2._.js:2477
[  179533ms] [LOG] %c[Vercel Web Analytics]%c [view] http://localhost:3000/dashboard color: rgb(120, 120, 120) color: inherit {o: http://localhost:3000/dashboard, sv: 0.1.3, sdkn: @vercel/analytics/next, sdkv: 2.0.1, ts: 1785001866666} /_vercel/insights/view @ http://localhost:3000/_next/static/chunks/node_modules_next_dist_1ybzpk2._.js:2477
[  179879ms] [LOG] %c[Vercel Web Analytics]%c [view] http://localhost:3000/onboarding color: rgb(120, 120, 120) color: inherit {o: http://localhost:3000/onboarding, sv: 0.1.3, sdkn: @vercel/analytics/next, sdkv: 2.0.1, ts: 1785001867011} /_vercel/insights/view @ http://localhost:3000/_next/static/chunks/node_modules_next_dist_1ybzpk2._.js:2477
[  179956ms] [LOG] %c[Vercel Web Analytics]%c [view] http://localhost:3000/dashboard color: rgb(120, 120, 120) color: inherit {o: http://localhost:3000/dashboard, sv: 0.1.3, sdkn: @vercel/analytics/next, sdkv: 2.0.1, ts: 1785001867088} /_vercel/insights/view @ http://localhost:3000/_next/static/chunks/node_modules_next_dist_1ybzpk2._.js:2477
[  180289ms] [LOG] %c[Vercel Web Analytics]%c [view] http://localhost:3000/onboarding color: rgb(120, 120, 120) color: inherit {o: http://localhost:3000/onboarding, sv: 0.1.3, sdkn: @vercel/analytics/next, sdkv: 2.0.1, ts: 1785001867422} /_vercel/insights/view @ http://localhost:3000/_next/static/chunks/node_modules_next_dist_1ybzpk2._.js:2477
[  180364ms] [LOG] %c[Vercel Web Analytics]%c [view] http://localhost:3000/dashboard color: rgb(120, 120, 120) color: inherit {o: http://localhost:3000/dashboard, sv: 0.1.3, sdkn: @vercel/analytics/next, sdkv: 2.0.1, ts: 1785001867497} /_vercel/insights/view @ http://localhost:3000/_next/static/chunks/node_modules_next_dist_1ybzpk2._.js:2477
[  180704ms] [LOG] %c[Vercel Web Analytics]%c [view] http://localhost:3000/onboarding color: rgb(120, 120, 120) color: inherit {o: http://localhost:3000/onboarding, sv: 0.1.3, sdkn: @vercel/analytics/next, sdkv: 2.0.1, ts: 1785001867837} /_vercel/insights/view @ http://localhost:3000/_next/static/chunks/node_modules_next_dist_1ybzpk2._.js:2477
[  180791ms] [LOG] %c[Vercel Web Analytics]%c [view] http://localhost:3000/dashboard color: rgb(120, 120, 120) color: inherit {o: http://localhost:3000/dashboard, sv: 0.1.3, sdkn: @vercel/analytics/next, sdkv: 2.0.1, ts: 1785001867923} /_vercel/insights/view @ http://localhost:3000/_next/static/chunks/node_modules_next_dist_1ybzpk2._.js:2477
[  181128ms] [LOG] %c[Vercel Web Analytics]%c [view] http://localhost:3000/onboarding color: rgb(120, 120, 120) color: inherit {o: http://localhost:3000/onboarding, sv: 0.1.3, sdkn: @vercel/analytics/next, sdkv: 2.0.1, ts: 1785001868260} /_vercel/insights/view @ http://localhost:3000/_next/static/chunks/node_modules_next_dist_1ybzpk2._.js:2477
[  181209ms] [LOG] %c[Vercel Web Analytics]%c [view] http://localhost:3000/dashboard color: rgb(120, 120, 120) color: inherit {o: http://localhost:3000/dashboard, sv: 0.1.3, sdkn: @vercel/analytics/next, sdkv: 2.0.1, ts: 1785001868342} /_vercel/insights/view @ http://localhost:3000/_next/static/chunks/node_modules_next_dist_1ybzpk2._.js:2477
[  181532ms] [LOG] %c[Vercel Web Analytics]%c [view] http://localhost:3000/onboarding color: rgb(120, 120, 120) color: inherit {o: http://localhost:3000/onboarding, sv: 0.1.3, sdkn: @vercel/analytics/next, sdkv: 2.0.1, ts: 1785001868665} /_vercel/insights/view @ http://localhost:3000/_next/static/chunks/node_modules_next_dist_1ybzpk2._.js:2477
[  181654ms] [LOG] %c[Vercel Web Analytics]%c [view] http://localhost:3000/dashboard color: rgb(120, 120, 120) color: inherit {o: http://localhost:3000/dashboard, sv: 0.1.3, sdkn: @vercel/analytics/next, sdkv: 2.0.1, ts: 1785001868786} /_vercel/insights/view @ http://localhost:3000/_next/static/chunks/node_modules_next_dist_1ybzpk2._.js:2477
[  182072ms] [LOG] %c[Vercel Web Analytics]%c [view] http://localhost:3000/onboarding color: rgb(120, 120, 120) color: inherit {o: http://localhost:3000/onboarding, sv: 0.1.3, sdkn: @vercel/analytics/next, sdkv: 2.0.1, ts: 1785001869205} /_vercel/insights/view @ http://localhost:3000/_next/static/chunks/node_modules_next_dist_1ybzpk2._.js:2477
[  182162ms] [LOG] %c[Vercel Web Analytics]%c [view] http://localhost:3000/dashboard color: rgb(120, 120, 120) color: inherit {o: http://localhost:3000/dashboard, sv: 0.1.3, sdkn: @vercel/analytics/next, sdkv: 2.0.1, ts: 1785001869294} /_vercel/insights/view @ http://localhost:3000/_next/static/chunks/node_modules_next_dist_1ybzpk2._.js:2477
[  182234ms] [LOG] [Fast Refresh] rebuilding @ http://localhost:3000/_next/static/chunks/node_modules_next_dist_1ybzpk2._.js:2477
[  182303ms] [LOG] [Fast Refresh] done in 170ms @ http://localhost:3000/_next/static/chunks/node_modules_next_dist_1ybzpk2._.js:2477
[  182510ms] [LOG] %c[Vercel Web Analytics]%c [view] http://localhost:3000/onboarding color: rgb(120, 120, 120) color: inherit {o: http://localhost:3000/onboarding, sv: 0.1.3, sdkn: @vercel/analytics/next, sdkv: 2.0.1, ts: 1785001869643} /_vercel/insights/view @ http://localhost:3000/_next/static/chunks/node_modules_next_dist_1ybzpk2._.js:2477
[  182583ms] [LOG] %c[Vercel Web Analytics]%c [view] http://localhost:3000/dashboard color: rgb(120, 120, 120) color: inherit {o: http://localhost:3000/dashboard, sv: 0.1.3, sdkn: @vercel/analytics/next, sdkv: 2.0.1, ts: 1785001869716} /_vercel/insights/view @ http://localhost:3000/_next/static/chunks/node_modules_next_dist_1ybzpk2._.js:2477
[  182920ms] [LOG] %c[Vercel Web Analytics]%c [view] http://localhost:3000/onboarding color: rgb(120, 120, 120) color: inherit {o: http://localhost:3000/onboarding, sv: 0.1.3, sdkn: @vercel/analytics/next, sdkv: 2.0.1, ts: 1785001870053} /_vercel/insights/view @ http://localhost:3000/_next/static/chunks/node_modules_next_dist_1ybzpk2._.js:2477
[  182996ms] [LOG] %c[Vercel Web Analytics]%c [view] http://localhost:3000/dashboard color: rgb(120, 120, 120) color: inherit {o: http://localhost:3000/dashboard, sv: 0.1.3, sdkn: @vercel/analytics/next, sdkv: 2.0.1, ts: 1785001870128} /_vercel/insights/view @ http://localhost:3000/_next/static/chunks/node_modules_next_dist_1ybzpk2._.js:2477
[  183330ms] [LOG] %c[Vercel Web Analytics]%c [view] http://localhost:3000/onboarding color: rgb(120, 120, 120) color: inherit {o: http://localhost:3000/onboarding, sv: 0.1.3, sdkn: @vercel/analytics/next, sdkv: 2.0.1, ts: 1785001870462} /_vercel/insights/view @ http://localhost:3000/_next/static/chunks/node_modules_next_dist_1ybzpk2._.js:2477
[  183412ms] [LOG] %c[Vercel Web Analytics]%c [view] http://localhost:3000/dashboard color: rgb(120, 120, 120) color: inherit {o: http://localhost:3000/dashboard, sv: 0.1.3, sdkn: @vercel/analytics/next, sdkv: 2.0.1, ts: 1785001870544} /_vercel/insights/view @ http://localhost:3000/_next/static/chunks/node_modules_next_dist_1ybzpk2._.js:2477
[  183443ms] [LOG] [Fast Refresh] rebuilding @ http://localhost:3000/_next/static/chunks/node_modules_next_dist_1ybzpk2._.js:2477
[  183503ms] [LOG] [Fast Refresh] done in 161ms @ http://localhost:3000/_next/static/chunks/node_modules_next_dist_1ybzpk2._.js:2477
[  183735ms] [LOG] %c[Vercel Web Analytics]%c [view] http://localhost:3000/onboarding color: rgb(120, 120, 120) color: inherit {o: http://localhost:3000/onboarding, sv: 0.1.3, sdkn: @vercel/analytics/next, sdkv: 2.0.1, ts: 1785001870868} /_vercel/insights/view @ http://localhost:3000/_next/static/chunks/node_modules_next_dist_1ybzpk2._.js:2477
[  183830ms] [LOG] %c[Vercel Web Analytics]%c [view] http://localhost:3000/dashboard color: rgb(120, 120, 120) color: inherit {o: http://localhost:3000/dashboard, sv: 0.1.3, sdkn: @vercel/analytics/next, sdkv: 2.0.1, ts: 1785001870962} /_vercel/insights/view @ http://localhost:3000/_next/static/chunks/node_modules_next_dist_1ybzpk2._.js:2477
[  183901ms] [LOG] [Fast Refresh] rebuilding @ http://localhost:3000/_next/static/chunks/node_modules_next_dist_1ybzpk2._.js:2477
[  183954ms] [LOG] [Fast Refresh] done in 153ms @ http://localhost:3000/_next/static/chunks/node_modules_next_dist_1ybzpk2._.js:2477
[  184154ms] [LOG] %c[Vercel Web Analytics]%c [view] http://localhost:3000/onboarding color: rgb(120, 120, 120) color: inherit {o: http://localhost:3000/onboarding, sv: 0.1.3, sdkn: @vercel/analytics/next, sdkv: 2.0.1, ts: 1785001871287} /_vercel/insights/view @ http://localhost:3000/_next/static/chunks/node_modules_next_dist_1ybzpk2._.js:2477
[  184251ms] [LOG] %c[Vercel Web Analytics]%c [view] http://localhost:3000/dashboard color: rgb(120, 120, 120) color: inherit {o: http://localhost:3000/dashboard, sv: 0.1.3, sdkn: @vercel/analytics/next, sdkv: 2.0.1, ts: 1785001871383} /_vercel/insights/view @ http://localhost:3000/_next/static/chunks/node_modules_next_dist_1ybzpk2._.js:2477
[  184589ms] [LOG] %c[Vercel Web Analytics]%c [view] http://localhost:3000/onboarding color: rgb(120, 120, 120) color: inherit {o: http://localhost:3000/onboarding, sv: 0.1.3, sdkn: @vercel/analytics/next, sdkv: 2.0.1, ts: 1785001871722} /_vercel/insights/view @ http://localhost:3000/_next/static/chunks/node_modules_next_dist_1ybzpk2._.js:2477
[  184658ms] [LOG] %c[Vercel Web Analytics]%c [view] http://localhost:3000/dashboard color: rgb(120, 120, 120) color: inherit {o: http://localhost:3000/dashboard, sv: 0.1.3, sdkn: @vercel/analytics/next, sdkv: 2.0.1, ts: 1785001871790} /_vercel/insights/view @ http://localhost:3000/_next/static/chunks/node_modules_next_dist_1ybzpk2._.js:2477
[  184988ms] [LOG] %c[Vercel Web Analytics]%c [view] http://localhost:3000/onboarding color: rgb(120, 120, 120) color: inherit {o: http://localhost:3000/onboarding, sv: 0.1.3, sdkn: @vercel/analytics/next, sdkv: 2.0.1, ts: 1785001872121} /_vercel/insights/view @ http://localhost:3000/_next/static/chunks/node_modules_next_dist_1ybzpk2._.js:2477
[  185062ms] [LOG] %c[Vercel Web Analytics]%c [view] http://localhost:3000/dashboard color: rgb(120, 120, 120) color: inherit {o: http://localhost:3000/dashboard, sv: 0.1.3, sdkn: @vercel/analytics/next, sdkv: 2.0.1, ts: 1785001872195} /_vercel/insights/view @ http://localhost:3000/_next/static/chunks/node_modules_next_dist_1ybzpk2._.js:2477
[  185422ms] [LOG] %c[Vercel Web Analytics]%c [view] http://localhost:3000/onboarding color: rgb(120, 120, 120) color: inherit {o: http://localhost:3000/onboarding, sv: 0.1.3, sdkn: @vercel/analytics/next, sdkv: 2.0.1, ts: 1785001872554} /_vercel/insights/view @ http://localhost:3000/_next/static/chunks/node_modules_next_dist_1ybzpk2._.js:2477
[  185512ms] [LOG] %c[Vercel Web Analytics]%c [view] http://localhost:3000/dashboard color: rgb(120, 120, 120) color: inherit {o: http://localhost:3000/dashboard, sv: 0.1.3, sdkn: @vercel/analytics/next, sdkv: 2.0.1, ts: 1785001872645} /_vercel/insights/view @ http://localhost:3000/_next/static/chunks/node_modules_next_dist_1ybzpk2._.js:2477
[  185555ms] [LOG] [Fast Refresh] rebuilding @ http://localhost:3000/_next/static/chunks/node_modules_next_dist_1ybzpk2._.js:2477
[  185610ms] [LOG] [Fast Refresh] done in 155ms @ http://localhost:3000/_next/static/chunks/node_modules_next_dist_1ybzpk2._.js:2477
[  185848ms] [LOG] %c[Vercel Web Analytics]%c [view] http://localhost:3000/onboarding color: rgb(120, 120, 120) color: inherit {o: http://localhost:3000/onboarding, sv: 0.1.3, sdkn: @vercel/analytics/next, sdkv: 2.0.1, ts: 1785001872981} /_vercel/insights/view @ http://localhost:3000/_next/static/chunks/node_modules_next_dist_1ybzpk2._.js:2477
[  185934ms] [LOG] %c[Vercel Web Analytics]%c [view] http://localhost:3000/dashboard color: rgb(120, 120, 120) color: inherit {o: http://localhost:3000/dashboard, sv: 0.1.3, sdkn: @vercel/analytics/next, sdkv: 2.0.1, ts: 1785001873067} /_vercel/insights/view @ http://localhost:3000/_next/static/chunks/node_modules_next_dist_1ybzpk2._.js:2477
[  186010ms] [LOG] [Fast Refresh] rebuilding @ http://localhost:3000/_next/static/chunks/node_modules_next_dist_1ybzpk2._.js:2477
[  186032ms] [LOG] [Fast Refresh] done in 122ms @ http://localhost:3000/_next/static/chunks/node_modules_next_dist_1ybzpk2._.js:2477
[  186267ms] [LOG] %c[Vercel Web Analytics]%c [view] http://localhost:3000/onboarding color: rgb(120, 120, 120) color: inherit {o: http://localhost:3000/onboarding, sv: 0.1.3, sdkn: @vercel/analytics/next, sdkv: 2.0.1, ts: 1785001873398} /_vercel/insights/view @ http://localhost:3000/_next/static/chunks/node_modules_next_dist_1ybzpk2._.js:2477
[  186360ms] [LOG] %c[Vercel Web Analytics]%c [view] http://localhost:3000/dashboard color: rgb(120, 120, 120) color: inherit {o: http://localhost:3000/dashboard, sv: 0.1.3, sdkn: @vercel/analytics/next, sdkv: 2.0.1, ts: 1785001873492} /_vercel/insights/view @ http://localhost:3000/_next/static/chunks/node_modules_next_dist_1ybzpk2._.js:2477
[  186684ms] [LOG] %c[Vercel Web Analytics]%c [view] http://localhost:3000/onboarding color: rgb(120, 120, 120) color: inherit {o: http://localhost:3000/onboarding, sv: 0.1.3, sdkn: @vercel/analytics/next, sdkv: 2.0.1, ts: 1785001873817} /_vercel/insights/view @ http://localhost:3000/_next/static/chunks/node_modules_next_dist_1ybzpk2._.js:2477
[  186765ms] [LOG] %c[Vercel Web Analytics]%c [view] http://localhost:3000/dashboard color: rgb(120, 120, 120) color: inherit {o: http://localhost:3000/dashboard, sv: 0.1.3, sdkn: @vercel/analytics/next, sdkv: 2.0.1, ts: 1785001873897} /_vercel/insights/view @ http://localhost:3000/_next/static/chunks/node_modules_next_dist_1ybzpk2._.js:2477
[  187108ms] [LOG] %c[Vercel Web Analytics]%c [view] http://localhost:3000/onboarding color: rgb(120, 120, 120) color: inherit {o: http://localhost:3000/onboarding, sv: 0.1.3, sdkn: @vercel/analytics/next, sdkv: 2.0.1, ts: 1785001874241} /_vercel/insights/view @ http://localhost:3000/_next/static/chunks/node_modules_next_dist_1ybzpk2._.js:2477
[  187190ms] [LOG] %c[Vercel Web Analytics]%c [view] http://localhost:3000/dashboard color: rgb(120, 120, 120) color: inherit {o: http://localhost:3000/dashboard, sv: 0.1.3, sdkn: @vercel/analytics/next, sdkv: 2.0.1, ts: 1785001874322} /_vercel/insights/view @ http://localhost:3000/_next/static/chunks/node_modules_next_dist_1ybzpk2._.js:2477
[  187562ms] [LOG] %c[Vercel Web Analytics]%c [view] http://localhost:3000/onboarding color: rgb(120, 120, 120) color: inherit {o: http://localhost:3000/onboarding, sv: 0.1.3, sdkn: @vercel/analytics/next, sdkv: 2.0.1, ts: 1785001874695} /_vercel/insights/view @ http://localhost:3000/_next/static/chunks/node_modules_next_dist_1ybzpk2._.js:2477
[  187711ms] [LOG] %c[Vercel Web Analytics]%c [view] http://localhost:3000/dashboard color: rgb(120, 120, 120) color: inherit {o: http://localhost:3000/dashboard, sv: 0.1.3, sdkn: @vercel/analytics/next, sdkv: 2.0.1, ts: 1785001874844} /_vercel/insights/view @ http://localhost:3000/_next/static/chunks/node_modules_next_dist_1ybzpk2._.js:2477
[  188043ms] [LOG] %c[Vercel Web Analytics]%c [view] http://localhost:3000/onboarding color: rgb(120, 120, 120) color: inherit {o: http://localhost:3000/onboarding, sv: 0.1.3, sdkn: @vercel/analytics/next, sdkv: 2.0.1, ts: 1785001875176} /_vercel/insights/view @ http://localhost:3000/_next/static/chunks/node_modules_next_dist_1ybzpk2._.js:2477
[  188121ms] [LOG] %c[Vercel Web Analytics]%c [view] http://localhost:3000/dashboard color: rgb(120, 120, 120) color: inherit {o: http://localhost:3000/dashboard, sv: 0.1.3, sdkn: @vercel/analytics/next, sdkv: 2.0.1, ts: 1785001875254} /_vercel/insights/view @ http://localhost:3000/_next/static/chunks/node_modules_next_dist_1ybzpk2._.js:2477
[  188461ms] [LOG] %c[Vercel Web Analytics]%c [view] http://localhost:3000/onboarding color: rgb(120, 120, 120) color: inherit {o: http://localhost:3000/onboarding, sv: 0.1.3, sdkn: @vercel/analytics/next, sdkv: 2.0.1, ts: 1785001875594} /_vercel/insights/view @ http://localhost:3000/_next/static/chunks/node_modules_next_dist_1ybzpk2._.js:2477
[  188551ms] [LOG] %c[Vercel Web Analytics]%c [view] http://localhost:3000/dashboard color: rgb(120, 120, 120) color: inherit {o: http://localhost:3000/dashboard, sv: 0.1.3, sdkn: @vercel/analytics/next, sdkv: 2.0.1, ts: 1785001875683} /_vercel/insights/view @ http://localhost:3000/_next/static/chunks/node_modules_next_dist_1ybzpk2._.js:2477
[  188884ms] [LOG] %c[Vercel Web Analytics]%c [view] http://localhost:3000/onboarding color: rgb(120, 120, 120) color: inherit {o: http://localhost:3000/onboarding, sv: 0.1.3, sdkn: @vercel/analytics/next, sdkv: 2.0.1, ts: 1785001876017} /_vercel/insights/view @ http://localhost:3000/_next/static/chunks/node_modules_next_dist_1ybzpk2._.js:2477
[  188977ms] [LOG] %c[Vercel Web Analytics]%c [view] http://localhost:3000/dashboard color: rgb(120, 120, 120) color: inherit {o: http://localhost:3000/dashboard, sv: 0.1.3, sdkn: @vercel/analytics/next, sdkv: 2.0.1, ts: 1785001876109} /_vercel/insights/view @ http://localhost:3000/_next/static/chunks/node_modules_next_dist_1ybzpk2._.js:2477
[  189330ms] [LOG] %c[Vercel Web Analytics]%c [view] http://localhost:3000/onboarding color: rgb(120, 120, 120) color: inherit {o: http://localhost:3000/onboarding, sv: 0.1.3, sdkn: @vercel/analytics/next, sdkv: 2.0.1, ts: 1785001876463} /_vercel/insights/view @ http://localhost:3000/_next/static/chunks/node_modules_next_dist_1ybzpk2._.js:2477
[  189433ms] [LOG] %c[Vercel Web Analytics]%c [view] http://localhost:3000/dashboard color: rgb(120, 120, 120) color: inherit {o: http://localhost:3000/dashboard, sv: 0.1.3, sdkn: @vercel/analytics/next, sdkv: 2.0.1, ts: 1785001876566} /_vercel/insights/view @ http://localhost:3000/_next/static/chunks/node_modules_next_dist_1ybzpk2._.js:2477
[  189843ms] [LOG] %c[Vercel Web Analytics]%c [view] http://localhost:3000/onboarding color: rgb(120, 120, 120) color: inherit {o: http://localhost:3000/onboarding, sv: 0.1.3, sdkn: @vercel/analytics/next, sdkv: 2.0.1, ts: 1785001876976} /_vercel/insights/view @ http://localhost:3000/_next/static/chunks/node_modules_next_dist_1ybzpk2._.js:2477
[  189934ms] [LOG] %c[Vercel Web Analytics]%c [view] http://localhost:3000/dashboard color: rgb(120, 120, 120) color: inherit {o: http://localhost:3000/dashboard, sv: 0.1.3, sdkn: @vercel/analytics/next, sdkv: 2.0.1, ts: 1785001877067} /_vercel/insights/view @ http://localhost:3000/_next/static/chunks/node_modules_next_dist_1ybzpk2._.js:2477
[  190273ms] [LOG] %c[Vercel Web Analytics]%c [view] http://localhost:3000/onboarding color: rgb(120, 120, 120) color: inherit {o: http://localhost:3000/onboarding, sv: 0.1.3, sdkn: @vercel/analytics/next, sdkv: 2.0.1, ts: 1785001877406} /_vercel/insights/view @ http://localhost:3000/_next/static/chunks/node_modules_next_dist_1ybzpk2._.js:2477
[  190354ms] [LOG] %c[Vercel Web Analytics]%c [view] http://localhost:3000/dashboard color: rgb(120, 120, 120) color: inherit {o: http://localhost:3000/dashboard, sv: 0.1.3, sdkn: @vercel/analytics/next, sdkv: 2.0.1, ts: 1785001877487} /_vercel/insights/view @ http://localhost:3000/_next/static/chunks/node_modules_next_dist_1ybzpk2._.js:2477
[  190700ms] [LOG] %c[Vercel Web Analytics]%c [view] http://localhost:3000/onboarding color: rgb(120, 120, 120) color: inherit {o: http://localhost:3000/onboarding, sv: 0.1.3, sdkn: @vercel/analytics/next, sdkv: 2.0.1, ts: 1785001877832} /_vercel/insights/view @ http://localhost:3000/_next/static/chunks/node_modules_next_dist_1ybzpk2._.js:2477
[  190779ms] [LOG] %c[Vercel Web Analytics]%c [view] http://localhost:3000/dashboard color: rgb(120, 120, 120) color: inherit {o: http://localhost:3000/dashboard, sv: 0.1.3, sdkn: @vercel/analytics/next, sdkv: 2.0.1, ts: 1785001877912} /_vercel/insights/view @ http://localhost:3000/_next/static/chunks/node_modules_next_dist_1ybzpk2._.js:2477
[  191117ms] [LOG] %c[Vercel Web Analytics]%c [view] http://localhost:3000/onboarding color: rgb(120, 120, 120) color: inherit {o: http://localhost:3000/onboarding, sv: 0.1.3, sdkn: @vercel/analytics/next, sdkv: 2.0.1, ts: 1785001878250} /_vercel/insights/view @ http://localhost:3000/_next/static/chunks/node_modules_next_dist_1ybzpk2._.js:2477
[  191193ms] [LOG] %c[Vercel Web Analytics]%c [view] http://localhost:3000/dashboard color: rgb(120, 120, 120) color: inherit {o: http://localhost:3000/dashboard, sv: 0.1.3, sdkn: @vercel/analytics/next, sdkv: 2.0.1, ts: 1785001878325} /_vercel/insights/view @ http://localhost:3000/_next/static/chunks/node_modules_next_dist_1ybzpk2._.js:2477
[  191518ms] [LOG] %c[Vercel Web Analytics]%c [view] http://localhost:3000/onboarding color: rgb(120, 120, 120) color: inherit {o: http://localhost:3000/onboarding, sv: 0.1.3, sdkn: @vercel/analytics/next, sdkv: 2.0.1, ts: 1785001878651} /_vercel/insights/view @ http://localhost:3000/_next/static/chunks/node_modules_next_dist_1ybzpk2._.js:2477
[  191609ms] [LOG] %c[Vercel Web Analytics]%c [view] http://localhost:3000/dashboard color: rgb(120, 120, 120) color: inherit {o: http://localhost:3000/dashboard, sv: 0.1.3, sdkn: @vercel/analytics/next, sdkv: 2.0.1, ts: 1785001878742} /_vercel/insights/view @ http://localhost:3000/_next/static/chunks/node_modules_next_dist_1ybzpk2._.js:2477
[  191952ms] [LOG] %c[Vercel Web Analytics]%c [view] http://localhost:3000/onboarding color: rgb(120, 120, 120) color: inherit {o: http://localhost:3000/onboarding, sv: 0.1.3, sdkn: @vercel/analytics/next, sdkv: 2.0.1, ts: 1785001879085} /_vercel/insights/view @ http://localhost:3000/_next/static/chunks/node_modules_next_dist_1ybzpk2._.js:2477
[  192042ms] [LOG] %c[Vercel Web Analytics]%c [view] http://localhost:3000/dashboard color: rgb(120, 120, 120) color: inherit {o: http://localhost:3000/dashboard, sv: 0.1.3, sdkn: @vercel/analytics/next, sdkv: 2.0.1, ts: 1785001879175} /_vercel/insights/view @ http://localhost:3000/_next/static/chunks/node_modules_next_dist_1ybzpk2._.js:2477
[  192373ms] [LOG] %c[Vercel Web Analytics]%c [view] http://localhost:3000/onboarding color: rgb(120, 120, 120) color: inherit {o: http://localhost:3000/onboarding, sv: 0.1.3, sdkn: @vercel/analytics/next, sdkv: 2.0.1, ts: 1785001879506} /_vercel/insights/view @ http://localhost:3000/_next/static/chunks/node_modules_next_dist_1ybzpk2._.js:2477
[  192455ms] [LOG] %c[Vercel Web Analytics]%c [view] http://localhost:3000/dashboard color: rgb(120, 120, 120) color: inherit {o: http://localhost:3000/dashboard, sv: 0.1.3, sdkn: @vercel/analytics/next, sdkv: 2.0.1, ts: 1785001879587} /_vercel/insights/view @ http://localhost:3000/_next/static/chunks/node_modules_next_dist_1ybzpk2._.js:2477
[  192818ms] [LOG] %c[Vercel Web Analytics]%c [view] http://localhost:3000/onboarding color: rgb(120, 120, 120) color: inherit {o: http://localhost:3000/onboarding, sv: 0.1.3, sdkn: @vercel/analytics/next, sdkv: 2.0.1, ts: 1785001879950} /_vercel/insights/view @ http://localhost:3000/_next/static/chunks/node_modules_next_dist_1ybzpk2._.js:2477
[  192892ms] [LOG] %c[Vercel Web Analytics]%c [view] http://localhost:3000/dashboard color: rgb(120, 120, 120) color: inherit {o: http://localhost:3000/dashboard, sv: 0.1.3, sdkn: @vercel/analytics/next, sdkv: 2.0.1, ts: 1785001880024} /_vercel/insights/view @ http://localhost:3000/_next/static/chunks/node_modules_next_dist_1ybzpk2._.js:2477
[  193244ms] [LOG] %c[Vercel Web Analytics]%c [view] http://localhost:3000/onboarding color: rgb(120, 120, 120) color: inherit {o: http://localhost:3000/onboarding, sv: 0.1.3, sdkn: @vercel/analytics/next, sdkv: 2.0.1, ts: 1785001880376} /_vercel/insights/view @ http://localhost:3000/_next/static/chunks/node_modules_next_dist_1ybzpk2._.js:2477
[  193336ms] [LOG] %c[Vercel Web Analytics]%c [view] http://localhost:3000/dashboard color: rgb(120, 120, 120) color: inherit {o: http://localhost:3000/dashboard, sv: 0.1.3, sdkn: @vercel/analytics/next, sdkv: 2.0.1, ts: 1785001880468} /_vercel/insights/view @ http://localhost:3000/_next/static/chunks/node_modules_next_dist_1ybzpk2._.js:2477
[  193682ms] [LOG] %c[Vercel Web Analytics]%c [view] http://localhost:3000/onboarding color: rgb(120, 120, 120) color: inherit {o: http://localhost:3000/onboarding, sv: 0.1.3, sdkn: @vercel/analytics/next, sdkv: 2.0.1, ts: 1785001880815} /_vercel/insights/view @ http://localhost:3000/_next/static/chunks/node_modules_next_dist_1ybzpk2._.js:2477
[  193764ms] [LOG] %c[Vercel Web Analytics]%c [view] http://localhost:3000/dashboard color: rgb(120, 120, 120) color: inherit {o: http://localhost:3000/dashboard, sv: 0.1.3, sdkn: @vercel/analytics/next, sdkv: 2.0.1, ts: 1785001880896} /_vercel/insights/view @ http://localhost:3000/_next/static/chunks/node_modules_next_dist_1ybzpk2._.js:2477
[  194110ms] [LOG] %c[Vercel Web Analytics]%c [view] http://localhost:3000/onboarding color: rgb(120, 120, 120) color: inherit {o: http://localhost:3000/onboarding, sv: 0.1.3, sdkn: @vercel/analytics/next, sdkv: 2.0.1, ts: 1785001881243} /_vercel/insights/view @ http://localhost:3000/_next/static/chunks/node_modules_next_dist_1ybzpk2._.js:2477
[  194200ms] [LOG] %c[Vercel Web Analytics]%c [view] http://localhost:3000/dashboard color: rgb(120, 120, 120) color: inherit {o: http://localhost:3000/dashboard, sv: 0.1.3, sdkn: @vercel/analytics/next, sdkv: 2.0.1, ts: 1785001881333} /_vercel/insights/view @ http://localhost:3000/_next/static/chunks/node_modules_next_dist_1ybzpk2._.js:2477
[  194543ms] [LOG] %c[Vercel Web Analytics]%c [view] http://localhost:3000/onboarding color: rgb(120, 120, 120) color: inherit {o: http://localhost:3000/onboarding, sv: 0.1.3, sdkn: @vercel/analytics/next, sdkv: 2.0.1, ts: 1785001881676} /_vercel/insights/view @ http://localhost:3000/_next/static/chunks/node_modules_next_dist_1ybzpk2._.js:2477
[  194623ms] [LOG] %c[Vercel Web Analytics]%c [view] http://localhost:3000/dashboard color: rgb(120, 120, 120) color: inherit {o: http://localhost:3000/dashboard, sv: 0.1.3, sdkn: @vercel/analytics/next, sdkv: 2.0.1, ts: 1785001881756} /_vercel/insights/view @ http://localhost:3000/_next/static/chunks/node_modules_next_dist_1ybzpk2._.js:2477
[  194962ms] [LOG] %c[Vercel Web Analytics]%c [view] http://localhost:3000/onboarding color: rgb(120, 120, 120) color: inherit {o: http://localhost:3000/onboarding, sv: 0.1.3, sdkn: @vercel/analytics/next, sdkv: 2.0.1, ts: 1785001882095} /_vercel/insights/view @ http://localhost:3000/_next/static/chunks/node_modules_next_dist_1ybzpk2._.js:2477
[  195050ms] [LOG] %c[Vercel Web Analytics]%c [view] http://localhost:3000/dashboard color: rgb(120, 120, 120) color: inherit {o: http://localhost:3000/dashboard, sv: 0.1.3, sdkn: @vercel/analytics/next, sdkv: 2.0.1, ts: 1785001882182} /_vercel/insights/view @ http://localhost:3000/_next/static/chunks/node_modules_next_dist_1ybzpk2._.js:2477
[  195400ms] [LOG] %c[Vercel Web Analytics]%c [view] http://localhost:3000/onboarding color: rgb(120, 120, 120) color: inherit {o: http://localhost:3000/onboarding, sv: 0.1.3, sdkn: @vercel/analytics/next, sdkv: 2.0.1, ts: 1785001882533} /_vercel/insights/view @ http://localhost:3000/_next/static/chunks/node_modules_next_dist_1ybzpk2._.js:2477
[  195508ms] [LOG] %c[Vercel Web Analytics]%c [view] http://localhost:3000/dashboard color: rgb(120, 120, 120) color: inherit {o: http://localhost:3000/dashboard, sv: 0.1.3, sdkn: @vercel/analytics/next, sdkv: 2.0.1, ts: 1785001882641} /_vercel/insights/view @ http://localhost:3000/_next/static/chunks/node_modules_next_dist_1ybzpk2._.js:2477
[  195841ms] [LOG] %c[Vercel Web Analytics]%c [view] http://localhost:3000/onboarding color: rgb(120, 120, 120) color: inherit {o: http://localhost:3000/onboarding, sv: 0.1.3, sdkn: @vercel/analytics/next, sdkv: 2.0.1, ts: 1785001882974} /_vercel/insights/view @ http://localhost:3000/_next/static/chunks/node_modules_next_dist_1ybzpk2._.js:2477
[  195933ms] [LOG] %c[Vercel Web Analytics]%c [view] http://localhost:3000/dashboard color: rgb(120, 120, 120) color: inherit {o: http://localhost:3000/dashboard, sv: 0.1.3, sdkn: @vercel/analytics/next, sdkv: 2.0.1, ts: 1785001883066} /_vercel/insights/view @ http://localhost:3000/_next/static/chunks/node_modules_next_dist_1ybzpk2._.js:2477
[  196279ms] [LOG] %c[Vercel Web Analytics]%c [view] http://localhost:3000/onboarding color: rgb(120, 120, 120) color: inherit {o: http://localhost:3000/onboarding, sv: 0.1.3, sdkn: @vercel/analytics/next, sdkv: 2.0.1, ts: 1785001883410} /_vercel/insights/view @ http://localhost:3000/_next/static/chunks/node_modules_next_dist_1ybzpk2._.js:2477
[  196358ms] [LOG] %c[Vercel Web Analytics]%c [view] http://localhost:3000/dashboard color: rgb(120, 120, 120) color: inherit {o: http://localhost:3000/dashboard, sv: 0.1.3, sdkn: @vercel/analytics/next, sdkv: 2.0.1, ts: 1785001883490} /_vercel/insights/view @ http://localhost:3000/_next/static/chunks/node_modules_next_dist_1ybzpk2._.js:2477
[  196700ms] [LOG] %c[Vercel Web Analytics]%c [view] http://localhost:3000/onboarding color: rgb(120, 120, 120) color: inherit {o: http://localhost:3000/onboarding, sv: 0.1.3, sdkn: @vercel/analytics/next, sdkv: 2.0.1, ts: 1785001883833} /_vercel/insights/view @ http://localhost:3000/_next/static/chunks/node_modules_next_dist_1ybzpk2._.js:2477
[  196782ms] [LOG] %c[Vercel Web Analytics]%c [view] http://localhost:3000/dashboard color: rgb(120, 120, 120) color: inherit {o: http://localhost:3000/dashboard, sv: 0.1.3, sdkn: @vercel/analytics/next, sdkv: 2.0.1, ts: 1785001883915} /_vercel/insights/view @ http://localhost:3000/_next/static/chunks/node_modules_next_dist_1ybzpk2._.js:2477
[  197133ms] [LOG] %c[Vercel Web Analytics]%c [view] http://localhost:3000/onboarding color: rgb(120, 120, 120) color: inherit {o: http://localhost:3000/onboarding, sv: 0.1.3, sdkn: @vercel/analytics/next, sdkv: 2.0.1, ts: 1785001884265} /_vercel/insights/view @ http://localhost:3000/_next/static/chunks/node_modules_next_dist_1ybzpk2._.js:2477
[  197223ms] [LOG] %c[Vercel Web Analytics]%c [view] http://localhost:3000/dashboard color: rgb(120, 120, 120) color: inherit {o: http://localhost:3000/dashboard, sv: 0.1.3, sdkn: @vercel/analytics/next, sdkv: 2.0.1, ts: 1785001884356} /_vercel/insights/view @ http://localhost:3000/_next/static/chunks/node_modules_next_dist_1ybzpk2._.js:2477
[  197564ms] [LOG] %c[Vercel Web Analytics]%c [view] http://localhost:3000/onboarding color: rgb(120, 120, 120) color: inherit {o: http://localhost:3000/onboarding, sv: 0.1.3, sdkn: @vercel/analytics/next, sdkv: 2.0.1, ts: 1785001884697} /_vercel/insights/view @ http://localhost:3000/_next/static/chunks/node_modules_next_dist_1ybzpk2._.js:2477
[  197654ms] [LOG] %c[Vercel Web Analytics]%c [view] http://localhost:3000/dashboard color: rgb(120, 120, 120) color: inherit {o: http://localhost:3000/dashboard, sv: 0.1.3, sdkn: @vercel/analytics/next, sdkv: 2.0.1, ts: 1785001884786} /_vercel/insights/view @ http://localhost:3000/_next/static/chunks/node_modules_next_dist_1ybzpk2._.js:2477
[  198066ms] [LOG] %c[Vercel Web Analytics]%c [view] http://localhost:3000/onboarding color: rgb(120, 120, 120) color: inherit {o: http://localhost:3000/onboarding, sv: 0.1.3, sdkn: @vercel/analytics/next, sdkv: 2.0.1, ts: 1785001885198} /_vercel/insights/view @ http://localhost:3000/_next/static/chunks/node_modules_next_dist_1ybzpk2._.js:2477
[  198159ms] [LOG] %c[Vercel Web Analytics]%c [view] http://localhost:3000/dashboard color: rgb(120, 120, 120) color: inherit {o: http://localhost:3000/dashboard, sv: 0.1.3, sdkn: @vercel/analytics/next, sdkv: 2.0.1, ts: 1785001885290} /_vercel/insights/view @ http://localhost:3000/_next/static/chunks/node_modules_next_dist_1ybzpk2._.js:2477
[  198232ms] [LOG] [Fast Refresh] rebuilding @ http://localhost:3000/_next/static/chunks/node_modules_next_dist_1ybzpk2._.js:2477
[  198283ms] [LOG] [Fast Refresh] done in 153ms @ http://localhost:3000/_next/static/chunks/node_modules_next_dist_1ybzpk2._.js:2477
[  198480ms] [LOG] %c[Vercel Web Analytics]%c [view] http://localhost:3000/onboarding color: rgb(120, 120, 120) color: inherit {o: http://localhost:3000/onboarding, sv: 0.1.3, sdkn: @vercel/analytics/next, sdkv: 2.0.1, ts: 1785001885613} /_vercel/insights/view @ http://localhost:3000/_next/static/chunks/node_modules_next_dist_1ybzpk2._.js:2477
[  198580ms] [LOG] %c[Vercel Web Analytics]%c [view] http://localhost:3000/dashboard color: rgb(120, 120, 120) color: inherit {o: http://localhost:3000/dashboard, sv: 0.1.3, sdkn: @vercel/analytics/next, sdkv: 2.0.1, ts: 1785001885713} /_vercel/insights/view @ http://localhost:3000/_next/static/chunks/node_modules_next_dist_1ybzpk2._.js:2477
[  198915ms] [LOG] %c[Vercel Web Analytics]%c [view] http://localhost:3000/onboarding color: rgb(120, 120, 120) color: inherit {o: http://localhost:3000/onboarding, sv: 0.1.3, sdkn: @vercel/analytics/next, sdkv: 2.0.1, ts: 1785001886048} /_vercel/insights/view @ http://localhost:3000/_next/static/chunks/node_modules_next_dist_1ybzpk2._.js:2477
[  198998ms] [LOG] %c[Vercel Web Analytics]%c [view] http://localhost:3000/dashboard color: rgb(120, 120, 120) color: inherit {o: http://localhost:3000/dashboard, sv: 0.1.3, sdkn: @vercel/analytics/next, sdkv: 2.0.1, ts: 1785001886130} /_vercel/insights/view @ http://localhost:3000/_next/static/chunks/node_modules_next_dist_1ybzpk2._.js:2477
[  199332ms] [LOG] %c[Vercel Web Analytics]%c [view] http://localhost:3000/onboarding color: rgb(120, 120, 120) color: inherit {o: http://localhost:3000/onboarding, sv: 0.1.3, sdkn: @vercel/analytics/next, sdkv: 2.0.1, ts: 1785001886464} /_vercel/insights/view @ http://localhost:3000/_next/static/chunks/node_modules_next_dist_1ybzpk2._.js:2477
[  199411ms] [LOG] %c[Vercel Web Analytics]%c [view] http://localhost:3000/dashboard color: rgb(120, 120, 120) color: inherit {o: http://localhost:3000/dashboard, sv: 0.1.3, sdkn: @vercel/analytics/next, sdkv: 2.0.1, ts: 1785001886543} /_vercel/insights/view @ http://localhost:3000/_next/static/chunks/node_modules_next_dist_1ybzpk2._.js:2477
[  199739ms] [LOG] %c[Vercel Web Analytics]%c [view] http://localhost:3000/onboarding color: rgb(120, 120, 120) color: inherit {o: http://localhost:3000/onboarding, sv: 0.1.3, sdkn: @vercel/analytics/next, sdkv: 2.0.1, ts: 1785001886872} /_vercel/insights/view @ http://localhost:3000/_next/static/chunks/node_modules_next_dist_1ybzpk2._.js:2477
[  199810ms] [LOG] %c[Vercel Web Analytics]%c [view] http://localhost:3000/dashboard color: rgb(120, 120, 120) color: inherit {o: http://localhost:3000/dashboard, sv: 0.1.3, sdkn: @vercel/analytics/next, sdkv: 2.0.1, ts: 1785001886943} /_vercel/insights/view @ http://localhost:3000/_next/static/chunks/node_modules_next_dist_1ybzpk2._.js:2477
[  199857ms] [LOG] [Fast Refresh] rebuilding @ http://localhost:3000/_next/static/chunks/node_modules_next_dist_1ybzpk2._.js:2477
[  199914ms] [LOG] [Fast Refresh] done in 158ms @ http://localhost:3000/_next/static/chunks/node_modules_next_dist_1ybzpk2._.js:2477
[  200127ms] [LOG] %c[Vercel Web Analytics]%c [view] http://localhost:3000/onboarding color: rgb(120, 120, 120) color: inherit {o: http://localhost:3000/onboarding, sv: 0.1.3, sdkn: @vercel/analytics/next, sdkv: 2.0.1, ts: 1785001887260} /_vercel/insights/view @ http://localhost:3000/_next/static/chunks/node_modules_next_dist_1ybzpk2._.js:2477
[  200209ms] [LOG] %c[Vercel Web Analytics]%c [view] http://localhost:3000/dashboard color: rgb(120, 120, 120) color: inherit {o: http://localhost:3000/dashboard, sv: 0.1.3, sdkn: @vercel/analytics/next, sdkv: 2.0.1, ts: 1785001887341} /_vercel/insights/view @ http://localhost:3000/_next/static/chunks/node_modules_next_dist_1ybzpk2._.js:2477
[  200534ms] [LOG] %c[Vercel Web Analytics]%c [view] http://localhost:3000/onboarding color: rgb(120, 120, 120) color: inherit {o: http://localhost:3000/onboarding, sv: 0.1.3, sdkn: @vercel/analytics/next, sdkv: 2.0.1, ts: 1785001887667} /_vercel/insights/view @ http://localhost:3000/_next/static/chunks/node_modules_next_dist_1ybzpk2._.js:2477
[  200629ms] [LOG] %c[Vercel Web Analytics]%c [view] http://localhost:3000/dashboard color: rgb(120, 120, 120) color: inherit {o: http://localhost:3000/dashboard, sv: 0.1.3, sdkn: @vercel/analytics/next, sdkv: 2.0.1, ts: 1785001887762} /_vercel/insights/view @ http://localhost:3000/_next/static/chunks/node_modules_next_dist_1ybzpk2._.js:2477
[  200968ms] [LOG] %c[Vercel Web Analytics]%c [view] http://localhost:3000/onboarding color: rgb(120, 120, 120) color: inherit {o: http://localhost:3000/onboarding, sv: 0.1.3, sdkn: @vercel/analytics/next, sdkv: 2.0.1, ts: 1785001888101} /_vercel/insights/view @ http://localhost:3000/_next/static/chunks/node_modules_next_dist_1ybzpk2._.js:2477
[  201038ms] [LOG] %c[Vercel Web Analytics]%c [view] http://localhost:3000/dashboard color: rgb(120, 120, 120) color: inherit {o: http://localhost:3000/dashboard, sv: 0.1.3, sdkn: @vercel/analytics/next, sdkv: 2.0.1, ts: 1785001888171} /_vercel/insights/view @ http://localhost:3000/_next/static/chunks/node_modules_next_dist_1ybzpk2._.js:2477
[  201431ms] [LOG] %c[Vercel Web Analytics]%c [view] http://localhost:3000/onboarding color: rgb(120, 120, 120) color: inherit {o: http://localhost:3000/onboarding, sv: 0.1.3, sdkn: @vercel/analytics/next, sdkv: 2.0.1, ts: 1785001888563} /_vercel/insights/view @ http://localhost:3000/_next/static/chunks/node_modules_next_dist_1ybzpk2._.js:2477
[  201515ms] [LOG] %c[Vercel Web Analytics]%c [view] http://localhost:3000/dashboard color: rgb(120, 120, 120) color: inherit {o: http://localhost:3000/dashboard, sv: 0.1.3, sdkn: @vercel/analytics/next, sdkv: 2.0.1, ts: 1785001888648} /_vercel/insights/view @ http://localhost:3000/_next/static/chunks/node_modules_next_dist_1ybzpk2._.js:2477
[  201881ms] [LOG] %c[Vercel Web Analytics]%c [view] http://localhost:3000/onboarding color: rgb(120, 120, 120) color: inherit {o: http://localhost:3000/onboarding, sv: 0.1.3, sdkn: @vercel/analytics/next, sdkv: 2.0.1, ts: 1785001889013} /_vercel/insights/view @ http://localhost:3000/_next/static/chunks/node_modules_next_dist_1ybzpk2._.js:2477
[  201997ms] [LOG] %c[Vercel Web Analytics]%c [view] http://localhost:3000/dashboard color: rgb(120, 120, 120) color: inherit {o: http://localhost:3000/dashboard, sv: 0.1.3, sdkn: @vercel/analytics/next, sdkv: 2.0.1, ts: 1785001889129} /_vercel/insights/view @ http://localhost:3000/_next/static/chunks/node_modules_next_dist_1ybzpk2._.js:2477
[  202363ms] [LOG] %c[Vercel Web Analytics]%c [view] http://localhost:3000/onboarding color: rgb(120, 120, 120) color: inherit {o: http://localhost:3000/onboarding, sv: 0.1.3, sdkn: @vercel/analytics/next, sdkv: 2.0.1, ts: 1785001889496} /_vercel/insights/view @ http://localhost:3000/_next/static/chunks/node_modules_next_dist_1ybzpk2._.js:2477
[  202473ms] [LOG] %c[Vercel Web Analytics]%c [view] http://localhost:3000/dashboard color: rgb(120, 120, 120) color: inherit {o: http://localhost:3000/dashboard, sv: 0.1.3, sdkn: @vercel/analytics/next, sdkv: 2.0.1, ts: 1785001889606} /_vercel/insights/view @ http://localhost:3000/_next/static/chunks/node_modules_next_dist_1ybzpk2._.js:2477
[  202843ms] [LOG] %c[Vercel Web Analytics]%c [view] http://localhost:3000/onboarding color: rgb(120, 120, 120) color: inherit {o: http://localhost:3000/onboarding, sv: 0.1.3, sdkn: @vercel/analytics/next, sdkv: 2.0.1, ts: 1785001889975} /_vercel/insights/view @ http://localhost:3000/_next/static/chunks/node_modules_next_dist_1ybzpk2._.js:2477
[  202933ms] [LOG] %c[Vercel Web Analytics]%c [view] http://localhost:3000/dashboard color: rgb(120, 120, 120) color: inherit {o: http://localhost:3000/dashboard, sv: 0.1.3, sdkn: @vercel/analytics/next, sdkv: 2.0.1, ts: 1785001890065} /_vercel/insights/view @ http://localhost:3000/_next/static/chunks/node_modules_next_dist_1ybzpk2._.js:2477
[  203294ms] [LOG] %c[Vercel Web Analytics]%c [view] http://localhost:3000/onboarding color: rgb(120, 120, 120) color: inherit {o: http://localhost:3000/onboarding, sv: 0.1.3, sdkn: @vercel/analytics/next, sdkv: 2.0.1, ts: 1785001890427} /_vercel/insights/view @ http://localhost:3000/_next/static/chunks/node_modules_next_dist_1ybzpk2._.js:2477
[  203382ms] [LOG] %c[Vercel Web Analytics]%c [view] http://localhost:3000/dashboard color: rgb(120, 120, 120) color: inherit {o: http://localhost:3000/dashboard, sv: 0.1.3, sdkn: @vercel/analytics/next, sdkv: 2.0.1, ts: 1785001890514} /_vercel/insights/view @ http://localhost:3000/_next/static/chunks/node_modules_next_dist_1ybzpk2._.js:2477
[  203728ms] [LOG] %c[Vercel Web Analytics]%c [view] http://localhost:3000/onboarding color: rgb(120, 120, 120) color: inherit {o: http://localhost:3000/onboarding, sv: 0.1.3, sdkn: @vercel/analytics/next, sdkv: 2.0.1, ts: 1785001890859} /_vercel/insights/view @ http://localhost:3000/_next/static/chunks/node_modules_next_dist_1ybzpk2._.js:2477
[  203819ms] [LOG] %c[Vercel Web Analytics]%c [view] http://localhost:3000/dashboard color: rgb(120, 120, 120) color: inherit {o: http://localhost:3000/dashboard, sv: 0.1.3, sdkn: @vercel/analytics/next, sdkv: 2.0.1, ts: 1785001890951} /_vercel/insights/view @ http://localhost:3000/_next/static/chunks/node_modules_next_dist_1ybzpk2._.js:2477
[  204162ms] [LOG] %c[Vercel Web Analytics]%c [view] http://localhost:3000/onboarding color: rgb(120, 120, 120) color: inherit {o: http://localhost:3000/onboarding, sv: 0.1.3, sdkn: @vercel/analytics/next, sdkv: 2.0.1, ts: 1785001891295} /_vercel/insights/view @ http://localhost:3000/_next/static/chunks/node_modules_next_dist_1ybzpk2._.js:2477
[  204262ms] [LOG] %c[Vercel Web Analytics]%c [view] http://localhost:3000/dashboard color: rgb(120, 120, 120) color: inherit {o: http://localhost:3000/dashboard, sv: 0.1.3, sdkn: @vercel/analytics/next, sdkv: 2.0.1, ts: 1785001891394} /_vercel/insights/view @ http://localhost:3000/_next/static/chunks/node_modules_next_dist_1ybzpk2._.js:2477
[  204599ms] [LOG] %c[Vercel Web Analytics]%c [view] http://localhost:3000/onboarding color: rgb(120, 120, 120) color: inherit {o: http://localhost:3000/onboarding, sv: 0.1.3, sdkn: @vercel/analytics/next, sdkv: 2.0.1, ts: 1785001891731} /_vercel/insights/view @ http://localhost:3000/_next/static/chunks/node_modules_next_dist_1ybzpk2._.js:2477
[  204699ms] [LOG] %c[Vercel Web Analytics]%c [view] http://localhost:3000/dashboard color: rgb(120, 120, 120) color: inherit {o: http://localhost:3000/dashboard, sv: 0.1.3, sdkn: @vercel/analytics/next, sdkv: 2.0.1, ts: 1785001891831} /_vercel/insights/view @ http://localhost:3000/_next/static/chunks/node_modules_next_dist_1ybzpk2._.js:2477
[  204774ms] [LOG] [Fast Refresh] rebuilding @ http://localhost:3000/_next/static/chunks/node_modules_next_dist_1ybzpk2._.js:2477
[  204791ms] [LOG] [Fast Refresh] done in 117ms @ http://localhost:3000/_next/static/chunks/node_modules_next_dist_1ybzpk2._.js:2477
[  205025ms] [LOG] %c[Vercel Web Analytics]%c [view] http://localhost:3000/onboarding color: rgb(120, 120, 120) color: inherit {o: http://localhost:3000/onboarding, sv: 0.1.3, sdkn: @vercel/analytics/next, sdkv: 2.0.1, ts: 1785001892157} /_vercel/insights/view @ http://localhost:3000/_next/static/chunks/node_modules_next_dist_1ybzpk2._.js:2477
[  205120ms] [LOG] %c[Vercel Web Analytics]%c [view] http://localhost:3000/dashboard color: rgb(120, 120, 120) color: inherit {o: http://localhost:3000/dashboard, sv: 0.1.3, sdkn: @vercel/analytics/next, sdkv: 2.0.1, ts: 1785001892253} /_vercel/insights/view @ http://localhost:3000/_next/static/chunks/node_modules_next_dist_1ybzpk2._.js:2477
[  205461ms] [LOG] %c[Vercel Web Analytics]%c [view] http://localhost:3000/onboarding color: rgb(120, 120, 120) color: inherit {o: http://localhost:3000/onboarding, sv: 0.1.3, sdkn: @vercel/analytics/next, sdkv: 2.0.1, ts: 1785001892594} /_vercel/insights/view @ http://localhost:3000/_next/static/chunks/node_modules_next_dist_1ybzpk2._.js:2477
[  205539ms] [LOG] %c[Vercel Web Analytics]%c [view] http://localhost:3000/dashboard color: rgb(120, 120, 120) color: inherit {o: http://localhost:3000/dashboard, sv: 0.1.3, sdkn: @vercel/analytics/next, sdkv: 2.0.1, ts: 1785001892672} /_vercel/insights/view @ http://localhost:3000/_next/static/chunks/node_modules_next_dist_1ybzpk2._.js:2477
[  205865ms] [LOG] %c[Vercel Web Analytics]%c [view] http://localhost:3000/onboarding color: rgb(120, 120, 120) color: inherit {o: http://localhost:3000/onboarding, sv: 0.1.3, sdkn: @vercel/analytics/next, sdkv: 2.0.1, ts: 1785001892998} /_vercel/insights/view @ http://localhost:3000/_next/static/chunks/node_modules_next_dist_1ybzpk2._.js:2477
[  205961ms] [LOG] %c[Vercel Web Analytics]%c [view] http://localhost:3000/dashboard color: rgb(120, 120, 120) color: inherit {o: http://localhost:3000/dashboard, sv: 0.1.3, sdkn: @vercel/analytics/next, sdkv: 2.0.1, ts: 1785001893094} /_vercel/insights/view @ http://localhost:3000/_next/static/chunks/node_modules_next_dist_1ybzpk2._.js:2477
[  206301ms] [LOG] %c[Vercel Web Analytics]%c [view] http://localhost:3000/onboarding color: rgb(120, 120, 120) color: inherit {o: http://localhost:3000/onboarding, sv: 0.1.3, sdkn: @vercel/analytics/next, sdkv: 2.0.1, ts: 1785001893434} /_vercel/insights/view @ http://localhost:3000/_next/static/chunks/node_modules_next_dist_1ybzpk2._.js:2477
[  206393ms] [LOG] %c[Vercel Web Analytics]%c [view] http://localhost:3000/dashboard color: rgb(120, 120, 120) color: inherit {o: http://localhost:3000/dashboard, sv: 0.1.3, sdkn: @vercel/analytics/next, sdkv: 2.0.1, ts: 1785001893525} /_vercel/insights/view @ http://localhost:3000/_next/static/chunks/node_modules_next_dist_1ybzpk2._.js:2477
[  206792ms] [LOG] %c[Vercel Web Analytics]%c [view] http://localhost:3000/onboarding color: rgb(120, 120, 120) color: inherit {o: http://localhost:3000/onboarding, sv: 0.1.3, sdkn: @vercel/analytics/next, sdkv: 2.0.1, ts: 1785001893925} /_vercel/insights/view @ http://localhost:3000/_next/static/chunks/node_modules_next_dist_1ybzpk2._.js:2477
[  206880ms] [LOG] %c[Vercel Web Analytics]%c [view] http://localhost:3000/dashboard color: rgb(120, 120, 120) color: inherit {o: http://localhost:3000/dashboard, sv: 0.1.3, sdkn: @vercel/analytics/next, sdkv: 2.0.1, ts: 1785001894012} /_vercel/insights/view @ http://localhost:3000/_next/static/chunks/node_modules_next_dist_1ybzpk2._.js:2477
[  207220ms] [LOG] %c[Vercel Web Analytics]%c [view] http://localhost:3000/onboarding color: rgb(120, 120, 120) color: inherit {o: http://localhost:3000/onboarding, sv: 0.1.3, sdkn: @vercel/analytics/next, sdkv: 2.0.1, ts: 1785001894352} /_vercel/insights/view @ http://localhost:3000/_next/static/chunks/node_modules_next_dist_1ybzpk2._.js:2477
[  207302ms] [LOG] %c[Vercel Web Analytics]%c [view] http://localhost:3000/dashboard color: rgb(120, 120, 120) color: inherit {o: http://localhost:3000/dashboard, sv: 0.1.3, sdkn: @vercel/analytics/next, sdkv: 2.0.1, ts: 1785001894434} /_vercel/insights/view @ http://localhost:3000/_next/static/chunks/node_modules_next_dist_1ybzpk2._.js:2477
[  207652ms] [LOG] %c[Vercel Web Analytics]%c [view] http://localhost:3000/onboarding color: rgb(120, 120, 120) color: inherit {o: http://localhost:3000/onboarding, sv: 0.1.3, sdkn: @vercel/analytics/next, sdkv: 2.0.1, ts: 1785001894785} /_vercel/insights/view @ http://localhost:3000/_next/static/chunks/node_modules_next_dist_1ybzpk2._.js:2477
[  207748ms] [LOG] %c[Vercel Web Analytics]%c [view] http://localhost:3000/dashboard color: rgb(120, 120, 120) color: inherit {o: http://localhost:3000/dashboard, sv: 0.1.3, sdkn: @vercel/analytics/next, sdkv: 2.0.1, ts: 1785001894881} /_vercel/insights/view @ http://localhost:3000/_next/static/chunks/node_modules_next_dist_1ybzpk2._.js:2477
[  208092ms] [LOG] %c[Vercel Web Analytics]%c [view] http://localhost:3000/onboarding color: rgb(120, 120, 120) color: inherit {o: http://localhost:3000/onboarding, sv: 0.1.3, sdkn: @vercel/analytics/next, sdkv: 2.0.1, ts: 1785001895225} /_vercel/insights/view @ http://localhost:3000/_next/static/chunks/node_modules_next_dist_1ybzpk2._.js:2477
[  208184ms] [LOG] %c[Vercel Web Analytics]%c [view] http://localhost:3000/dashboard color: rgb(120, 120, 120) color: inherit {o: http://localhost:3000/dashboard, sv: 0.1.3, sdkn: @vercel/analytics/next, sdkv: 2.0.1, ts: 1785001895317} /_vercel/insights/view @ http://localhost:3000/_next/static/chunks/node_modules_next_dist_1ybzpk2._.js:2477
[  208545ms] [LOG] %c[Vercel Web Analytics]%c [view] http://localhost:3000/onboarding color: rgb(120, 120, 120) color: inherit {o: http://localhost:3000/onboarding, sv: 0.1.3, sdkn: @vercel/analytics/next, sdkv: 2.0.1, ts: 1785001895678} /_vercel/insights/view @ http://localhost:3000/_next/static/chunks/node_modules_next_dist_1ybzpk2._.js:2477
[  208623ms] [LOG] %c[Vercel Web Analytics]%c [view] http://localhost:3000/dashboard color: rgb(120, 120, 120) color: inherit {o: http://localhost:3000/dashboard, sv: 0.1.3, sdkn: @vercel/analytics/next, sdkv: 2.0.1, ts: 1785001895756} /_vercel/insights/view @ http://localhost:3000/_next/static/chunks/node_modules_next_dist_1ybzpk2._.js:2477
[  208962ms] [LOG] %c[Vercel Web Analytics]%c [view] http://localhost:3000/onboarding color: rgb(120, 120, 120) color: inherit {o: http://localhost:3000/onboarding, sv: 0.1.3, sdkn: @vercel/analytics/next, sdkv: 2.0.1, ts: 1785001896094} /_vercel/insights/view @ http://localhost:3000/_next/static/chunks/node_modules_next_dist_1ybzpk2._.js:2477
[  209046ms] [LOG] %c[Vercel Web Analytics]%c [view] http://localhost:3000/dashboard color: rgb(120, 120, 120) color: inherit {o: http://localhost:3000/dashboard, sv: 0.1.3, sdkn: @vercel/analytics/next, sdkv: 2.0.1, ts: 1785001896178} /_vercel/insights/view @ http://localhost:3000/_next/static/chunks/node_modules_next_dist_1ybzpk2._.js:2477
[  209385ms] [LOG] %c[Vercel Web Analytics]%c [view] http://localhost:3000/onboarding color: rgb(120, 120, 120) color: inherit {o: http://localhost:3000/onboarding, sv: 0.1.3, sdkn: @vercel/analytics/next, sdkv: 2.0.1, ts: 1785001896517} /_vercel/insights/view @ http://localhost:3000/_next/static/chunks/node_modules_next_dist_1ybzpk2._.js:2477
[  209480ms] [LOG] %c[Vercel Web Analytics]%c [view] http://localhost:3000/dashboard color: rgb(120, 120, 120) color: inherit {o: http://localhost:3000/dashboard, sv: 0.1.3, sdkn: @vercel/analytics/next, sdkv: 2.0.1, ts: 1785001896613} /_vercel/insights/view @ http://localhost:3000/_next/static/chunks/node_modules_next_dist_1ybzpk2._.js:2477
[  209834ms] [LOG] %c[Vercel Web Analytics]%c [view] http://localhost:3000/onboarding color: rgb(120, 120, 120) color: inherit {o: http://localhost:3000/onboarding, sv: 0.1.3, sdkn: @vercel/analytics/next, sdkv: 2.0.1, ts: 1785001896967} /_vercel/insights/view @ http://localhost:3000/_next/static/chunks/node_modules_next_dist_1ybzpk2._.js:2477
[  209920ms] [LOG] %c[Vercel Web Analytics]%c [view] http://localhost:3000/dashboard color: rgb(120, 120, 120) color: inherit {o: http://localhost:3000/dashboard, sv: 0.1.3, sdkn: @vercel/analytics/next, sdkv: 2.0.1, ts: 1785001897053} /_vercel/insights/view @ http://localhost:3000/_next/static/chunks/node_modules_next_dist_1ybzpk2._.js:2477
[  210261ms] [LOG] %c[Vercel Web Analytics]%c [view] http://localhost:3000/onboarding color: rgb(120, 120, 120) color: inherit {o: http://localhost:3000/onboarding, sv: 0.1.3, sdkn: @vercel/analytics/next, sdkv: 2.0.1, ts: 1785001897394} /_vercel/insights/view @ http://localhost:3000/_next/static/chunks/node_modules_next_dist_1ybzpk2._.js:2477
[  210359ms] [LOG] %c[Vercel Web Analytics]%c [view] http://localhost:3000/dashboard color: rgb(120, 120, 120) color: inherit {o: http://localhost:3000/dashboard, sv: 0.1.3, sdkn: @vercel/analytics/next, sdkv: 2.0.1, ts: 1785001897490} /_vercel/insights/view @ http://localhost:3000/_next/static/chunks/node_modules_next_dist_1ybzpk2._.js:2477
[  210694ms] [LOG] %c[Vercel Web Analytics]%c [view] http://localhost:3000/onboarding color: rgb(120, 120, 120) color: inherit {o: http://localhost:3000/onboarding, sv: 0.1.3, sdkn: @vercel/analytics/next, sdkv: 2.0.1, ts: 1785001897827} /_vercel/insights/view @ http://localhost:3000/_next/static/chunks/node_modules_next_dist_1ybzpk2._.js:2477
[  210781ms] [LOG] %c[Vercel Web Analytics]%c [view] http://localhost:3000/dashboard color: rgb(120, 120, 120) color: inherit {o: http://localhost:3000/dashboard, sv: 0.1.3, sdkn: @vercel/analytics/next, sdkv: 2.0.1, ts: 1785001897914} /_vercel/insights/view @ http://localhost:3000/_next/static/chunks/node_modules_next_dist_1ybzpk2._.js:2477
[  211119ms] [LOG] %c[Vercel Web Analytics]%c [view] http://localhost:3000/onboarding color: rgb(120, 120, 120) color: inherit {o: http://localhost:3000/onboarding, sv: 0.1.3, sdkn: @vercel/analytics/next, sdkv: 2.0.1, ts: 1785001898251} /_vercel/insights/view @ http://localhost:3000/_next/static/chunks/node_modules_next_dist_1ybzpk2._.js:2477
[  211204ms] [LOG] %c[Vercel Web Analytics]%c [view] http://localhost:3000/dashboard color: rgb(120, 120, 120) color: inherit {o: http://localhost:3000/dashboard, sv: 0.1.3, sdkn: @vercel/analytics/next, sdkv: 2.0.1, ts: 1785001898336} /_vercel/insights/view @ http://localhost:3000/_next/static/chunks/node_modules_next_dist_1ybzpk2._.js:2477
[  211542ms] [LOG] %c[Vercel Web Analytics]%c [view] http://localhost:3000/onboarding color: rgb(120, 120, 120) color: inherit {o: http://localhost:3000/onboarding, sv: 0.1.3, sdkn: @vercel/analytics/next, sdkv: 2.0.1, ts: 1785001898675} /_vercel/insights/view @ http://localhost:3000/_next/static/chunks/node_modules_next_dist_1ybzpk2._.js:2477
[  211639ms] [LOG] %c[Vercel Web Analytics]%c [view] http://localhost:3000/dashboard color: rgb(120, 120, 120) color: inherit {o: http://localhost:3000/dashboard, sv: 0.1.3, sdkn: @vercel/analytics/next, sdkv: 2.0.1, ts: 1785001898771} /_vercel/insights/view @ http://localhost:3000/_next/static/chunks/node_modules_next_dist_1ybzpk2._.js:2477
[  211979ms] [LOG] %c[Vercel Web Analytics]%c [view] http://localhost:3000/onboarding color: rgb(120, 120, 120) color: inherit {o: http://localhost:3000/onboarding, sv: 0.1.3, sdkn: @vercel/analytics/next, sdkv: 2.0.1, ts: 1785001899111} /_vercel/insights/view @ http://localhost:3000/_next/static/chunks/node_modules_next_dist_1ybzpk2._.js:2477
[  212072ms] [LOG] %c[Vercel Web Analytics]%c [view] http://localhost:3000/dashboard color: rgb(120, 120, 120) color: inherit {o: http://localhost:3000/dashboard, sv: 0.1.3, sdkn: @vercel/analytics/next, sdkv: 2.0.1, ts: 1785001899205} /_vercel/insights/view @ http://localhost:3000/_next/static/chunks/node_modules_next_dist_1ybzpk2._.js:2477
[  212411ms] [LOG] %c[Vercel Web Analytics]%c [view] http://localhost:3000/onboarding color: rgb(120, 120, 120) color: inherit {o: http://localhost:3000/onboarding, sv: 0.1.3, sdkn: @vercel/analytics/next, sdkv: 2.0.1, ts: 1785001899544} /_vercel/insights/view @ http://localhost:3000/_next/static/chunks/node_modules_next_dist_1ybzpk2._.js:2477
[  212512ms] [LOG] %c[Vercel Web Analytics]%c [view] http://localhost:3000/dashboard color: rgb(120, 120, 120) color: inherit {o: http://localhost:3000/dashboard, sv: 0.1.3, sdkn: @vercel/analytics/next, sdkv: 2.0.1, ts: 1785001899645} /_vercel/insights/view @ http://localhost:3000/_next/static/chunks/node_modules_next_dist_1ybzpk2._.js:2477
[  212844ms] [LOG] %c[Vercel Web Analytics]%c [view] http://localhost:3000/onboarding color: rgb(120, 120, 120) color: inherit {o: http://localhost:3000/onboarding, sv: 0.1.3, sdkn: @vercel/analytics/next, sdkv: 2.0.1, ts: 1785001899976} /_vercel/insights/view @ http://localhost:3000/_next/static/chunks/node_modules_next_dist_1ybzpk2._.js:2477
[  212926ms] [LOG] %c[Vercel Web Analytics]%c [view] http://localhost:3000/dashboard color: rgb(120, 120, 120) color: inherit {o: http://localhost:3000/dashboard, sv: 0.1.3, sdkn: @vercel/analytics/next, sdkv: 2.0.1, ts: 1785001900058} /_vercel/insights/view @ http://localhost:3000/_next/static/chunks/node_modules_next_dist_1ybzpk2._.js:2477
[  213270ms] [LOG] %c[Vercel Web Analytics]%c [view] http://localhost:3000/onboarding color: rgb(120, 120, 120) color: inherit {o: http://localhost:3000/onboarding, sv: 0.1.3, sdkn: @vercel/analytics/next, sdkv: 2.0.1, ts: 1785001900402} /_vercel/insights/view @ http://localhost:3000/_next/static/chunks/node_modules_next_dist_1ybzpk2._.js:2477
[  213364ms] [LOG] %c[Vercel Web Analytics]%c [view] http://localhost:3000/dashboard color: rgb(120, 120, 120) color: inherit {o: http://localhost:3000/dashboard, sv: 0.1.3, sdkn: @vercel/analytics/next, sdkv: 2.0.1, ts: 1785001900497} /_vercel/insights/view @ http://localhost:3000/_next/static/chunks/node_modules_next_dist_1ybzpk2._.js:2477
[  213711ms] [LOG] %c[Vercel Web Analytics]%c [view] http://localhost:3000/onboarding color: rgb(120, 120, 120) color: inherit {o: http://localhost:3000/onboarding, sv: 0.1.3, sdkn: @vercel/analytics/next, sdkv: 2.0.1, ts: 1785001900844} /_vercel/insights/view @ http://localhost:3000/_next/static/chunks/node_modules_next_dist_1ybzpk2._.js:2477
[  213800ms] [LOG] %c[Vercel Web Analytics]%c [view] http://localhost:3000/dashboard color: rgb(120, 120, 120) color: inherit {o: http://localhost:3000/dashboard, sv: 0.1.3, sdkn: @vercel/analytics/next, sdkv: 2.0.1, ts: 1785001900933} /_vercel/insights/view @ http://localhost:3000/_next/static/chunks/node_modules_next_dist_1ybzpk2._.js:2477
[  214154ms] [LOG] %c[Vercel Web Analytics]%c [view] http://localhost:3000/onboarding color: rgb(120, 120, 120) color: inherit {o: http://localhost:3000/onboarding, sv: 0.1.3, sdkn: @vercel/analytics/next, sdkv: 2.0.1, ts: 1785001901287} /_vercel/insights/view @ http://localhost:3000/_next/static/chunks/node_modules_next_dist_1ybzpk2._.js:2477
[  214244ms] [LOG] %c[Vercel Web Analytics]%c [view] http://localhost:3000/dashboard color: rgb(120, 120, 120) color: inherit {o: http://localhost:3000/dashboard, sv: 0.1.3, sdkn: @vercel/analytics/next, sdkv: 2.0.1, ts: 1785001901377} /_vercel/insights/view @ http://localhost:3000/_next/static/chunks/node_modules_next_dist_1ybzpk2._.js:2477
[  214597ms] [LOG] %c[Vercel Web Analytics]%c [view] http://localhost:3000/onboarding color: rgb(120, 120, 120) color: inherit {o: http://localhost:3000/onboarding, sv: 0.1.3, sdkn: @vercel/analytics/next, sdkv: 2.0.1, ts: 1785001901728} /_vercel/insights/view @ http://localhost:3000/_next/static/chunks/node_modules_next_dist_1ybzpk2._.js:2477
[  214703ms] [LOG] %c[Vercel Web Analytics]%c [view] http://localhost:3000/dashboard color: rgb(120, 120, 120) color: inherit {o: http://localhost:3000/dashboard, sv: 0.1.3, sdkn: @vercel/analytics/next, sdkv: 2.0.1, ts: 1785001901835} /_vercel/insights/view @ http://localhost:3000/_next/static/chunks/node_modules_next_dist_1ybzpk2._.js:2477
[  215041ms] [LOG] %c[Vercel Web Analytics]%c [view] http://localhost:3000/onboarding color: rgb(120, 120, 120) color: inherit {o: http://localhost:3000/onboarding, sv: 0.1.3, sdkn: @vercel/analytics/next, sdkv: 2.0.1, ts: 1785001902174} /_vercel/insights/view @ http://localhost:3000/_next/static/chunks/node_modules_next_dist_1ybzpk2._.js:2477
[  215124ms] [LOG] %c[Vercel Web Analytics]%c [view] http://localhost:3000/dashboard color: rgb(120, 120, 120) color: inherit {o: http://localhost:3000/dashboard, sv: 0.1.3, sdkn: @vercel/analytics/next, sdkv: 2.0.1, ts: 1785001902257} /_vercel/insights/view @ http://localhost:3000/_next/static/chunks/node_modules_next_dist_1ybzpk2._.js:2477
[  215472ms] [LOG] %c[Vercel Web Analytics]%c [view] http://localhost:3000/onboarding color: rgb(120, 120, 120) color: inherit {o: http://localhost:3000/onboarding, sv: 0.1.3, sdkn: @vercel/analytics/next, sdkv: 2.0.1, ts: 1785001902605} /_vercel/insights/view @ http://localhost:3000/_next/static/chunks/node_modules_next_dist_1ybzpk2._.js:2477
[  215650ms] [LOG] %c[Vercel Web Analytics]%c [view] http://localhost:3000/dashboard color: rgb(120, 120, 120) color: inherit {o: http://localhost:3000/dashboard, sv: 0.1.3, sdkn: @vercel/analytics/next, sdkv: 2.0.1, ts: 1785001902783} /_vercel/insights/view @ http://localhost:3000/_next/static/chunks/node_modules_next_dist_1ybzpk2._.js:2477
[  215982ms] [LOG] %c[Vercel Web Analytics]%c [view] http://localhost:3000/onboarding color: rgb(120, 120, 120) color: inherit {o: http://localhost:3000/onboarding, sv: 0.1.3, sdkn: @vercel/analytics/next, sdkv: 2.0.1, ts: 1785001903114} /_vercel/insights/view @ http://localhost:3000/_next/static/chunks/node_modules_next_dist_1ybzpk2._.js:2477
[  216074ms] [LOG] %c[Vercel Web Analytics]%c [view] http://localhost:3000/dashboard color: rgb(120, 120, 120) color: inherit {o: http://localhost:3000/dashboard, sv: 0.1.3, sdkn: @vercel/analytics/next, sdkv: 2.0.1, ts: 1785001903207} /_vercel/insights/view @ http://localhost:3000/_next/static/chunks/node_modules_next_dist_1ybzpk2._.js:2477
[  216420ms] [LOG] %c[Vercel Web Analytics]%c [view] http://localhost:3000/onboarding color: rgb(120, 120, 120) color: inherit {o: http://localhost:3000/onboarding, sv: 0.1.3, sdkn: @vercel/analytics/next, sdkv: 2.0.1, ts: 1785001903553} /_vercel/insights/view @ http://localhost:3000/_next/static/chunks/node_modules_next_dist_1ybzpk2._.js:2477
[  216510ms] [LOG] %c[Vercel Web Analytics]%c [view] http://localhost:3000/dashboard color: rgb(120, 120, 120) color: inherit {o: http://localhost:3000/dashboard, sv: 0.1.3, sdkn: @vercel/analytics/next, sdkv: 2.0.1, ts: 1785001903643} /_vercel/insights/view @ http://localhost:3000/_next/static/chunks/node_modules_next_dist_1ybzpk2._.js:2477
[  216860ms] [LOG] %c[Vercel Web Analytics]%c [view] http://localhost:3000/onboarding color: rgb(120, 120, 120) color: inherit {o: http://localhost:3000/onboarding, sv: 0.1.3, sdkn: @vercel/analytics/next, sdkv: 2.0.1, ts: 1785001903991} /_vercel/insights/view @ http://localhost:3000/_next/static/chunks/node_modules_next_dist_1ybzpk2._.js:2477
[  216952ms] [LOG] %c[Vercel Web Analytics]%c [view] http://localhost:3000/dashboard color: rgb(120, 120, 120) color: inherit {o: http://localhost:3000/dashboard, sv: 0.1.3, sdkn: @vercel/analytics/next, sdkv: 2.0.1, ts: 1785001904084} /_vercel/insights/view @ http://localhost:3000/_next/static/chunks/node_modules_next_dist_1ybzpk2._.js:2477
[  217291ms] [LOG] %c[Vercel Web Analytics]%c [view] http://localhost:3000/onboarding color: rgb(120, 120, 120) color: inherit {o: http://localhost:3000/onboarding, sv: 0.1.3, sdkn: @vercel/analytics/next, sdkv: 2.0.1, ts: 1785001904424} /_vercel/insights/view @ http://localhost:3000/_next/static/chunks/node_modules_next_dist_1ybzpk2._.js:2477
[  217377ms] [LOG] %c[Vercel Web Analytics]%c [view] http://localhost:3000/dashboard color: rgb(120, 120, 120) color: inherit {o: http://localhost:3000/dashboard, sv: 0.1.3, sdkn: @vercel/analytics/next, sdkv: 2.0.1, ts: 1785001904510} /_vercel/insights/view @ http://localhost:3000/_next/static/chunks/node_modules_next_dist_1ybzpk2._.js:2477
[  217713ms] [LOG] %c[Vercel Web Analytics]%c [view] http://localhost:3000/onboarding color: rgb(120, 120, 120) color: inherit {o: http://localhost:3000/onboarding, sv: 0.1.3, sdkn: @vercel/analytics/next, sdkv: 2.0.1, ts: 1785001904846} /_vercel/insights/view @ http://localhost:3000/_next/static/chunks/node_modules_next_dist_1ybzpk2._.js:2477
[  217814ms] [LOG] %c[Vercel Web Analytics]%c [view] http://localhost:3000/dashboard color: rgb(120, 120, 120) color: inherit {o: http://localhost:3000/dashboard, sv: 0.1.3, sdkn: @vercel/analytics/next, sdkv: 2.0.1, ts: 1785001904946} /_vercel/insights/view @ http://localhost:3000/_next/static/chunks/node_modules_next_dist_1ybzpk2._.js:2477
[  218150ms] [LOG] %c[Vercel Web Analytics]%c [view] http://localhost:3000/onboarding color: rgb(120, 120, 120) color: inherit {o: http://localhost:3000/onboarding, sv: 0.1.3, sdkn: @vercel/analytics/next, sdkv: 2.0.1, ts: 1785001905283} /_vercel/insights/view @ http://localhost:3000/_next/static/chunks/node_modules_next_dist_1ybzpk2._.js:2477
[  218227ms] [LOG] %c[Vercel Web Analytics]%c [view] http://localhost:3000/dashboard color: rgb(120, 120, 120) color: inherit {o: http://localhost:3000/dashboard, sv: 0.1.3, sdkn: @vercel/analytics/next, sdkv: 2.0.1, ts: 1785001905360} /_vercel/insights/view @ http://localhost:3000/_next/static/chunks/node_modules_next_dist_1ybzpk2._.js:2477
[  218268ms] [LOG] [Fast Refresh] rebuilding @ http://localhost:3000/_next/static/chunks/node_modules_next_dist_1ybzpk2._.js:2477
[  218326ms] [LOG] [Fast Refresh] done in 159ms @ http://localhost:3000/_next/static/chunks/node_modules_next_dist_1ybzpk2._.js:2477
[  218551ms] [LOG] %c[Vercel Web Analytics]%c [view] http://localhost:3000/onboarding color: rgb(120, 120, 120) color: inherit {o: http://localhost:3000/onboarding, sv: 0.1.3, sdkn: @vercel/analytics/next, sdkv: 2.0.1, ts: 1785001905684} /_vercel/insights/view @ http://localhost:3000/_next/static/chunks/node_modules_next_dist_1ybzpk2._.js:2477
[  218650ms] [LOG] %c[Vercel Web Analytics]%c [view] http://localhost:3000/dashboard color: rgb(120, 120, 120) color: inherit {o: http://localhost:3000/dashboard, sv: 0.1.3, sdkn: @vercel/analytics/next, sdkv: 2.0.1, ts: 1785001905783} /_vercel/insights/view @ http://localhost:3000/_next/static/chunks/node_modules_next_dist_1ybzpk2._.js:2477
[  218992ms] [LOG] %c[Vercel Web Analytics]%c [view] http://localhost:3000/onboarding color: rgb(120, 120, 120) color: inherit {o: http://localhost:3000/onboarding, sv: 0.1.3, sdkn: @vercel/analytics/next, sdkv: 2.0.1, ts: 1785001906125} /_vercel/insights/view @ http://localhost:3000/_next/static/chunks/node_modules_next_dist_1ybzpk2._.js:2477
[  219088ms] [LOG] %c[Vercel Web Analytics]%c [view] http://localhost:3000/dashboard color: rgb(120, 120, 120) color: inherit {o: http://localhost:3000/dashboard, sv: 0.1.3, sdkn: @vercel/analytics/next, sdkv: 2.0.1, ts: 1785001906221} /_vercel/insights/view @ http://localhost:3000/_next/static/chunks/node_modules_next_dist_1ybzpk2._.js:2477
[  219162ms] [LOG] [Fast Refresh] rebuilding @ http://localhost:3000/_next/static/chunks/node_modules_next_dist_1ybzpk2._.js:2477
[  219188ms] [LOG] [Fast Refresh] done in 125ms @ http://localhost:3000/_next/static/chunks/node_modules_next_dist_1ybzpk2._.js:2477
[  219411ms] [LOG] %c[Vercel Web Analytics]%c [view] http://localhost:3000/onboarding color: rgb(120, 120, 120) color: inherit {o: http://localhost:3000/onboarding, sv: 0.1.3, sdkn: @vercel/analytics/next, sdkv: 2.0.1, ts: 1785001906544} /_vercel/insights/view @ http://localhost:3000/_next/static/chunks/node_modules_next_dist_1ybzpk2._.js:2477
[  219496ms] [LOG] %c[Vercel Web Analytics]%c [view] http://localhost:3000/dashboard color: rgb(120, 120, 120) color: inherit {o: http://localhost:3000/dashboard, sv: 0.1.3, sdkn: @vercel/analytics/next, sdkv: 2.0.1, ts: 1785001906629} /_vercel/insights/view @ http://localhost:3000/_next/static/chunks/node_modules_next_dist_1ybzpk2._.js:2477
[  219571ms] [LOG] [Fast Refresh] rebuilding @ http://localhost:3000/_next/static/chunks/node_modules_next_dist_1ybzpk2._.js:2477
[  219622ms] [LOG] [Fast Refresh] done in 151ms @ http://localhost:3000/_next/static/chunks/node_modules_next_dist_1ybzpk2._.js:2477
[  219825ms] [LOG] %c[Vercel Web Analytics]%c [view] http://localhost:3000/onboarding color: rgb(120, 120, 120) color: inherit {o: http://localhost:3000/onboarding, sv: 0.1.3, sdkn: @vercel/analytics/next, sdkv: 2.0.1, ts: 1785001906957} /_vercel/insights/view @ http://localhost:3000/_next/static/chunks/node_modules_next_dist_1ybzpk2._.js:2477
[  219906ms] [LOG] %c[Vercel Web Analytics]%c [view] http://localhost:3000/dashboard color: rgb(120, 120, 120) color: inherit {o: http://localhost:3000/dashboard, sv: 0.1.3, sdkn: @vercel/analytics/next, sdkv: 2.0.1, ts: 1785001907038} /_vercel/insights/view @ http://localhost:3000/_next/static/chunks/node_modules_next_dist_1ybzpk2._.js:2477
[  220241ms] [LOG] %c[Vercel Web Analytics]%c [view] http://localhost:3000/onboarding color: rgb(120, 120, 120) color: inherit {o: http://localhost:3000/onboarding, sv: 0.1.3, sdkn: @vercel/analytics/next, sdkv: 2.0.1, ts: 1785001907373} /_vercel/insights/view @ http://localhost:3000/_next/static/chunks/node_modules_next_dist_1ybzpk2._.js:2477
[  220334ms] [LOG] %c[Vercel Web Analytics]%c [view] http://localhost:3000/dashboard color: rgb(120, 120, 120) color: inherit {o: http://localhost:3000/dashboard, sv: 0.1.3, sdkn: @vercel/analytics/next, sdkv: 2.0.1, ts: 1785001907467} /_vercel/insights/view @ http://localhost:3000/_next/static/chunks/node_modules_next_dist_1ybzpk2._.js:2477
[  220679ms] [LOG] %c[Vercel Web Analytics]%c [view] http://localhost:3000/onboarding color: rgb(120, 120, 120) color: inherit {o: http://localhost:3000/onboarding, sv: 0.1.3, sdkn: @vercel/analytics/next, sdkv: 2.0.1, ts: 1785001907812} /_vercel/insights/view @ http://localhost:3000/_next/static/chunks/node_modules_next_dist_1ybzpk2._.js:2477
[  220760ms] [LOG] %c[Vercel Web Analytics]%c [view] http://localhost:3000/dashboard color: rgb(120, 120, 120) color: inherit {o: http://localhost:3000/dashboard, sv: 0.1.3, sdkn: @vercel/analytics/next, sdkv: 2.0.1, ts: 1785001907893} /_vercel/insights/view @ http://localhost:3000/_next/static/chunks/node_modules_next_dist_1ybzpk2._.js:2477
[  221104ms] [LOG] %c[Vercel Web Analytics]%c [view] http://localhost:3000/onboarding color: rgb(120, 120, 120) color: inherit {o: http://localhost:3000/onboarding, sv: 0.1.3, sdkn: @vercel/analytics/next, sdkv: 2.0.1, ts: 1785001908236} /_vercel/insights/view @ http://localhost:3000/_next/static/chunks/node_modules_next_dist_1ybzpk2._.js:2477
[  221202ms] [LOG] %c[Vercel Web Analytics]%c [view] http://localhost:3000/dashboard color: rgb(120, 120, 120) color: inherit {o: http://localhost:3000/dashboard, sv: 0.1.3, sdkn: @vercel/analytics/next, sdkv: 2.0.1, ts: 1785001908334} /_vercel/insights/view @ http://localhost:3000/_next/static/chunks/node_modules_next_dist_1ybzpk2._.js:2477
[  221533ms] [LOG] %c[Vercel Web Analytics]%c [view] http://localhost:3000/onboarding color: rgb(120, 120, 120) color: inherit {o: http://localhost:3000/onboarding, sv: 0.1.3, sdkn: @vercel/analytics/next, sdkv: 2.0.1, ts: 1785001908666} /_vercel/insights/view @ http://localhost:3000/_next/static/chunks/node_modules_next_dist_1ybzpk2._.js:2477
[  221627ms] [LOG] %c[Vercel Web Analytics]%c [view] http://localhost:3000/dashboard color: rgb(120, 120, 120) color: inherit {o: http://localhost:3000/dashboard, sv: 0.1.3, sdkn: @vercel/analytics/next, sdkv: 2.0.1, ts: 1785001908759} /_vercel/insights/view @ http://localhost:3000/_next/static/chunks/node_modules_next_dist_1ybzpk2._.js:2477
[  221961ms] [LOG] %c[Vercel Web Analytics]%c [view] http://localhost:3000/onboarding color: rgb(120, 120, 120) color: inherit {o: http://localhost:3000/onboarding, sv: 0.1.3, sdkn: @vercel/analytics/next, sdkv: 2.0.1, ts: 1785001909093} /_vercel/insights/view @ http://localhost:3000/_next/static/chunks/node_modules_next_dist_1ybzpk2._.js:2477
[  222042ms] [LOG] %c[Vercel Web Analytics]%c [view] http://localhost:3000/dashboard color: rgb(120, 120, 120) color: inherit {o: http://localhost:3000/dashboard, sv: 0.1.3, sdkn: @vercel/analytics/next, sdkv: 2.0.1, ts: 1785001909175} /_vercel/insights/view @ http://localhost:3000/_next/static/chunks/node_modules_next_dist_1ybzpk2._.js:2477
[  222374ms] [LOG] %c[Vercel Web Analytics]%c [view] http://localhost:3000/onboarding color: rgb(120, 120, 120) color: inherit {o: http://localhost:3000/onboarding, sv: 0.1.3, sdkn: @vercel/analytics/next, sdkv: 2.0.1, ts: 1785001909507} /_vercel/insights/view @ http://localhost:3000/_next/static/chunks/node_modules_next_dist_1ybzpk2._.js:2477
[  222455ms] [LOG] %c[Vercel Web Analytics]%c [view] http://localhost:3000/dashboard color: rgb(120, 120, 120) color: inherit {o: http://localhost:3000/dashboard, sv: 0.1.3, sdkn: @vercel/analytics/next, sdkv: 2.0.1, ts: 1785001909588} /_vercel/insights/view @ http://localhost:3000/_next/static/chunks/node_modules_next_dist_1ybzpk2._.js:2477
[  222801ms] [LOG] %c[Vercel Web Analytics]%c [view] http://localhost:3000/onboarding color: rgb(120, 120, 120) color: inherit {o: http://localhost:3000/onboarding, sv: 0.1.3, sdkn: @vercel/analytics/next, sdkv: 2.0.1, ts: 1785001909933} /_vercel/insights/view @ http://localhost:3000/_next/static/chunks/node_modules_next_dist_1ybzpk2._.js:2477
[  222891ms] [LOG] %c[Vercel Web Analytics]%c [view] http://localhost:3000/dashboard color: rgb(120, 120, 120) color: inherit {o: http://localhost:3000/dashboard, sv: 0.1.3, sdkn: @vercel/analytics/next, sdkv: 2.0.1, ts: 1785001910024} /_vercel/insights/view @ http://localhost:3000/_next/static/chunks/node_modules_next_dist_1ybzpk2._.js:2477
[  223235ms] [LOG] %c[Vercel Web Analytics]%c [view] http://localhost:3000/onboarding color: rgb(120, 120, 120) color: inherit {o: http://localhost:3000/onboarding, sv: 0.1.3, sdkn: @vercel/analytics/next, sdkv: 2.0.1, ts: 1785001910367} /_vercel/insights/view @ http://localhost:3000/_next/static/chunks/node_modules_next_dist_1ybzpk2._.js:2477
[  223321ms] [LOG] %c[Vercel Web Analytics]%c [view] http://localhost:3000/dashboard color: rgb(120, 120, 120) color: inherit {o: http://localhost:3000/dashboard, sv: 0.1.3, sdkn: @vercel/analytics/next, sdkv: 2.0.1, ts: 1785001910454} /_vercel/insights/view @ http://localhost:3000/_next/static/chunks/node_modules_next_dist_1ybzpk2._.js:2477
[  223661ms] [LOG] %c[Vercel Web Analytics]%c [view] http://localhost:3000/onboarding color: rgb(120, 120, 120) color: inherit {o: http://localhost:3000/onboarding, sv: 0.1.3, sdkn: @vercel/analytics/next, sdkv: 2.0.1, ts: 1785001910794} /_vercel/insights/view @ http://localhost:3000/_next/static/chunks/node_modules_next_dist_1ybzpk2._.js:2477
[  223748ms] [LOG] %c[Vercel Web Analytics]%c [view] http://localhost:3000/dashboard color: rgb(120, 120, 120) color: inherit {o: http://localhost:3000/dashboard, sv: 0.1.3, sdkn: @vercel/analytics/next, sdkv: 2.0.1, ts: 1785001910881} /_vercel/insights/view @ http://localhost:3000/_next/static/chunks/node_modules_next_dist_1ybzpk2._.js:2477
[  224073ms] [LOG] %c[Vercel Web Analytics]%c [view] http://localhost:3000/onboarding color: rgb(120, 120, 120) color: inherit {o: http://localhost:3000/onboarding, sv: 0.1.3, sdkn: @vercel/analytics/next, sdkv: 2.0.1, ts: 1785001911205} /_vercel/insights/view @ http://localhost:3000/_next/static/chunks/node_modules_next_dist_1ybzpk2._.js:2477
[  224161ms] [LOG] %c[Vercel Web Analytics]%c [view] http://localhost:3000/dashboard color: rgb(120, 120, 120) color: inherit {o: http://localhost:3000/dashboard, sv: 0.1.3, sdkn: @vercel/analytics/next, sdkv: 2.0.1, ts: 1785001911292} /_vercel/insights/view @ http://localhost:3000/_next/static/chunks/node_modules_next_dist_1ybzpk2._.js:2477
[  224502ms] [LOG] %c[Vercel Web Analytics]%c [view] http://localhost:3000/onboarding color: rgb(120, 120, 120) color: inherit {o: http://localhost:3000/onboarding, sv: 0.1.3, sdkn: @vercel/analytics/next, sdkv: 2.0.1, ts: 1785001911635} /_vercel/insights/view @ http://localhost:3000/_next/static/chunks/node_modules_next_dist_1ybzpk2._.js:2477
[  224672ms] [LOG] %c[Vercel Web Analytics]%c [view] http://localhost:3000/dashboard color: rgb(120, 120, 120) color: inherit {o: http://localhost:3000/dashboard, sv: 0.1.3, sdkn: @vercel/analytics/next, sdkv: 2.0.1, ts: 1785001911804} /_vercel/insights/view @ http://localhost:3000/_next/static/chunks/node_modules_next_dist_1ybzpk2._.js:2477
[  225000ms] [LOG] %c[Vercel Web Analytics]%c [view] http://localhost:3000/onboarding color: rgb(120, 120, 120) color: inherit {o: http://localhost:3000/onboarding, sv: 0.1.3, sdkn: @vercel/analytics/next, sdkv: 2.0.1, ts: 1785001912133} /_vercel/insights/view @ http://localhost:3000/_next/static/chunks/node_modules_next_dist_1ybzpk2._.js:2477
[  225074ms] [LOG] %c[Vercel Web Analytics]%c [view] http://localhost:3000/dashboard color: rgb(120, 120, 120) color: inherit {o: http://localhost:3000/dashboard, sv: 0.1.3, sdkn: @vercel/analytics/next, sdkv: 2.0.1, ts: 1785001912207} /_vercel/insights/view @ http://localhost:3000/_next/static/chunks/node_modules_next_dist_1ybzpk2._.js:2477
[  225411ms] [LOG] %c[Vercel Web Analytics]%c [view] http://localhost:3000/onboarding color: rgb(120, 120, 120) color: inherit {o: http://localhost:3000/onboarding, sv: 0.1.3, sdkn: @vercel/analytics/next, sdkv: 2.0.1, ts: 1785001912543} /_vercel/insights/view @ http://localhost:3000/_next/static/chunks/node_modules_next_dist_1ybzpk2._.js:2477
[  225503ms] [LOG] %c[Vercel Web Analytics]%c [view] http://localhost:3000/dashboard color: rgb(120, 120, 120) color: inherit {o: http://localhost:3000/dashboard, sv: 0.1.3, sdkn: @vercel/analytics/next, sdkv: 2.0.1, ts: 1785001912636} /_vercel/insights/view @ http://localhost:3000/_next/static/chunks/node_modules_next_dist_1ybzpk2._.js:2477
[  225843ms] [LOG] %c[Vercel Web Analytics]%c [view] http://localhost:3000/onboarding color: rgb(120, 120, 120) color: inherit {o: http://localhost:3000/onboarding, sv: 0.1.3, sdkn: @vercel/analytics/next, sdkv: 2.0.1, ts: 1785001912975} /_vercel/insights/view @ http://localhost:3000/_next/static/chunks/node_modules_next_dist_1ybzpk2._.js:2477
[  225925ms] [LOG] %c[Vercel Web Analytics]%c [view] http://localhost:3000/dashboard color: rgb(120, 120, 120) color: inherit {o: http://localhost:3000/dashboard, sv: 0.1.3, sdkn: @vercel/analytics/next, sdkv: 2.0.1, ts: 1785001913058} /_vercel/insights/view @ http://localhost:3000/_next/static/chunks/node_modules_next_dist_1ybzpk2._.js:2477
[  226273ms] [LOG] %c[Vercel Web Analytics]%c [view] http://localhost:3000/onboarding color: rgb(120, 120, 120) color: inherit {o: http://localhost:3000/onboarding, sv: 0.1.3, sdkn: @vercel/analytics/next, sdkv: 2.0.1, ts: 1785001913406} /_vercel/insights/view @ http://localhost:3000/_next/static/chunks/node_modules_next_dist_1ybzpk2._.js:2477
[  226364ms] [LOG] %c[Vercel Web Analytics]%c [view] http://localhost:3000/dashboard color: rgb(120, 120, 120) color: inherit {o: http://localhost:3000/dashboard, sv: 0.1.3, sdkn: @vercel/analytics/next, sdkv: 2.0.1, ts: 1785001913497} /_vercel/insights/view @ http://localhost:3000/_next/static/chunks/node_modules_next_dist_1ybzpk2._.js:2477
[  226704ms] [LOG] %c[Vercel Web Analytics]%c [view] http://localhost:3000/onboarding color: rgb(120, 120, 120) color: inherit {o: http://localhost:3000/onboarding, sv: 0.1.3, sdkn: @vercel/analytics/next, sdkv: 2.0.1, ts: 1785001913836} /_vercel/insights/view @ http://localhost:3000/_next/static/chunks/node_modules_next_dist_1ybzpk2._.js:2477
[  226784ms] [LOG] %c[Vercel Web Analytics]%c [view] http://localhost:3000/dashboard color: rgb(120, 120, 120) color: inherit {o: http://localhost:3000/dashboard, sv: 0.1.3, sdkn: @vercel/analytics/next, sdkv: 2.0.1, ts: 1785001913917} /_vercel/insights/view @ http://localhost:3000/_next/static/chunks/node_modules_next_dist_1ybzpk2._.js:2477
[  227144ms] [LOG] %c[Vercel Web Analytics]%c [view] http://localhost:3000/onboarding color: rgb(120, 120, 120) color: inherit {o: http://localhost:3000/onboarding, sv: 0.1.3, sdkn: @vercel/analytics/next, sdkv: 2.0.1, ts: 1785001914277} /_vercel/insights/view @ http://localhost:3000/_next/static/chunks/node_modules_next_dist_1ybzpk2._.js:2477
[  227238ms] [LOG] %c[Vercel Web Analytics]%c [view] http://localhost:3000/dashboard color: rgb(120, 120, 120) color: inherit {o: http://localhost:3000/dashboard, sv: 0.1.3, sdkn: @vercel/analytics/next, sdkv: 2.0.1, ts: 1785001914369} /_vercel/insights/view @ http://localhost:3000/_next/static/chunks/node_modules_next_dist_1ybzpk2._.js:2477
[  227313ms] [LOG] [Fast Refresh] rebuilding @ http://localhost:3000/_next/static/chunks/node_modules_next_dist_1ybzpk2._.js:2477
[  227329ms] [LOG] [Fast Refresh] done in 116ms @ http://localhost:3000/_next/static/chunks/node_modules_next_dist_1ybzpk2._.js:2477
[  227563ms] [LOG] %c[Vercel Web Analytics]%c [view] http://localhost:3000/onboarding color: rgb(120, 120, 120) color: inherit {o: http://localhost:3000/onboarding, sv: 0.1.3, sdkn: @vercel/analytics/next, sdkv: 2.0.1, ts: 1785001914696} /_vercel/insights/view @ http://localhost:3000/_next/static/chunks/node_modules_next_dist_1ybzpk2._.js:2477
[  227657ms] [LOG] %c[Vercel Web Analytics]%c [view] http://localhost:3000/dashboard color: rgb(120, 120, 120) color: inherit {o: http://localhost:3000/dashboard, sv: 0.1.3, sdkn: @vercel/analytics/next, sdkv: 2.0.1, ts: 1785001914790} /_vercel/insights/view @ http://localhost:3000/_next/static/chunks/node_modules_next_dist_1ybzpk2._.js:2477
[  228001ms] [LOG] %c[Vercel Web Analytics]%c [view] http://localhost:3000/onboarding color: rgb(120, 120, 120) color: inherit {o: http://localhost:3000/onboarding, sv: 0.1.3, sdkn: @vercel/analytics/next, sdkv: 2.0.1, ts: 1785001915134} /_vercel/insights/view @ http://localhost:3000/_next/static/chunks/node_modules_next_dist_1ybzpk2._.js:2477
[  228093ms] [LOG] %c[Vercel Web Analytics]%c [view] http://localhost:3000/dashboard color: rgb(120, 120, 120) color: inherit {o: http://localhost:3000/dashboard, sv: 0.1.3, sdkn: @vercel/analytics/next, sdkv: 2.0.1, ts: 1785001915226} /_vercel/insights/view @ http://localhost:3000/_next/static/chunks/node_modules_next_dist_1ybzpk2._.js:2477
[  228441ms] [LOG] %c[Vercel Web Analytics]%c [view] http://localhost:3000/onboarding color: rgb(120, 120, 120) color: inherit {o: http://localhost:3000/onboarding, sv: 0.1.3, sdkn: @vercel/analytics/next, sdkv: 2.0.1, ts: 1785001915574} /_vercel/insights/view @ http://localhost:3000/_next/static/chunks/node_modules_next_dist_1ybzpk2._.js:2477
[  228531ms] [LOG] %c[Vercel Web Analytics]%c [view] http://localhost:3000/dashboard color: rgb(120, 120, 120) color: inherit {o: http://localhost:3000/dashboard, sv: 0.1.3, sdkn: @vercel/analytics/next, sdkv: 2.0.1, ts: 1785001915663} /_vercel/insights/view @ http://localhost:3000/_next/static/chunks/node_modules_next_dist_1ybzpk2._.js:2477
[  228876ms] [LOG] %c[Vercel Web Analytics]%c [view] http://localhost:3000/onboarding color: rgb(120, 120, 120) color: inherit {o: http://localhost:3000/onboarding, sv: 0.1.3, sdkn: @vercel/analytics/next, sdkv: 2.0.1, ts: 1785001916008} /_vercel/insights/view @ http://localhost:3000/_next/static/chunks/node_modules_next_dist_1ybzpk2._.js:2477
[  228970ms] [LOG] %c[Vercel Web Analytics]%c [view] http://localhost:3000/dashboard color: rgb(120, 120, 120) color: inherit {o: http://localhost:3000/dashboard, sv: 0.1.3, sdkn: @vercel/analytics/next, sdkv: 2.0.1, ts: 1785001916103} /_vercel/insights/view @ http://localhost:3000/_next/static/chunks/node_modules_next_dist_1ybzpk2._.js:2477
[  229309ms] [LOG] %c[Vercel Web Analytics]%c [view] http://localhost:3000/onboarding color: rgb(120, 120, 120) color: inherit {o: http://localhost:3000/onboarding, sv: 0.1.3, sdkn: @vercel/analytics/next, sdkv: 2.0.1, ts: 1785001916442} /_vercel/insights/view @ http://localhost:3000/_next/static/chunks/node_modules_next_dist_1ybzpk2._.js:2477
[  229401ms] [LOG] %c[Vercel Web Analytics]%c [view] http://localhost:3000/dashboard color: rgb(120, 120, 120) color: inherit {o: http://localhost:3000/dashboard, sv: 0.1.3, sdkn: @vercel/analytics/next, sdkv: 2.0.1, ts: 1785001916534} /_vercel/insights/view @ http://localhost:3000/_next/static/chunks/node_modules_next_dist_1ybzpk2._.js:2477
[  229728ms] [LOG] %c[Vercel Web Analytics]%c [view] http://localhost:3000/onboarding color: rgb(120, 120, 120) color: inherit {o: http://localhost:3000/onboarding, sv: 0.1.3, sdkn: @vercel/analytics/next, sdkv: 2.0.1, ts: 1785001916860} /_vercel/insights/view @ http://localhost:3000/_next/static/chunks/node_modules_next_dist_1ybzpk2._.js:2477
[  229822ms] [LOG] %c[Vercel Web Analytics]%c [view] http://localhost:3000/dashboard color: rgb(120, 120, 120) color: inherit {o: http://localhost:3000/dashboard, sv: 0.1.3, sdkn: @vercel/analytics/next, sdkv: 2.0.1, ts: 1785001916955} /_vercel/insights/view @ http://localhost:3000/_next/static/chunks/node_modules_next_dist_1ybzpk2._.js:2477
[  230163ms] [LOG] %c[Vercel Web Analytics]%c [view] http://localhost:3000/onboarding color: rgb(120, 120, 120) color: inherit {o: http://localhost:3000/onboarding, sv: 0.1.3, sdkn: @vercel/analytics/next, sdkv: 2.0.1, ts: 1785001917296} /_vercel/insights/view @ http://localhost:3000/_next/static/chunks/node_modules_next_dist_1ybzpk2._.js:2477
[  230247ms] [LOG] %c[Vercel Web Analytics]%c [view] http://localhost:3000/dashboard color: rgb(120, 120, 120) color: inherit {o: http://localhost:3000/dashboard, sv: 0.1.3, sdkn: @vercel/analytics/next, sdkv: 2.0.1, ts: 1785001917380} /_vercel/insights/view @ http://localhost:3000/_next/static/chunks/node_modules_next_dist_1ybzpk2._.js:2477
[  230574ms] [LOG] %c[Vercel Web Analytics]%c [view] http://localhost:3000/onboarding color: rgb(120, 120, 120) color: inherit {o: http://localhost:3000/onboarding, sv: 0.1.3, sdkn: @vercel/analytics/next, sdkv: 2.0.1, ts: 1785001917707} /_vercel/insights/view @ http://localhost:3000/_next/static/chunks/node_modules_next_dist_1ybzpk2._.js:2477
[  230664ms] [LOG] %c[Vercel Web Analytics]%c [view] http://localhost:3000/dashboard color: rgb(120, 120, 120) color: inherit {o: http://localhost:3000/dashboard, sv: 0.1.3, sdkn: @vercel/analytics/next, sdkv: 2.0.1, ts: 1785001917796} /_vercel/insights/view @ http://localhost:3000/_next/static/chunks/node_modules_next_dist_1ybzpk2._.js:2477
[  230997ms] [LOG] %c[Vercel Web Analytics]%c [view] http://localhost:3000/onboarding color: rgb(120, 120, 120) color: inherit {o: http://localhost:3000/onboarding, sv: 0.1.3, sdkn: @vercel/analytics/next, sdkv: 2.0.1, ts: 1785001918130} /_vercel/insights/view @ http://localhost:3000/_next/static/chunks/node_modules_next_dist_1ybzpk2._.js:2477
[  231091ms] [LOG] %c[Vercel Web Analytics]%c [view] http://localhost:3000/dashboard color: rgb(120, 120, 120) color: inherit {o: http://localhost:3000/dashboard, sv: 0.1.3, sdkn: @vercel/analytics/next, sdkv: 2.0.1, ts: 1785001918224} /_vercel/insights/view @ http://localhost:3000/_next/static/chunks/node_modules_next_dist_1ybzpk2._.js:2477
[  231495ms] [LOG] %c[Vercel Web Analytics]%c [view] http://localhost:3000/onboarding color: rgb(120, 120, 120) color: inherit {o: http://localhost:3000/onboarding, sv: 0.1.3, sdkn: @vercel/analytics/next, sdkv: 2.0.1, ts: 1785001918627} /_vercel/insights/view @ http://localhost:3000/_next/static/chunks/node_modules_next_dist_1ybzpk2._.js:2477
[  231592ms] [LOG] %c[Vercel Web Analytics]%c [view] http://localhost:3000/dashboard color: rgb(120, 120, 120) color: inherit {o: http://localhost:3000/dashboard, sv: 0.1.3, sdkn: @vercel/analytics/next, sdkv: 2.0.1, ts: 1785001918725} /_vercel/insights/view @ http://localhost:3000/_next/static/chunks/node_modules_next_dist_1ybzpk2._.js:2477
[  231934ms] [LOG] %c[Vercel Web Analytics]%c [view] http://localhost:3000/onboarding color: rgb(120, 120, 120) color: inherit {o: http://localhost:3000/onboarding, sv: 0.1.3, sdkn: @vercel/analytics/next, sdkv: 2.0.1, ts: 1785001919067} /_vercel/insights/view @ http://localhost:3000/_next/static/chunks/node_modules_next_dist_1ybzpk2._.js:2477
[  232021ms] [LOG] %c[Vercel Web Analytics]%c [view] http://localhost:3000/dashboard color: rgb(120, 120, 120) color: inherit {o: http://localhost:3000/dashboard, sv: 0.1.3, sdkn: @vercel/analytics/next, sdkv: 2.0.1, ts: 1785001919154} /_vercel/insights/view @ http://localhost:3000/_next/static/chunks/node_modules_next_dist_1ybzpk2._.js:2477
[  232372ms] [LOG] %c[Vercel Web Analytics]%c [view] http://localhost:3000/onboarding color: rgb(120, 120, 120) color: inherit {o: http://localhost:3000/onboarding, sv: 0.1.3, sdkn: @vercel/analytics/next, sdkv: 2.0.1, ts: 1785001919505} /_vercel/insights/view @ http://localhost:3000/_next/static/chunks/node_modules_next_dist_1ybzpk2._.js:2477
[  232461ms] [LOG] %c[Vercel Web Analytics]%c [view] http://localhost:3000/dashboard color: rgb(120, 120, 120) color: inherit {o: http://localhost:3000/dashboard, sv: 0.1.3, sdkn: @vercel/analytics/next, sdkv: 2.0.1, ts: 1785001919594} /_vercel/insights/view @ http://localhost:3000/_next/static/chunks/node_modules_next_dist_1ybzpk2._.js:2477
[  232811ms] [LOG] %c[Vercel Web Analytics]%c [view] http://localhost:3000/onboarding color: rgb(120, 120, 120) color: inherit {o: http://localhost:3000/onboarding, sv: 0.1.3, sdkn: @vercel/analytics/next, sdkv: 2.0.1, ts: 1785001919943} /_vercel/insights/view @ http://localhost:3000/_next/static/chunks/node_modules_next_dist_1ybzpk2._.js:2477
[  232911ms] [LOG] %c[Vercel Web Analytics]%c [view] http://localhost:3000/dashboard color: rgb(120, 120, 120) color: inherit {o: http://localhost:3000/dashboard, sv: 0.1.3, sdkn: @vercel/analytics/next, sdkv: 2.0.1, ts: 1785001920044} /_vercel/insights/view @ http://localhost:3000/_next/static/chunks/node_modules_next_dist_1ybzpk2._.js:2477
[  233242ms] [LOG] %c[Vercel Web Analytics]%c [view] http://localhost:3000/onboarding color: rgb(120, 120, 120) color: inherit {o: http://localhost:3000/onboarding, sv: 0.1.3, sdkn: @vercel/analytics/next, sdkv: 2.0.1, ts: 1785001920375} /_vercel/insights/view @ http://localhost:3000/_next/static/chunks/node_modules_next_dist_1ybzpk2._.js:2477
[  233331ms] [LOG] %c[Vercel Web Analytics]%c [view] http://localhost:3000/dashboard color: rgb(120, 120, 120) color: inherit {o: http://localhost:3000/dashboard, sv: 0.1.3, sdkn: @vercel/analytics/next, sdkv: 2.0.1, ts: 1785001920464} /_vercel/insights/view @ http://localhost:3000/_next/static/chunks/node_modules_next_dist_1ybzpk2._.js:2477
[  233682ms] [LOG] %c[Vercel Web Analytics]%c [view] http://localhost:3000/onboarding color: rgb(120, 120, 120) color: inherit {o: http://localhost:3000/onboarding, sv: 0.1.3, sdkn: @vercel/analytics/next, sdkv: 2.0.1, ts: 1785001920815} /_vercel/insights/view @ http://localhost:3000/_next/static/chunks/node_modules_next_dist_1ybzpk2._.js:2477
[  233779ms] [LOG] %c[Vercel Web Analytics]%c [view] http://localhost:3000/dashboard color: rgb(120, 120, 120) color: inherit {o: http://localhost:3000/dashboard, sv: 0.1.3, sdkn: @vercel/analytics/next, sdkv: 2.0.1, ts: 1785001920911} /_vercel/insights/view @ http://localhost:3000/_next/static/chunks/node_modules_next_dist_1ybzpk2._.js:2477
[  234116ms] [LOG] %c[Vercel Web Analytics]%c [view] http://localhost:3000/onboarding color: rgb(120, 120, 120) color: inherit {o: http://localhost:3000/onboarding, sv: 0.1.3, sdkn: @vercel/analytics/next, sdkv: 2.0.1, ts: 1785001921248} /_vercel/insights/view @ http://localhost:3000/_next/static/chunks/node_modules_next_dist_1ybzpk2._.js:2477
[  234199ms] [LOG] %c[Vercel Web Analytics]%c [view] http://localhost:3000/dashboard color: rgb(120, 120, 120) color: inherit {o: http://localhost:3000/dashboard, sv: 0.1.3, sdkn: @vercel/analytics/next, sdkv: 2.0.1, ts: 1785001921331} /_vercel/insights/view @ http://localhost:3000/_next/static/chunks/node_modules_next_dist_1ybzpk2._.js:2477
[  234556ms] [LOG] %c[Vercel Web Analytics]%c [view] http://localhost:3000/onboarding color: rgb(120, 120, 120) color: inherit {o: http://localhost:3000/onboarding, sv: 0.1.3, sdkn: @vercel/analytics/next, sdkv: 2.0.1, ts: 1785001921689} /_vercel/insights/view @ http://localhost:3000/_next/static/chunks/node_modules_next_dist_1ybzpk2._.js:2477
[  234633ms] [LOG] %c[Vercel Web Analytics]%c [view] http://localhost:3000/dashboard color: rgb(120, 120, 120) color: inherit {o: http://localhost:3000/dashboard, sv: 0.1.3, sdkn: @vercel/analytics/next, sdkv: 2.0.1, ts: 1785001921766} /_vercel/insights/view @ http://localhost:3000/_next/static/chunks/node_modules_next_dist_1ybzpk2._.js:2477
[  234982ms] [LOG] %c[Vercel Web Analytics]%c [view] http://localhost:3000/onboarding color: rgb(120, 120, 120) color: inherit {o: http://localhost:3000/onboarding, sv: 0.1.3, sdkn: @vercel/analytics/next, sdkv: 2.0.1, ts: 1785001922115} /_vercel/insights/view @ http://localhost:3000/_next/static/chunks/node_modules_next_dist_1ybzpk2._.js:2477
[  235082ms] [LOG] %c[Vercel Web Analytics]%c [view] http://localhost:3000/dashboard color: rgb(120, 120, 120) color: inherit {o: http://localhost:3000/dashboard, sv: 0.1.3, sdkn: @vercel/analytics/next, sdkv: 2.0.1, ts: 1785001922215} /_vercel/insights/view @ http://localhost:3000/_next/static/chunks/node_modules_next_dist_1ybzpk2._.js:2477
[  235422ms] [LOG] %c[Vercel Web Analytics]%c [view] http://localhost:3000/onboarding color: rgb(120, 120, 120) color: inherit {o: http://localhost:3000/onboarding, sv: 0.1.3, sdkn: @vercel/analytics/next, sdkv: 2.0.1, ts: 1785001922555} /_vercel/insights/view @ http://localhost:3000/_next/static/chunks/node_modules_next_dist_1ybzpk2._.js:2477
[  235515ms] [LOG] %c[Vercel Web Analytics]%c [view] http://localhost:3000/dashboard color: rgb(120, 120, 120) color: inherit {o: http://localhost:3000/dashboard, sv: 0.1.3, sdkn: @vercel/analytics/next, sdkv: 2.0.1, ts: 1785001922648} /_vercel/insights/view @ http://localhost:3000/_next/static/chunks/node_modules_next_dist_1ybzpk2._.js:2477
[  235862ms] [LOG] %c[Vercel Web Analytics]%c [view] http://localhost:3000/onboarding color: rgb(120, 120, 120) color: inherit {o: http://localhost:3000/onboarding, sv: 0.1.3, sdkn: @vercel/analytics/next, sdkv: 2.0.1, ts: 1785001922995} /_vercel/insights/view @ http://localhost:3000/_next/static/chunks/node_modules_next_dist_1ybzpk2._.js:2477
[  235953ms] [LOG] %c[Vercel Web Analytics]%c [view] http://localhost:3000/dashboard color: rgb(120, 120, 120) color: inherit {o: http://localhost:3000/dashboard, sv: 0.1.3, sdkn: @vercel/analytics/next, sdkv: 2.0.1, ts: 1785001923086} /_vercel/insights/view @ http://localhost:3000/_next/static/chunks/node_modules_next_dist_1ybzpk2._.js:2477
[  236294ms] [LOG] %c[Vercel Web Analytics]%c [view] http://localhost:3000/onboarding color: rgb(120, 120, 120) color: inherit {o: http://localhost:3000/onboarding, sv: 0.1.3, sdkn: @vercel/analytics/next, sdkv: 2.0.1, ts: 1785001923427} /_vercel/insights/view @ http://localhost:3000/_next/static/chunks/node_modules_next_dist_1ybzpk2._.js:2477
[  236387ms] [LOG] %c[Vercel Web Analytics]%c [view] http://localhost:3000/dashboard color: rgb(120, 120, 120) color: inherit {o: http://localhost:3000/dashboard, sv: 0.1.3, sdkn: @vercel/analytics/next, sdkv: 2.0.1, ts: 1785001923520} /_vercel/insights/view @ http://localhost:3000/_next/static/chunks/node_modules_next_dist_1ybzpk2._.js:2477
[  236712ms] [LOG] %c[Vercel Web Analytics]%c [view] http://localhost:3000/onboarding color: rgb(120, 120, 120) color: inherit {o: http://localhost:3000/onboarding, sv: 0.1.3, sdkn: @vercel/analytics/next, sdkv: 2.0.1, ts: 1785001923844} /_vercel/insights/view @ http://localhost:3000/_next/static/chunks/node_modules_next_dist_1ybzpk2._.js:2477
[  236801ms] [LOG] %c[Vercel Web Analytics]%c [view] http://localhost:3000/dashboard color: rgb(120, 120, 120) color: inherit {o: http://localhost:3000/dashboard, sv: 0.1.3, sdkn: @vercel/analytics/next, sdkv: 2.0.1, ts: 1785001923934} /_vercel/insights/view @ http://localhost:3000/_next/static/chunks/node_modules_next_dist_1ybzpk2._.js:2477
[  237134ms] [LOG] %c[Vercel Web Analytics]%c [view] http://localhost:3000/onboarding color: rgb(120, 120, 120) color: inherit {o: http://localhost:3000/onboarding, sv: 0.1.3, sdkn: @vercel/analytics/next, sdkv: 2.0.1, ts: 1785001924267} /_vercel/insights/view @ http://localhost:3000/_next/static/chunks/node_modules_next_dist_1ybzpk2._.js:2477
[  237230ms] [LOG] %c[Vercel Web Analytics]%c [view] http://localhost:3000/dashboard color: rgb(120, 120, 120) color: inherit {o: http://localhost:3000/dashboard, sv: 0.1.3, sdkn: @vercel/analytics/next, sdkv: 2.0.1, ts: 1785001924362} /_vercel/insights/view @ http://localhost:3000/_next/static/chunks/node_modules_next_dist_1ybzpk2._.js:2477
[  237571ms] [LOG] %c[Vercel Web Analytics]%c [view] http://localhost:3000/onboarding color: rgb(120, 120, 120) color: inherit {o: http://localhost:3000/onboarding, sv: 0.1.3, sdkn: @vercel/analytics/next, sdkv: 2.0.1, ts: 1785001924703} /_vercel/insights/view @ http://localhost:3000/_next/static/chunks/node_modules_next_dist_1ybzpk2._.js:2477
[  237690ms] [LOG] %c[Vercel Web Analytics]%c [view] http://localhost:3000/dashboard color: rgb(120, 120, 120) color: inherit {o: http://localhost:3000/dashboard, sv: 0.1.3, sdkn: @vercel/analytics/next, sdkv: 2.0.1, ts: 1785001924823} /_vercel/insights/view @ http://localhost:3000/_next/static/chunks/node_modules_next_dist_1ybzpk2._.js:2477
[  238068ms] [LOG] %c[Vercel Web Analytics]%c [view] http://localhost:3000/onboarding color: rgb(120, 120, 120) color: inherit {o: http://localhost:3000/onboarding, sv: 0.1.3, sdkn: @vercel/analytics/next, sdkv: 2.0.1, ts: 1785001925201} /_vercel/insights/view @ http://localhost:3000/_next/static/chunks/node_modules_next_dist_1ybzpk2._.js:2477
[  238152ms] [LOG] %c[Vercel Web Analytics]%c [view] http://localhost:3000/dashboard color: rgb(120, 120, 120) color: inherit {o: http://localhost:3000/dashboard, sv: 0.1.3, sdkn: @vercel/analytics/next, sdkv: 2.0.1, ts: 1785001925284} /_vercel/insights/view @ http://localhost:3000/_next/static/chunks/node_modules_next_dist_1ybzpk2._.js:2477
[  238493ms] [LOG] %c[Vercel Web Analytics]%c [view] http://localhost:3000/onboarding color: rgb(120, 120, 120) color: inherit {o: http://localhost:3000/onboarding, sv: 0.1.3, sdkn: @vercel/analytics/next, sdkv: 2.0.1, ts: 1785001925626} /_vercel/insights/view @ http://localhost:3000/_next/static/chunks/node_modules_next_dist_1ybzpk2._.js:2477
[  238590ms] [LOG] %c[Vercel Web Analytics]%c [view] http://localhost:3000/dashboard color: rgb(120, 120, 120) color: inherit {o: http://localhost:3000/dashboard, sv: 0.1.3, sdkn: @vercel/analytics/next, sdkv: 2.0.1, ts: 1785001925723} /_vercel/insights/view @ http://localhost:3000/_next/static/chunks/node_modules_next_dist_1ybzpk2._.js:2477
[  238667ms] [LOG] [Fast Refresh] rebuilding @ http://localhost:3000/_next/static/chunks/node_modules_next_dist_1ybzpk2._.js:2477
[  238694ms] [LOG] [Fast Refresh] done in 132ms @ http://localhost:3000/_next/static/chunks/node_modules_next_dist_1ybzpk2._.js:2477
[  238932ms] [LOG] %c[Vercel Web Analytics]%c [view] http://localhost:3000/onboarding color: rgb(120, 120, 120) color: inherit {o: http://localhost:3000/onboarding, sv: 0.1.3, sdkn: @vercel/analytics/next, sdkv: 2.0.1, ts: 1785001926064} /_vercel/insights/view @ http://localhost:3000/_next/static/chunks/node_modules_next_dist_1ybzpk2._.js:2477
[  239035ms] [LOG] %c[Vercel Web Analytics]%c [view] http://localhost:3000/dashboard color: rgb(120, 120, 120) color: inherit {o: http://localhost:3000/dashboard, sv: 0.1.3, sdkn: @vercel/analytics/next, sdkv: 2.0.1, ts: 1785001926167} /_vercel/insights/view @ http://localhost:3000/_next/static/chunks/node_modules_next_dist_1ybzpk2._.js:2477
[  239380ms] [LOG] %c[Vercel Web Analytics]%c [view] http://localhost:3000/onboarding color: rgb(120, 120, 120) color: inherit {o: http://localhost:3000/onboarding, sv: 0.1.3, sdkn: @vercel/analytics/next, sdkv: 2.0.1, ts: 1785001926513} /_vercel/insights/view @ http://localhost:3000/_next/static/chunks/node_modules_next_dist_1ybzpk2._.js:2477
[  239467ms] [LOG] %c[Vercel Web Analytics]%c [view] http://localhost:3000/dashboard color: rgb(120, 120, 120) color: inherit {o: http://localhost:3000/dashboard, sv: 0.1.3, sdkn: @vercel/analytics/next, sdkv: 2.0.1, ts: 1785001926599} /_vercel/insights/view @ http://localhost:3000/_next/static/chunks/node_modules_next_dist_1ybzpk2._.js:2477
[  239804ms] [LOG] %c[Vercel Web Analytics]%c [view] http://localhost:3000/onboarding color: rgb(120, 120, 120) color: inherit {o: http://localhost:3000/onboarding, sv: 0.1.3, sdkn: @vercel/analytics/next, sdkv: 2.0.1, ts: 1785001926937} /_vercel/insights/view @ http://localhost:3000/_next/static/chunks/node_modules_next_dist_1ybzpk2._.js:2477
[  239897ms] [LOG] %c[Vercel Web Analytics]%c [view] http://localhost:3000/dashboard color: rgb(120, 120, 120) color: inherit {o: http://localhost:3000/dashboard, sv: 0.1.3, sdkn: @vercel/analytics/next, sdkv: 2.0.1, ts: 1785001927029} /_vercel/insights/view @ http://localhost:3000/_next/static/chunks/node_modules_next_dist_1ybzpk2._.js:2477
[  239971ms] [LOG] [Fast Refresh] rebuilding @ http://localhost:3000/_next/static/chunks/node_modules_next_dist_1ybzpk2._.js:2477
[  239989ms] [LOG] [Fast Refresh] done in 118ms @ http://localhost:3000/_next/static/chunks/node_modules_next_dist_1ybzpk2._.js:2477
[  240232ms] [LOG] %c[Vercel Web Analytics]%c [view] http://localhost:3000/onboarding color: rgb(120, 120, 120) color: inherit {o: http://localhost:3000/onboarding, sv: 0.1.3, sdkn: @vercel/analytics/next, sdkv: 2.0.1, ts: 1785001927365} /_vercel/insights/view @ http://localhost:3000/_next/static/chunks/node_modules_next_dist_1ybzpk2._.js:2477
[  240321ms] [LOG] %c[Vercel Web Analytics]%c [view] http://localhost:3000/dashboard color: rgb(120, 120, 120) color: inherit {o: http://localhost:3000/dashboard, sv: 0.1.3, sdkn: @vercel/analytics/next, sdkv: 2.0.1, ts: 1785001927453} /_vercel/insights/view @ http://localhost:3000/_next/static/chunks/node_modules_next_dist_1ybzpk2._.js:2477
[  240652ms] [LOG] %c[Vercel Web Analytics]%c [view] http://localhost:3000/onboarding color: rgb(120, 120, 120) color: inherit {o: http://localhost:3000/onboarding, sv: 0.1.3, sdkn: @vercel/analytics/next, sdkv: 2.0.1, ts: 1785001927785} /_vercel/insights/view @ http://localhost:3000/_next/static/chunks/node_modules_next_dist_1ybzpk2._.js:2477
[  240743ms] [LOG] %c[Vercel Web Analytics]%c [view] http://localhost:3000/dashboard color: rgb(120, 120, 120) color: inherit {o: http://localhost:3000/dashboard, sv: 0.1.3, sdkn: @vercel/analytics/next, sdkv: 2.0.1, ts: 1785001927876} /_vercel/insights/view @ http://localhost:3000/_next/static/chunks/node_modules_next_dist_1ybzpk2._.js:2477
[  241078ms] [LOG] %c[Vercel Web Analytics]%c [view] http://localhost:3000/onboarding color: rgb(120, 120, 120) color: inherit {o: http://localhost:3000/onboarding, sv: 0.1.3, sdkn: @vercel/analytics/next, sdkv: 2.0.1, ts: 1785001928211} /_vercel/insights/view @ http://localhost:3000/_next/static/chunks/node_modules_next_dist_1ybzpk2._.js:2477
[  241153ms] [LOG] %c[Vercel Web Analytics]%c [view] http://localhost:3000/dashboard color: rgb(120, 120, 120) color: inherit {o: http://localhost:3000/dashboard, sv: 0.1.3, sdkn: @vercel/analytics/next, sdkv: 2.0.1, ts: 1785001928286} /_vercel/insights/view @ http://localhost:3000/_next/static/chunks/node_modules_next_dist_1ybzpk2._.js:2477
[  241489ms] [LOG] %c[Vercel Web Analytics]%c [view] http://localhost:3000/onboarding color: rgb(120, 120, 120) color: inherit {o: http://localhost:3000/onboarding, sv: 0.1.3, sdkn: @vercel/analytics/next, sdkv: 2.0.1, ts: 1785001928621} /_vercel/insights/view @ http://localhost:3000/_next/static/chunks/node_modules_next_dist_1ybzpk2._.js:2477
[  241578ms] [LOG] %c[Vercel Web Analytics]%c [view] http://localhost:3000/dashboard color: rgb(120, 120, 120) color: inherit {o: http://localhost:3000/dashboard, sv: 0.1.3, sdkn: @vercel/analytics/next, sdkv: 2.0.1, ts: 1785001928710} /_vercel/insights/view @ http://localhost:3000/_next/static/chunks/node_modules_next_dist_1ybzpk2._.js:2477
[  241924ms] [LOG] %c[Vercel Web Analytics]%c [view] http://localhost:3000/onboarding color: rgb(120, 120, 120) color: inherit {o: http://localhost:3000/onboarding, sv: 0.1.3, sdkn: @vercel/analytics/next, sdkv: 2.0.1, ts: 1785001929056} /_vercel/insights/view @ http://localhost:3000/_next/static/chunks/node_modules_next_dist_1ybzpk2._.js:2477
[  242022ms] [LOG] %c[Vercel Web Analytics]%c [view] http://localhost:3000/dashboard color: rgb(120, 120, 120) color: inherit {o: http://localhost:3000/dashboard, sv: 0.1.3, sdkn: @vercel/analytics/next, sdkv: 2.0.1, ts: 1785001929155} /_vercel/insights/view @ http://localhost:3000/_next/static/chunks/node_modules_next_dist_1ybzpk2._.js:2477
[  242368ms] [LOG] %c[Vercel Web Analytics]%c [view] http://localhost:3000/onboarding color: rgb(120, 120, 120) color: inherit {o: http://localhost:3000/onboarding, sv: 0.1.3, sdkn: @vercel/analytics/next, sdkv: 2.0.1, ts: 1785001929500} /_vercel/insights/view @ http://localhost:3000/_next/static/chunks/node_modules_next_dist_1ybzpk2._.js:2477
[  242443ms] [LOG] %c[Vercel Web Analytics]%c [view] http://localhost:3000/dashboard color: rgb(120, 120, 120) color: inherit {o: http://localhost:3000/dashboard, sv: 0.1.3, sdkn: @vercel/analytics/next, sdkv: 2.0.1, ts: 1785001929576} /_vercel/insights/view @ http://localhost:3000/_next/static/chunks/node_modules_next_dist_1ybzpk2._.js:2477
[  242763ms] [LOG] %c[Vercel Web Analytics]%c [view] http://localhost:3000/onboarding color: rgb(120, 120, 120) color: inherit {o: http://localhost:3000/onboarding, sv: 0.1.3, sdkn: @vercel/analytics/next, sdkv: 2.0.1, ts: 1785001929896} /_vercel/insights/view @ http://localhost:3000/_next/static/chunks/node_modules_next_dist_1ybzpk2._.js:2477
[  242859ms] [LOG] %c[Vercel Web Analytics]%c [view] http://localhost:3000/dashboard color: rgb(120, 120, 120) color: inherit {o: http://localhost:3000/dashboard, sv: 0.1.3, sdkn: @vercel/analytics/next, sdkv: 2.0.1, ts: 1785001929991} /_vercel/insights/view @ http://localhost:3000/_next/static/chunks/node_modules_next_dist_1ybzpk2._.js:2477
[  243220ms] [LOG] %c[Vercel Web Analytics]%c [view] http://localhost:3000/onboarding color: rgb(120, 120, 120) color: inherit {o: http://localhost:3000/onboarding, sv: 0.1.3, sdkn: @vercel/analytics/next, sdkv: 2.0.1, ts: 1785001930353} /_vercel/insights/view @ http://localhost:3000/_next/static/chunks/node_modules_next_dist_1ybzpk2._.js:2477
[  243311ms] [LOG] %c[Vercel Web Analytics]%c [view] http://localhost:3000/dashboard color: rgb(120, 120, 120) color: inherit {o: http://localhost:3000/dashboard, sv: 0.1.3, sdkn: @vercel/analytics/next, sdkv: 2.0.1, ts: 1785001930444} /_vercel/insights/view @ http://localhost:3000/_next/static/chunks/node_modules_next_dist_1ybzpk2._.js:2477
[  243661ms] [LOG] %c[Vercel Web Analytics]%c [view] http://localhost:3000/onboarding color: rgb(120, 120, 120) color: inherit {o: http://localhost:3000/onboarding, sv: 0.1.3, sdkn: @vercel/analytics/next, sdkv: 2.0.1, ts: 1785001930794} /_vercel/insights/view @ http://localhost:3000/_next/static/chunks/node_modules_next_dist_1ybzpk2._.js:2477
[  243751ms] [LOG] %c[Vercel Web Analytics]%c [view] http://localhost:3000/dashboard color: rgb(120, 120, 120) color: inherit {o: http://localhost:3000/dashboard, sv: 0.1.3, sdkn: @vercel/analytics/next, sdkv: 2.0.1, ts: 1785001930883} /_vercel/insights/view @ http://localhost:3000/_next/static/chunks/node_modules_next_dist_1ybzpk2._.js:2477
[  244090ms] [LOG] %c[Vercel Web Analytics]%c [view] http://localhost:3000/onboarding color: rgb(120, 120, 120) color: inherit {o: http://localhost:3000/onboarding, sv: 0.1.3, sdkn: @vercel/analytics/next, sdkv: 2.0.1, ts: 1785001931223} /_vercel/insights/view @ http://localhost:3000/_next/static/chunks/node_modules_next_dist_1ybzpk2._.js:2477
[  244164ms] [LOG] %c[Vercel Web Analytics]%c [view] http://localhost:3000/dashboard color: rgb(120, 120, 120) color: inherit {o: http://localhost:3000/dashboard, sv: 0.1.3, sdkn: @vercel/analytics/next, sdkv: 2.0.1, ts: 1785001931297} /_vercel/insights/view @ http://localhost:3000/_next/static/chunks/node_modules_next_dist_1ybzpk2._.js:2477
[  244495ms] [LOG] %c[Vercel Web Analytics]%c [view] http://localhost:3000/onboarding color: rgb(120, 120, 120) color: inherit {o: http://localhost:3000/onboarding, sv: 0.1.3, sdkn: @vercel/analytics/next, sdkv: 2.0.1, ts: 1785001931627} /_vercel/insights/view @ http://localhost:3000/_next/static/chunks/node_modules_next_dist_1ybzpk2._.js:2477
[  244578ms] [LOG] %c[Vercel Web Analytics]%c [view] http://localhost:3000/dashboard color: rgb(120, 120, 120) color: inherit {o: http://localhost:3000/dashboard, sv: 0.1.3, sdkn: @vercel/analytics/next, sdkv: 2.0.1, ts: 1785001931711} /_vercel/insights/view @ http://localhost:3000/_next/static/chunks/node_modules_next_dist_1ybzpk2._.js:2477
[  244902ms] [LOG] %c[Vercel Web Analytics]%c [view] http://localhost:3000/onboarding color: rgb(120, 120, 120) color: inherit {o: http://localhost:3000/onboarding, sv: 0.1.3, sdkn: @vercel/analytics/next, sdkv: 2.0.1, ts: 1785001932035} /_vercel/insights/view @ http://localhost:3000/_next/static/chunks/node_modules_next_dist_1ybzpk2._.js:2477
[  244978ms] [LOG] %c[Vercel Web Analytics]%c [view] http://localhost:3000/dashboard color: rgb(120, 120, 120) color: inherit {o: http://localhost:3000/dashboard, sv: 0.1.3, sdkn: @vercel/analytics/next, sdkv: 2.0.1, ts: 1785001932111} /_vercel/insights/view @ http://localhost:3000/_next/static/chunks/node_modules_next_dist_1ybzpk2._.js:2477
[  245317ms] [LOG] %c[Vercel Web Analytics]%c [view] http://localhost:3000/onboarding color: rgb(120, 120, 120) color: inherit {o: http://localhost:3000/onboarding, sv: 0.1.3, sdkn: @vercel/analytics/next, sdkv: 2.0.1, ts: 1785001932450} /_vercel/insights/view @ http://localhost:3000/_next/static/chunks/node_modules_next_dist_1ybzpk2._.js:2477
[  245394ms] [LOG] %c[Vercel Web Analytics]%c [view] http://localhost:3000/dashboard color: rgb(120, 120, 120) color: inherit {o: http://localhost:3000/dashboard, sv: 0.1.3, sdkn: @vercel/analytics/next, sdkv: 2.0.1, ts: 1785001932527} /_vercel/insights/view @ http://localhost:3000/_next/static/chunks/node_modules_next_dist_1ybzpk2._.js:2477
[  245736ms] [LOG] %c[Vercel Web Analytics]%c [view] http://localhost:3000/onboarding color: rgb(120, 120, 120) color: inherit {o: http://localhost:3000/onboarding, sv: 0.1.3, sdkn: @vercel/analytics/next, sdkv: 2.0.1, ts: 1785001932867} /_vercel/insights/view @ http://localhost:3000/_next/static/chunks/node_modules_next_dist_1ybzpk2._.js:2477
[  245813ms] [LOG] %c[Vercel Web Analytics]%c [view] http://localhost:3000/dashboard color: rgb(120, 120, 120) color: inherit {o: http://localhost:3000/dashboard, sv: 0.1.3, sdkn: @vercel/analytics/next, sdkv: 2.0.1, ts: 1785001932946} /_vercel/insights/view @ http://localhost:3000/_next/static/chunks/node_modules_next_dist_1ybzpk2._.js:2477
[  245850ms] [LOG] [Fast Refresh] rebuilding @ http://localhost:3000/_next/static/chunks/node_modules_next_dist_1ybzpk2._.js:2477
[  245909ms] [LOG] [Fast Refresh] done in 160ms @ http://localhost:3000/_next/static/chunks/node_modules_next_dist_1ybzpk2._.js:2477
[  246149ms] [LOG] %c[Vercel Web Analytics]%c [view] http://localhost:3000/onboarding color: rgb(120, 120, 120) color: inherit {o: http://localhost:3000/onboarding, sv: 0.1.3, sdkn: @vercel/analytics/next, sdkv: 2.0.1, ts: 1785001933281} /_vercel/insights/view @ http://localhost:3000/_next/static/chunks/node_modules_next_dist_1ybzpk2._.js:2477
[  246219ms] [LOG] %c[Vercel Web Analytics]%c [view] http://localhost:3000/dashboard color: rgb(120, 120, 120) color: inherit {o: http://localhost:3000/dashboard, sv: 0.1.3, sdkn: @vercel/analytics/next, sdkv: 2.0.1, ts: 1785001933352} /_vercel/insights/view @ http://localhost:3000/_next/static/chunks/node_modules_next_dist_1ybzpk2._.js:2477
[  246260ms] [LOG] [Fast Refresh] rebuilding @ http://localhost:3000/_next/static/chunks/node_modules_next_dist_1ybzpk2._.js:2477
[  246311ms] [LOG] [Fast Refresh] done in 151ms @ http://localhost:3000/_next/static/chunks/node_modules_next_dist_1ybzpk2._.js:2477
[  246544ms] [LOG] %c[Vercel Web Analytics]%c [view] http://localhost:3000/onboarding color: rgb(120, 120, 120) color: inherit {o: http://localhost:3000/onboarding, sv: 0.1.3, sdkn: @vercel/analytics/next, sdkv: 2.0.1, ts: 1785001933677} /_vercel/insights/view @ http://localhost:3000/_next/static/chunks/node_modules_next_dist_1ybzpk2._.js:2477
[  246640ms] [LOG] %c[Vercel Web Analytics]%c [view] http://localhost:3000/dashboard color: rgb(120, 120, 120) color: inherit {o: http://localhost:3000/dashboard, sv: 0.1.3, sdkn: @vercel/analytics/next, sdkv: 2.0.1, ts: 1785001933773} /_vercel/insights/view @ http://localhost:3000/_next/static/chunks/node_modules_next_dist_1ybzpk2._.js:2477
[  247001ms] [LOG] %c[Vercel Web Analytics]%c [view] http://localhost:3000/onboarding color: rgb(120, 120, 120) color: inherit {o: http://localhost:3000/onboarding, sv: 0.1.3, sdkn: @vercel/analytics/next, sdkv: 2.0.1, ts: 1785001934133} /_vercel/insights/view @ http://localhost:3000/_next/static/chunks/node_modules_next_dist_1ybzpk2._.js:2477
[  247092ms] [LOG] %c[Vercel Web Analytics]%c [view] http://localhost:3000/dashboard color: rgb(120, 120, 120) color: inherit {o: http://localhost:3000/dashboard, sv: 0.1.3, sdkn: @vercel/analytics/next, sdkv: 2.0.1, ts: 1785001934225} /_vercel/insights/view @ http://localhost:3000/_next/static/chunks/node_modules_next_dist_1ybzpk2._.js:2477
[  247432ms] [LOG] %c[Vercel Web Analytics]%c [view] http://localhost:3000/onboarding color: rgb(120, 120, 120) color: inherit {o: http://localhost:3000/onboarding, sv: 0.1.3, sdkn: @vercel/analytics/next, sdkv: 2.0.1, ts: 1785001934565} /_vercel/insights/view @ http://localhost:3000/_next/static/chunks/node_modules_next_dist_1ybzpk2._.js:2477
[  247531ms] [LOG] %c[Vercel Web Analytics]%c [view] http://localhost:3000/dashboard color: rgb(120, 120, 120) color: inherit {o: http://localhost:3000/dashboard, sv: 0.1.3, sdkn: @vercel/analytics/next, sdkv: 2.0.1, ts: 1785001934664} /_vercel/insights/view @ http://localhost:3000/_next/static/chunks/node_modules_next_dist_1ybzpk2._.js:2477
[  247603ms] [LOG] [Fast Refresh] rebuilding @ http://localhost:3000/_next/static/chunks/node_modules_next_dist_1ybzpk2._.js:2477
[  247628ms] [LOG] [Fast Refresh] done in 125ms @ http://localhost:3000/_next/static/chunks/node_modules_next_dist_1ybzpk2._.js:2477
[  247872ms] [LOG] %c[Vercel Web Analytics]%c [view] http://localhost:3000/onboarding color: rgb(120, 120, 120) color: inherit {o: http://localhost:3000/onboarding, sv: 0.1.3, sdkn: @vercel/analytics/next, sdkv: 2.0.1, ts: 1785001935004} /_vercel/insights/view @ http://localhost:3000/_next/static/chunks/node_modules_next_dist_1ybzpk2._.js:2477
[  247972ms] [LOG] %c[Vercel Web Analytics]%c [view] http://localhost:3000/dashboard color: rgb(120, 120, 120) color: inherit {o: http://localhost:3000/dashboard, sv: 0.1.3, sdkn: @vercel/analytics/next, sdkv: 2.0.1, ts: 1785001935105} /_vercel/insights/view @ http://localhost:3000/_next/static/chunks/node_modules_next_dist_1ybzpk2._.js:2477
[  248329ms] [LOG] %c[Vercel Web Analytics]%c [view] http://localhost:3000/onboarding color: rgb(120, 120, 120) color: inherit {o: http://localhost:3000/onboarding, sv: 0.1.3, sdkn: @vercel/analytics/next, sdkv: 2.0.1, ts: 1785001935462} /_vercel/insights/view @ http://localhost:3000/_next/static/chunks/node_modules_next_dist_1ybzpk2._.js:2477
[  248401ms] [LOG] %c[Vercel Web Analytics]%c [view] http://localhost:3000/dashboard color: rgb(120, 120, 120) color: inherit {o: http://localhost:3000/dashboard, sv: 0.1.3, sdkn: @vercel/analytics/next, sdkv: 2.0.1, ts: 1785001935534} /_vercel/insights/view @ http://localhost:3000/_next/static/chunks/node_modules_next_dist_1ybzpk2._.js:2477
[  248733ms] [LOG] %c[Vercel Web Analytics]%c [view] http://localhost:3000/onboarding color: rgb(120, 120, 120) color: inherit {o: http://localhost:3000/onboarding, sv: 0.1.3, sdkn: @vercel/analytics/next, sdkv: 2.0.1, ts: 1785001935865} /_vercel/insights/view @ http://localhost:3000/_next/static/chunks/node_modules_next_dist_1ybzpk2._.js:2477
[  248808ms] [LOG] %c[Vercel Web Analytics]%c [view] http://localhost:3000/dashboard color: rgb(120, 120, 120) color: inherit {o: http://localhost:3000/dashboard, sv: 0.1.3, sdkn: @vercel/analytics/next, sdkv: 2.0.1, ts: 1785001935941} /_vercel/insights/view @ http://localhost:3000/_next/static/chunks/node_modules_next_dist_1ybzpk2._.js:2477
[  249131ms] [LOG] %c[Vercel Web Analytics]%c [view] http://localhost:3000/onboarding color: rgb(120, 120, 120) color: inherit {o: http://localhost:3000/onboarding, sv: 0.1.3, sdkn: @vercel/analytics/next, sdkv: 2.0.1, ts: 1785001936264} /_vercel/insights/view @ http://localhost:3000/_next/static/chunks/node_modules_next_dist_1ybzpk2._.js:2477
[  249239ms] [LOG] %c[Vercel Web Analytics]%c [view] http://localhost:3000/dashboard color: rgb(120, 120, 120) color: inherit {o: http://localhost:3000/dashboard, sv: 0.1.3, sdkn: @vercel/analytics/next, sdkv: 2.0.1, ts: 1785001936371} /_vercel/insights/view @ http://localhost:3000/_next/static/chunks/node_modules_next_dist_1ybzpk2._.js:2477
[  249564ms] [LOG] %c[Vercel Web Analytics]%c [view] http://localhost:3000/onboarding color: rgb(120, 120, 120) color: inherit {o: http://localhost:3000/onboarding, sv: 0.1.3, sdkn: @vercel/analytics/next, sdkv: 2.0.1, ts: 1785001936697} /_vercel/insights/view @ http://localhost:3000/_next/static/chunks/node_modules_next_dist_1ybzpk2._.js:2477
[  249643ms] [LOG] %c[Vercel Web Analytics]%c [view] http://localhost:3000/dashboard color: rgb(120, 120, 120) color: inherit {o: http://localhost:3000/dashboard, sv: 0.1.3, sdkn: @vercel/analytics/next, sdkv: 2.0.1, ts: 1785001936775} /_vercel/insights/view @ http://localhost:3000/_next/static/chunks/node_modules_next_dist_1ybzpk2._.js:2477
[  249989ms] [LOG] %c[Vercel Web Analytics]%c [view] http://localhost:3000/onboarding color: rgb(120, 120, 120) color: inherit {o: http://localhost:3000/onboarding, sv: 0.1.3, sdkn: @vercel/analytics/next, sdkv: 2.0.1, ts: 1785001937122} /_vercel/insights/view @ http://localhost:3000/_next/static/chunks/node_modules_next_dist_1ybzpk2._.js:2477
[  250062ms] [LOG] %c[Vercel Web Analytics]%c [view] http://localhost:3000/dashboard color: rgb(120, 120, 120) color: inherit {o: http://localhost:3000/dashboard, sv: 0.1.3, sdkn: @vercel/analytics/next, sdkv: 2.0.1, ts: 1785001937194} /_vercel/insights/view @ http://localhost:3000/_next/static/chunks/node_modules_next_dist_1ybzpk2._.js:2477
[  250411ms] [LOG] %c[Vercel Web Analytics]%c [view] http://localhost:3000/onboarding color: rgb(120, 120, 120) color: inherit {o: http://localhost:3000/onboarding, sv: 0.1.3, sdkn: @vercel/analytics/next, sdkv: 2.0.1, ts: 1785001937544} /_vercel/insights/view @ http://localhost:3000/_next/static/chunks/node_modules_next_dist_1ybzpk2._.js:2477
[  250495ms] [LOG] %c[Vercel Web Analytics]%c [view] http://localhost:3000/dashboard color: rgb(120, 120, 120) color: inherit {o: http://localhost:3000/dashboard, sv: 0.1.3, sdkn: @vercel/analytics/next, sdkv: 2.0.1, ts: 1785001937627} /_vercel/insights/view @ http://localhost:3000/_next/static/chunks/node_modules_next_dist_1ybzpk2._.js:2477
[  250818ms] [LOG] %c[Vercel Web Analytics]%c [view] http://localhost:3000/onboarding color: rgb(120, 120, 120) color: inherit {o: http://localhost:3000/onboarding, sv: 0.1.3, sdkn: @vercel/analytics/next, sdkv: 2.0.1, ts: 1785001937951} /_vercel/insights/view @ http://localhost:3000/_next/static/chunks/node_modules_next_dist_1ybzpk2._.js:2477
[  250901ms] [LOG] %c[Vercel Web Analytics]%c [view] http://localhost:3000/dashboard color: rgb(120, 120, 120) color: inherit {o: http://localhost:3000/dashboard, sv: 0.1.3, sdkn: @vercel/analytics/next, sdkv: 2.0.1, ts: 1785001938034} /_vercel/insights/view @ http://localhost:3000/_next/static/chunks/node_modules_next_dist_1ybzpk2._.js:2477
[  251239ms] [LOG] %c[Vercel Web Analytics]%c [view] http://localhost:3000/onboarding color: rgb(120, 120, 120) color: inherit {o: http://localhost:3000/onboarding, sv: 0.1.3, sdkn: @vercel/analytics/next, sdkv: 2.0.1, ts: 1785001938371} /_vercel/insights/view @ http://localhost:3000/_next/static/chunks/node_modules_next_dist_1ybzpk2._.js:2477
[  251313ms] [LOG] %c[Vercel Web Analytics]%c [view] http://localhost:3000/dashboard color: rgb(120, 120, 120) color: inherit {o: http://localhost:3000/dashboard, sv: 0.1.3, sdkn: @vercel/analytics/next, sdkv: 2.0.1, ts: 1785001938446} /_vercel/insights/view @ http://localhost:3000/_next/static/chunks/node_modules_next_dist_1ybzpk2._.js:2477
[  251643ms] [LOG] %c[Vercel Web Analytics]%c [view] http://localhost:3000/onboarding color: rgb(120, 120, 120) color: inherit {o: http://localhost:3000/onboarding, sv: 0.1.3, sdkn: @vercel/analytics/next, sdkv: 2.0.1, ts: 1785001938776} /_vercel/insights/view @ http://localhost:3000/_next/static/chunks/node_modules_next_dist_1ybzpk2._.js:2477
[  251739ms] [LOG] %c[Vercel Web Analytics]%c [view] http://localhost:3000/dashboard color: rgb(120, 120, 120) color: inherit {o: http://localhost:3000/dashboard, sv: 0.1.3, sdkn: @vercel/analytics/next, sdkv: 2.0.1, ts: 1785001938872} /_vercel/insights/view @ http://localhost:3000/_next/static/chunks/node_modules_next_dist_1ybzpk2._.js:2477
[  251812ms] [LOG] [Fast Refresh] rebuilding @ http://localhost:3000/_next/static/chunks/node_modules_next_dist_1ybzpk2._.js:2477
[  251844ms] [LOG] [Fast Refresh] done in 132ms @ http://localhost:3000/_next/static/chunks/node_modules_next_dist_1ybzpk2._.js:2477
[  252063ms] [LOG] %c[Vercel Web Analytics]%c [view] http://localhost:3000/onboarding color: rgb(120, 120, 120) color: inherit {o: http://localhost:3000/onboarding, sv: 0.1.3, sdkn: @vercel/analytics/next, sdkv: 2.0.1, ts: 1785001939196} /_vercel/insights/view @ http://localhost:3000/_next/static/chunks/node_modules_next_dist_1ybzpk2._.js:2477
[  252135ms] [LOG] %c[Vercel Web Analytics]%c [view] http://localhost:3000/dashboard color: rgb(120, 120, 120) color: inherit {o: http://localhost:3000/dashboard, sv: 0.1.3, sdkn: @vercel/analytics/next, sdkv: 2.0.1, ts: 1785001939267} /_vercel/insights/view @ http://localhost:3000/_next/static/chunks/node_modules_next_dist_1ybzpk2._.js:2477
[  252481ms] [LOG] %c[Vercel Web Analytics]%c [view] http://localhost:3000/onboarding color: rgb(120, 120, 120) color: inherit {o: http://localhost:3000/onboarding, sv: 0.1.3, sdkn: @vercel/analytics/next, sdkv: 2.0.1, ts: 1785001939614} /_vercel/insights/view @ http://localhost:3000/_next/static/chunks/node_modules_next_dist_1ybzpk2._.js:2477
[  252582ms] [LOG] %c[Vercel Web Analytics]%c [view] http://localhost:3000/dashboard color: rgb(120, 120, 120) color: inherit {o: http://localhost:3000/dashboard, sv: 0.1.3, sdkn: @vercel/analytics/next, sdkv: 2.0.1, ts: 1785001939715} /_vercel/insights/view @ http://localhost:3000/_next/static/chunks/node_modules_next_dist_1ybzpk2._.js:2477
[  252922ms] [LOG] %c[Vercel Web Analytics]%c [view] http://localhost:3000/onboarding color: rgb(120, 120, 120) color: inherit {o: http://localhost:3000/onboarding, sv: 0.1.3, sdkn: @vercel/analytics/next, sdkv: 2.0.1, ts: 1785001940055} /_vercel/insights/view @ http://localhost:3000/_next/static/chunks/node_modules_next_dist_1ybzpk2._.js:2477
[  253039ms] [LOG] [Fast Refresh] rebuilding @ http://localhost:3000/_next/static/chunks/node_modules_next_dist_1ybzpk2._.js:2477
[  253061ms] [LOG] [Fast Refresh] done in 122ms @ http://localhost:3000/_next/static/chunks/node_modules_next_dist_1ybzpk2._.js:2477
[  253104ms] [LOG] %c[Vercel Web Analytics]%c [view] http://localhost:3000/dashboard color: rgb(120, 120, 120) color: inherit {o: http://localhost:3000/dashboard, sv: 0.1.3, sdkn: @vercel/analytics/next, sdkv: 2.0.1, ts: 1785001940236} /_vercel/insights/view @ http://localhost:3000/_next/static/chunks/node_modules_next_dist_1ybzpk2._.js:2477
[  253443ms] [LOG] %c[Vercel Web Analytics]%c [view] http://localhost:3000/onboarding color: rgb(120, 120, 120) color: inherit {o: http://localhost:3000/onboarding, sv: 0.1.3, sdkn: @vercel/analytics/next, sdkv: 2.0.1, ts: 1785001940576} /_vercel/insights/view @ http://localhost:3000/_next/static/chunks/node_modules_next_dist_1ybzpk2._.js:2477
[  253517ms] [LOG] %c[Vercel Web Analytics]%c [view] http://localhost:3000/dashboard color: rgb(120, 120, 120) color: inherit {o: http://localhost:3000/dashboard, sv: 0.1.3, sdkn: @vercel/analytics/next, sdkv: 2.0.1, ts: 1785001940649} /_vercel/insights/view @ http://localhost:3000/_next/static/chunks/node_modules_next_dist_1ybzpk2._.js:2477
[  253844ms] [LOG] %c[Vercel Web Analytics]%c [view] http://localhost:3000/onboarding color: rgb(120, 120, 120) color: inherit {o: http://localhost:3000/onboarding, sv: 0.1.3, sdkn: @vercel/analytics/next, sdkv: 2.0.1, ts: 1785001940977} /_vercel/insights/view @ http://localhost:3000/_next/static/chunks/node_modules_next_dist_1ybzpk2._.js:2477
[  253929ms] [LOG] %c[Vercel Web Analytics]%c [view] http://localhost:3000/dashboard color: rgb(120, 120, 120) color: inherit {o: http://localhost:3000/dashboard, sv: 0.1.3, sdkn: @vercel/analytics/next, sdkv: 2.0.1, ts: 1785001941062} /_vercel/insights/view @ http://localhost:3000/_next/static/chunks/node_modules_next_dist_1ybzpk2._.js:2477
[  254268ms] [LOG] %c[Vercel Web Analytics]%c [view] http://localhost:3000/onboarding color: rgb(120, 120, 120) color: inherit {o: http://localhost:3000/onboarding, sv: 0.1.3, sdkn: @vercel/analytics/next, sdkv: 2.0.1, ts: 1785001941401} /_vercel/insights/view @ http://localhost:3000/_next/static/chunks/node_modules_next_dist_1ybzpk2._.js:2477
[  254345ms] [LOG] %c[Vercel Web Analytics]%c [view] http://localhost:3000/dashboard color: rgb(120, 120, 120) color: inherit {o: http://localhost:3000/dashboard, sv: 0.1.3, sdkn: @vercel/analytics/next, sdkv: 2.0.1, ts: 1785001941477} /_vercel/insights/view @ http://localhost:3000/_next/static/chunks/node_modules_next_dist_1ybzpk2._.js:2477
[  254673ms] [LOG] %c[Vercel Web Analytics]%c [view] http://localhost:3000/onboarding color: rgb(120, 120, 120) color: inherit {o: http://localhost:3000/onboarding, sv: 0.1.3, sdkn: @vercel/analytics/next, sdkv: 2.0.1, ts: 1785001941806} /_vercel/insights/view @ http://localhost:3000/_next/static/chunks/node_modules_next_dist_1ybzpk2._.js:2477
[  254768ms] [LOG] %c[Vercel Web Analytics]%c [view] http://localhost:3000/dashboard color: rgb(120, 120, 120) color: inherit {o: http://localhost:3000/dashboard, sv: 0.1.3, sdkn: @vercel/analytics/next, sdkv: 2.0.1, ts: 1785001941901} /_vercel/insights/view @ http://localhost:3000/_next/static/chunks/node_modules_next_dist_1ybzpk2._.js:2477
[  255126ms] [LOG] %c[Vercel Web Analytics]%c [view] http://localhost:3000/onboarding color: rgb(120, 120, 120) color: inherit {o: http://localhost:3000/onboarding, sv: 0.1.3, sdkn: @vercel/analytics/next, sdkv: 2.0.1, ts: 1785001942258} /_vercel/insights/view @ http://localhost:3000/_next/static/chunks/node_modules_next_dist_1ybzpk2._.js:2477
[  255219ms] [LOG] %c[Vercel Web Analytics]%c [view] http://localhost:3000/dashboard color: rgb(120, 120, 120) color: inherit {o: http://localhost:3000/dashboard, sv: 0.1.3, sdkn: @vercel/analytics/next, sdkv: 2.0.1, ts: 1785001942352} /_vercel/insights/view @ http://localhost:3000/_next/static/chunks/node_modules_next_dist_1ybzpk2._.js:2477
[  255562ms] [LOG] %c[Vercel Web Analytics]%c [view] http://localhost:3000/onboarding color: rgb(120, 120, 120) color: inherit {o: http://localhost:3000/onboarding, sv: 0.1.3, sdkn: @vercel/analytics/next, sdkv: 2.0.1, ts: 1785001942694} /_vercel/insights/view @ http://localhost:3000/_next/static/chunks/node_modules_next_dist_1ybzpk2._.js:2477
[  255643ms] [LOG] %c[Vercel Web Analytics]%c [view] http://localhost:3000/dashboard color: rgb(120, 120, 120) color: inherit {o: http://localhost:3000/dashboard, sv: 0.1.3, sdkn: @vercel/analytics/next, sdkv: 2.0.1, ts: 1785001942776} /_vercel/insights/view @ http://localhost:3000/_next/static/chunks/node_modules_next_dist_1ybzpk2._.js:2477
[  255985ms] [LOG] %c[Vercel Web Analytics]%c [view] http://localhost:3000/onboarding color: rgb(120, 120, 120) color: inherit {o: http://localhost:3000/onboarding, sv: 0.1.3, sdkn: @vercel/analytics/next, sdkv: 2.0.1, ts: 1785001943117} /_vercel/insights/view @ http://localhost:3000/_next/static/chunks/node_modules_next_dist_1ybzpk2._.js:2477
[  256091ms] [LOG] %c[Vercel Web Analytics]%c [view] http://localhost:3000/dashboard color: rgb(120, 120, 120) color: inherit {o: http://localhost:3000/dashboard, sv: 0.1.3, sdkn: @vercel/analytics/next, sdkv: 2.0.1, ts: 1785001943224} /_vercel/insights/view @ http://localhost:3000/_next/static/chunks/node_modules_next_dist_1ybzpk2._.js:2477
[  256439ms] [LOG] %c[Vercel Web Analytics]%c [view] http://localhost:3000/onboarding color: rgb(120, 120, 120) color: inherit {o: http://localhost:3000/onboarding, sv: 0.1.3, sdkn: @vercel/analytics/next, sdkv: 2.0.1, ts: 1785001943571} /_vercel/insights/view @ http://localhost:3000/_next/static/chunks/node_modules_next_dist_1ybzpk2._.js:2477
[  256514ms] [LOG] %c[Vercel Web Analytics]%c [view] http://localhost:3000/dashboard color: rgb(120, 120, 120) color: inherit {o: http://localhost:3000/dashboard, sv: 0.1.3, sdkn: @vercel/analytics/next, sdkv: 2.0.1, ts: 1785001943647} /_vercel/insights/view @ http://localhost:3000/_next/static/chunks/node_modules_next_dist_1ybzpk2._.js:2477
[  256862ms] [LOG] %c[Vercel Web Analytics]%c [view] http://localhost:3000/onboarding color: rgb(120, 120, 120) color: inherit {o: http://localhost:3000/onboarding, sv: 0.1.3, sdkn: @vercel/analytics/next, sdkv: 2.0.1, ts: 1785001943995} /_vercel/insights/view @ http://localhost:3000/_next/static/chunks/node_modules_next_dist_1ybzpk2._.js:2477
[  256944ms] [LOG] %c[Vercel Web Analytics]%c [view] http://localhost:3000/dashboard color: rgb(120, 120, 120) color: inherit {o: http://localhost:3000/dashboard, sv: 0.1.3, sdkn: @vercel/analytics/next, sdkv: 2.0.1, ts: 1785001944077} /_vercel/insights/view @ http://localhost:3000/_next/static/chunks/node_modules_next_dist_1ybzpk2._.js:2477
[  257327ms] [LOG] %c[Vercel Web Analytics]%c [view] http://localhost:3000/onboarding color: rgb(120, 120, 120) color: inherit {o: http://localhost:3000/onboarding, sv: 0.1.3, sdkn: @vercel/analytics/next, sdkv: 2.0.1, ts: 1785001944460} /_vercel/insights/view @ http://localhost:3000/_next/static/chunks/node_modules_next_dist_1ybzpk2._.js:2477
[  257409ms] [LOG] %c[Vercel Web Analytics]%c [view] http://localhost:3000/dashboard color: rgb(120, 120, 120) color: inherit {o: http://localhost:3000/dashboard, sv: 0.1.3, sdkn: @vercel/analytics/next, sdkv: 2.0.1, ts: 1785001944542} /_vercel/insights/view @ http://localhost:3000/_next/static/chunks/node_modules_next_dist_1ybzpk2._.js:2477
[  257750ms] [LOG] %c[Vercel Web Analytics]%c [view] http://localhost:3000/onboarding color: rgb(120, 120, 120) color: inherit {o: http://localhost:3000/onboarding, sv: 0.1.3, sdkn: @vercel/analytics/next, sdkv: 2.0.1, ts: 1785001944883} /_vercel/insights/view @ http://localhost:3000/_next/static/chunks/node_modules_next_dist_1ybzpk2._.js:2477
[  257833ms] [LOG] %c[Vercel Web Analytics]%c [view] http://localhost:3000/dashboard color: rgb(120, 120, 120) color: inherit {o: http://localhost:3000/dashboard, sv: 0.1.3, sdkn: @vercel/analytics/next, sdkv: 2.0.1, ts: 1785001944966} /_vercel/insights/view @ http://localhost:3000/_next/static/chunks/node_modules_next_dist_1ybzpk2._.js:2477
[  257911ms] [LOG] [Fast Refresh] rebuilding @ http://localhost:3000/_next/static/chunks/node_modules_next_dist_1ybzpk2._.js:2477
[  257926ms] [LOG] [Fast Refresh] done in 115ms @ http://localhost:3000/_next/static/chunks/node_modules_next_dist_1ybzpk2._.js:2477
[  258161ms] [LOG] %c[Vercel Web Analytics]%c [view] http://localhost:3000/onboarding color: rgb(120, 120, 120) color: inherit {o: http://localhost:3000/onboarding, sv: 0.1.3, sdkn: @vercel/analytics/next, sdkv: 2.0.1, ts: 1785001945294} /_vercel/insights/view @ http://localhost:3000/_next/static/chunks/node_modules_next_dist_1ybzpk2._.js:2477
[  258259ms] [LOG] %c[Vercel Web Analytics]%c [view] http://localhost:3000/dashboard color: rgb(120, 120, 120) color: inherit {o: http://localhost:3000/dashboard, sv: 0.1.3, sdkn: @vercel/analytics/next, sdkv: 2.0.1, ts: 1785001945392} /_vercel/insights/view @ http://localhost:3000/_next/static/chunks/node_modules_next_dist_1ybzpk2._.js:2477
[  258331ms] [LOG] [Fast Refresh] rebuilding @ http://localhost:3000/_next/static/chunks/node_modules_next_dist_1ybzpk2._.js:2477
[  258352ms] [LOG] [Fast Refresh] done in 121ms @ http://localhost:3000/_next/static/chunks/node_modules_next_dist_1ybzpk2._.js:2477
[  258588ms] [LOG] %c[Vercel Web Analytics]%c [view] http://localhost:3000/onboarding color: rgb(120, 120, 120) color: inherit {o: http://localhost:3000/onboarding, sv: 0.1.3, sdkn: @vercel/analytics/next, sdkv: 2.0.1, ts: 1785001945721} /_vercel/insights/view @ http://localhost:3000/_next/static/chunks/node_modules_next_dist_1ybzpk2._.js:2477
[  258662ms] [LOG] %c[Vercel Web Analytics]%c [view] http://localhost:3000/dashboard color: rgb(120, 120, 120) color: inherit {o: http://localhost:3000/dashboard, sv: 0.1.3, sdkn: @vercel/analytics/next, sdkv: 2.0.1, ts: 1785001945794} /_vercel/insights/view @ http://localhost:3000/_next/static/chunks/node_modules_next_dist_1ybzpk2._.js:2477
[  259002ms] [LOG] %c[Vercel Web Analytics]%c [view] http://localhost:3000/onboarding color: rgb(120, 120, 120) color: inherit {o: http://localhost:3000/onboarding, sv: 0.1.3, sdkn: @vercel/analytics/next, sdkv: 2.0.1, ts: 1785001946135} /_vercel/insights/view @ http://localhost:3000/_next/static/chunks/node_modules_next_dist_1ybzpk2._.js:2477
[  259114ms] [LOG] %c[Vercel Web Analytics]%c [view] http://localhost:3000/dashboard color: rgb(120, 120, 120) color: inherit {o: http://localhost:3000/dashboard, sv: 0.1.3, sdkn: @vercel/analytics/next, sdkv: 2.0.1, ts: 1785001946247} /_vercel/insights/view @ http://localhost:3000/_next/static/chunks/node_modules_next_dist_1ybzpk2._.js:2477
[  259457ms] [LOG] %c[Vercel Web Analytics]%c [view] http://localhost:3000/onboarding color: rgb(120, 120, 120) color: inherit {o: http://localhost:3000/onboarding, sv: 0.1.3, sdkn: @vercel/analytics/next, sdkv: 2.0.1, ts: 1785001946589} /_vercel/insights/view @ http://localhost:3000/_next/static/chunks/node_modules_next_dist_1ybzpk2._.js:2477
[  259550ms] [LOG] %c[Vercel Web Analytics]%c [view] http://localhost:3000/dashboard color: rgb(120, 120, 120) color: inherit {o: http://localhost:3000/dashboard, sv: 0.1.3, sdkn: @vercel/analytics/next, sdkv: 2.0.1, ts: 1785001946683} /_vercel/insights/view @ http://localhost:3000/_next/static/chunks/node_modules_next_dist_1ybzpk2._.js:2477
[  259897ms] [LOG] %c[Vercel Web Analytics]%c [view] http://localhost:3000/onboarding color: rgb(120, 120, 120) color: inherit {o: http://localhost:3000/onboarding, sv: 0.1.3, sdkn: @vercel/analytics/next, sdkv: 2.0.1, ts: 1785001947030} /_vercel/insights/view @ http://localhost:3000/_next/static/chunks/node_modules_next_dist_1ybzpk2._.js:2477
[  259984ms] [LOG] %c[Vercel Web Analytics]%c [view] http://localhost:3000/dashboard color: rgb(120, 120, 120) color: inherit {o: http://localhost:3000/dashboard, sv: 0.1.3, sdkn: @vercel/analytics/next, sdkv: 2.0.1, ts: 1785001947117} /_vercel/insights/view @ http://localhost:3000/_next/static/chunks/node_modules_next_dist_1ybzpk2._.js:2477
[  260330ms] [LOG] %c[Vercel Web Analytics]%c [view] http://localhost:3000/onboarding color: rgb(120, 120, 120) color: inherit {o: http://localhost:3000/onboarding, sv: 0.1.3, sdkn: @vercel/analytics/next, sdkv: 2.0.1, ts: 1785001947463} /_vercel/insights/view @ http://localhost:3000/_next/static/chunks/node_modules_next_dist_1ybzpk2._.js:2477
[  260421ms] [LOG] %c[Vercel Web Analytics]%c [view] http://localhost:3000/dashboard color: rgb(120, 120, 120) color: inherit {o: http://localhost:3000/dashboard, sv: 0.1.3, sdkn: @vercel/analytics/next, sdkv: 2.0.1, ts: 1785001947554} /_vercel/insights/view @ http://localhost:3000/_next/static/chunks/node_modules_next_dist_1ybzpk2._.js:2477
[  260782ms] [LOG] %c[Vercel Web Analytics]%c [view] http://localhost:3000/onboarding color: rgb(120, 120, 120) color: inherit {o: http://localhost:3000/onboarding, sv: 0.1.3, sdkn: @vercel/analytics/next, sdkv: 2.0.1, ts: 1785001947914} /_vercel/insights/view @ http://localhost:3000/_next/static/chunks/node_modules_next_dist_1ybzpk2._.js:2477
[  260882ms] [LOG] %c[Vercel Web Analytics]%c [view] http://localhost:3000/dashboard color: rgb(120, 120, 120) color: inherit {o: http://localhost:3000/dashboard, sv: 0.1.3, sdkn: @vercel/analytics/next, sdkv: 2.0.1, ts: 1785001948014} /_vercel/insights/view @ http://localhost:3000/_next/static/chunks/node_modules_next_dist_1ybzpk2._.js:2477
[  261239ms] [LOG] %c[Vercel Web Analytics]%c [view] http://localhost:3000/onboarding color: rgb(120, 120, 120) color: inherit {o: http://localhost:3000/onboarding, sv: 0.1.3, sdkn: @vercel/analytics/next, sdkv: 2.0.1, ts: 1785001948371} /_vercel/insights/view @ http://localhost:3000/_next/static/chunks/node_modules_next_dist_1ybzpk2._.js:2477
[  261401ms] [LOG] %c[Vercel Web Analytics]%c [view] http://localhost:3000/dashboard color: rgb(120, 120, 120) color: inherit {o: http://localhost:3000/dashboard, sv: 0.1.3, sdkn: @vercel/analytics/next, sdkv: 2.0.1, ts: 1785001948534} /_vercel/insights/view @ http://localhost:3000/_next/static/chunks/node_modules_next_dist_1ybzpk2._.js:2477
[  261751ms] [LOG] %c[Vercel Web Analytics]%c [view] http://localhost:3000/onboarding color: rgb(120, 120, 120) color: inherit {o: http://localhost:3000/onboarding, sv: 0.1.3, sdkn: @vercel/analytics/next, sdkv: 2.0.1, ts: 1785001948884} /_vercel/insights/view @ http://localhost:3000/_next/static/chunks/node_modules_next_dist_1ybzpk2._.js:2477
[  261854ms] [LOG] %c[Vercel Web Analytics]%c [view] http://localhost:3000/dashboard color: rgb(120, 120, 120) color: inherit {o: http://localhost:3000/dashboard, sv: 0.1.3, sdkn: @vercel/analytics/next, sdkv: 2.0.1, ts: 1785001948986} /_vercel/insights/view @ http://localhost:3000/_next/static/chunks/node_modules_next_dist_1ybzpk2._.js:2477
[  262213ms] [LOG] %c[Vercel Web Analytics]%c [view] http://localhost:3000/onboarding color: rgb(120, 120, 120) color: inherit {o: http://localhost:3000/onboarding, sv: 0.1.3, sdkn: @vercel/analytics/next, sdkv: 2.0.1, ts: 1785001949345} /_vercel/insights/view @ http://localhost:3000/_next/static/chunks/node_modules_next_dist_1ybzpk2._.js:2477
[  262311ms] [LOG] %c[Vercel Web Analytics]%c [view] http://localhost:3000/dashboard color: rgb(120, 120, 120) color: inherit {o: http://localhost:3000/dashboard, sv: 0.1.3, sdkn: @vercel/analytics/next, sdkv: 2.0.1, ts: 1785001949444} /_vercel/insights/view @ http://localhost:3000/_next/static/chunks/node_modules_next_dist_1ybzpk2._.js:2477
[  262674ms] [LOG] %c[Vercel Web Analytics]%c [view] http://localhost:3000/onboarding color: rgb(120, 120, 120) color: inherit {o: http://localhost:3000/onboarding, sv: 0.1.3, sdkn: @vercel/analytics/next, sdkv: 2.0.1, ts: 1785001949807} /_vercel/insights/view @ http://localhost:3000/_next/static/chunks/node_modules_next_dist_1ybzpk2._.js:2477
[  262791ms] [LOG] %c[Vercel Web Analytics]%c [view] http://localhost:3000/dashboard color: rgb(120, 120, 120) color: inherit {o: http://localhost:3000/dashboard, sv: 0.1.3, sdkn: @vercel/analytics/next, sdkv: 2.0.1, ts: 1785001949923} /_vercel/insights/view @ http://localhost:3000/_next/static/chunks/node_modules_next_dist_1ybzpk2._.js:2477
[  263165ms] [LOG] %c[Vercel Web Analytics]%c [view] http://localhost:3000/onboarding color: rgb(120, 120, 120) color: inherit {o: http://localhost:3000/onboarding, sv: 0.1.3, sdkn: @vercel/analytics/next, sdkv: 2.0.1, ts: 1785001950297} /_vercel/insights/view @ http://localhost:3000/_next/static/chunks/node_modules_next_dist_1ybzpk2._.js:2477
[  263270ms] [LOG] %c[Vercel Web Analytics]%c [view] http://localhost:3000/dashboard color: rgb(120, 120, 120) color: inherit {o: http://localhost:3000/dashboard, sv: 0.1.3, sdkn: @vercel/analytics/next, sdkv: 2.0.1, ts: 1785001950402} /_vercel/insights/view @ http://localhost:3000/_next/static/chunks/node_modules_next_dist_1ybzpk2._.js:2477
[  263639ms] [LOG] %c[Vercel Web Analytics]%c [view] http://localhost:3000/onboarding color: rgb(120, 120, 120) color: inherit {o: http://localhost:3000/onboarding, sv: 0.1.3, sdkn: @vercel/analytics/next, sdkv: 2.0.1, ts: 1785001950771} /_vercel/insights/view @ http://localhost:3000/_next/static/chunks/node_modules_next_dist_1ybzpk2._.js:2477
[  263740ms] [LOG] %c[Vercel Web Analytics]%c [view] http://localhost:3000/dashboard color: rgb(120, 120, 120) color: inherit {o: http://localhost:3000/dashboard, sv: 0.1.3, sdkn: @vercel/analytics/next, sdkv: 2.0.1, ts: 1785001950873} /_vercel/insights/view @ http://localhost:3000/_next/static/chunks/node_modules_next_dist_1ybzpk2._.js:2477
[  264093ms] [LOG] %c[Vercel Web Analytics]%c [view] http://localhost:3000/onboarding color: rgb(120, 120, 120) color: inherit {o: http://localhost:3000/onboarding, sv: 0.1.3, sdkn: @vercel/analytics/next, sdkv: 2.0.1, ts: 1785001951226} /_vercel/insights/view @ http://localhost:3000/_next/static/chunks/node_modules_next_dist_1ybzpk2._.js:2477
[  264185ms] [LOG] %c[Vercel Web Analytics]%c [view] http://localhost:3000/dashboard color: rgb(120, 120, 120) color: inherit {o: http://localhost:3000/dashboard, sv: 0.1.3, sdkn: @vercel/analytics/next, sdkv: 2.0.1, ts: 1785001951318} /_vercel/insights/view @ http://localhost:3000/_next/static/chunks/node_modules_next_dist_1ybzpk2._.js:2477
[  264519ms] [LOG] %c[Vercel Web Analytics]%c [view] http://localhost:3000/onboarding color: rgb(120, 120, 120) color: inherit {o: http://localhost:3000/onboarding, sv: 0.1.3, sdkn: @vercel/analytics/next, sdkv: 2.0.1, ts: 1785001951652} /_vercel/insights/view @ http://localhost:3000/_next/static/chunks/node_modules_next_dist_1ybzpk2._.js:2477
[  264614ms] [LOG] %c[Vercel Web Analytics]%c [view] http://localhost:3000/dashboard color: rgb(120, 120, 120) color: inherit {o: http://localhost:3000/dashboard, sv: 0.1.3, sdkn: @vercel/analytics/next, sdkv: 2.0.1, ts: 1785001951747} /_vercel/insights/view @ http://localhost:3000/_next/static/chunks/node_modules_next_dist_1ybzpk2._.js:2477
[  264974ms] [LOG] %c[Vercel Web Analytics]%c [view] http://localhost:3000/onboarding color: rgb(120, 120, 120) color: inherit {o: http://localhost:3000/onboarding, sv: 0.1.3, sdkn: @vercel/analytics/next, sdkv: 2.0.1, ts: 1785001952106} /_vercel/insights/view @ http://localhost:3000/_next/static/chunks/node_modules_next_dist_1ybzpk2._.js:2477
[  265068ms] [LOG] %c[Vercel Web Analytics]%c [view] http://localhost:3000/dashboard color: rgb(120, 120, 120) color: inherit {o: http://localhost:3000/dashboard, sv: 0.1.3, sdkn: @vercel/analytics/next, sdkv: 2.0.1, ts: 1785001952200} /_vercel/insights/view @ http://localhost:3000/_next/static/chunks/node_modules_next_dist_1ybzpk2._.js:2477
[  265141ms] [LOG] [Fast Refresh] rebuilding @ http://localhost:3000/_next/static/chunks/node_modules_next_dist_1ybzpk2._.js:2477
[  265142ms] [LOG] [Fast Refresh] done in 100ms @ http://localhost:3000/_next/static/chunks/node_modules_next_dist_1ybzpk2._.js:2477
[  265428ms] [LOG] %c[Vercel Web Analytics]%c [view] http://localhost:3000/onboarding color: rgb(120, 120, 120) color: inherit {o: http://localhost:3000/onboarding, sv: 0.1.3, sdkn: @vercel/analytics/next, sdkv: 2.0.1, ts: 1785001952561} /_vercel/insights/view @ http://localhost:3000/_next/static/chunks/node_modules_next_dist_1ybzpk2._.js:2477
[  265510ms] [LOG] %c[Vercel Web Analytics]%c [view] http://localhost:3000/dashboard color: rgb(120, 120, 120) color: inherit {o: http://localhost:3000/dashboard, sv: 0.1.3, sdkn: @vercel/analytics/next, sdkv: 2.0.1, ts: 1785001952643} /_vercel/insights/view @ http://localhost:3000/_next/static/chunks/node_modules_next_dist_1ybzpk2._.js:2477
[  265587ms] [LOG] [Fast Refresh] rebuilding @ http://localhost:3000/_next/static/chunks/node_modules_next_dist_1ybzpk2._.js:2477
[  265613ms] [LOG] [Fast Refresh] done in 127ms @ http://localhost:3000/_next/static/chunks/node_modules_next_dist_1ybzpk2._.js:2477
[  265838ms] [LOG] %c[Vercel Web Analytics]%c [view] http://localhost:3000/onboarding color: rgb(120, 120, 120) color: inherit {o: http://localhost:3000/onboarding, sv: 0.1.3, sdkn: @vercel/analytics/next, sdkv: 2.0.1, ts: 1785001952971} /_vercel/insights/view @ http://localhost:3000/_next/static/chunks/node_modules_next_dist_1ybzpk2._.js:2477
[  265919ms] [LOG] %c[Vercel Web Analytics]%c [view] http://localhost:3000/dashboard color: rgb(120, 120, 120) color: inherit {o: http://localhost:3000/dashboard, sv: 0.1.3, sdkn: @vercel/analytics/next, sdkv: 2.0.1, ts: 1785001953052} /_vercel/insights/view @ http://localhost:3000/_next/static/chunks/node_modules_next_dist_1ybzpk2._.js:2477
[  265994ms] [LOG] [Fast Refresh] rebuilding @ http://localhost:3000/_next/static/chunks/node_modules_next_dist_1ybzpk2._.js:2477
[  266009ms] [LOG] [Fast Refresh] done in 116ms @ http://localhost:3000/_next/static/chunks/node_modules_next_dist_1ybzpk2._.js:2477
[  266244ms] [LOG] %c[Vercel Web Analytics]%c [view] http://localhost:3000/onboarding color: rgb(120, 120, 120) color: inherit {o: http://localhost:3000/onboarding, sv: 0.1.3, sdkn: @vercel/analytics/next, sdkv: 2.0.1, ts: 1785001953376} /_vercel/insights/view @ http://localhost:3000/_next/static/chunks/node_modules_next_dist_1ybzpk2._.js:2477
[  266340ms] [LOG] %c[Vercel Web Analytics]%c [view] http://localhost:3000/dashboard color: rgb(120, 120, 120) color: inherit {o: http://localhost:3000/dashboard, sv: 0.1.3, sdkn: @vercel/analytics/next, sdkv: 2.0.1, ts: 1785001953472} /_vercel/insights/view @ http://localhost:3000/_next/static/chunks/node_modules_next_dist_1ybzpk2._.js:2477
[  266668ms] [LOG] %c[Vercel Web Analytics]%c [view] http://localhost:3000/onboarding color: rgb(120, 120, 120) color: inherit {o: http://localhost:3000/onboarding, sv: 0.1.3, sdkn: @vercel/analytics/next, sdkv: 2.0.1, ts: 1785001953800} /_vercel/insights/view @ http://localhost:3000/_next/static/chunks/node_modules_next_dist_1ybzpk2._.js:2477
[  266780ms] [LOG] %c[Vercel Web Analytics]%c [view] http://localhost:3000/dashboard color: rgb(120, 120, 120) color: inherit {o: http://localhost:3000/dashboard, sv: 0.1.3, sdkn: @vercel/analytics/next, sdkv: 2.0.1, ts: 1785001953913} /_vercel/insights/view @ http://localhost:3000/_next/static/chunks/node_modules_next_dist_1ybzpk2._.js:2477
[  267121ms] [LOG] %c[Vercel Web Analytics]%c [view] http://localhost:3000/onboarding color: rgb(120, 120, 120) color: inherit {o: http://localhost:3000/onboarding, sv: 0.1.3, sdkn: @vercel/analytics/next, sdkv: 2.0.1, ts: 1785001954253} /_vercel/insights/view @ http://localhost:3000/_next/static/chunks/node_modules_next_dist_1ybzpk2._.js:2477
[  267211ms] [LOG] %c[Vercel Web Analytics]%c [view] http://localhost:3000/dashboard color: rgb(120, 120, 120) color: inherit {o: http://localhost:3000/dashboard, sv: 0.1.3, sdkn: @vercel/analytics/next, sdkv: 2.0.1, ts: 1785001954344} /_vercel/insights/view @ http://localhost:3000/_next/static/chunks/node_modules_next_dist_1ybzpk2._.js:2477
[  267655ms] [LOG] %c[Vercel Web Analytics]%c [view] http://localhost:3000/onboarding color: rgb(120, 120, 120) color: inherit {o: http://localhost:3000/onboarding, sv: 0.1.3, sdkn: @vercel/analytics/next, sdkv: 2.0.1, ts: 1785001954787} /_vercel/insights/view @ http://localhost:3000/_next/static/chunks/node_modules_next_dist_1ybzpk2._.js:2477
[  267744ms] [LOG] %c[Vercel Web Analytics]%c [view] http://localhost:3000/dashboard color: rgb(120, 120, 120) color: inherit {o: http://localhost:3000/dashboard, sv: 0.1.3, sdkn: @vercel/analytics/next, sdkv: 2.0.1, ts: 1785001954876} /_vercel/insights/view @ http://localhost:3000/_next/static/chunks/node_modules_next_dist_1ybzpk2._.js:2477
[  268080ms] [LOG] %c[Vercel Web Analytics]%c [view] http://localhost:3000/onboarding color: rgb(120, 120, 120) color: inherit {o: http://localhost:3000/onboarding, sv: 0.1.3, sdkn: @vercel/analytics/next, sdkv: 2.0.1, ts: 1785001955213} /_vercel/insights/view @ http://localhost:3000/_next/static/chunks/node_modules_next_dist_1ybzpk2._.js:2477
[  268168ms] [LOG] %c[Vercel Web Analytics]%c [view] http://localhost:3000/dashboard color: rgb(120, 120, 120) color: inherit {o: http://localhost:3000/dashboard, sv: 0.1.3, sdkn: @vercel/analytics/next, sdkv: 2.0.1, ts: 1785001955300} /_vercel/insights/view @ http://localhost:3000/_next/static/chunks/node_modules_next_dist_1ybzpk2._.js:2477
[  268508ms] [LOG] %c[Vercel Web Analytics]%c [view] http://localhost:3000/onboarding color: rgb(120, 120, 120) color: inherit {o: http://localhost:3000/onboarding, sv: 0.1.3, sdkn: @vercel/analytics/next, sdkv: 2.0.1, ts: 1785001955641} /_vercel/insights/view @ http://localhost:3000/_next/static/chunks/node_modules_next_dist_1ybzpk2._.js:2477
[  268591ms] [LOG] %c[Vercel Web Analytics]%c [view] http://localhost:3000/dashboard color: rgb(120, 120, 120) color: inherit {o: http://localhost:3000/dashboard, sv: 0.1.3, sdkn: @vercel/analytics/next, sdkv: 2.0.1, ts: 1785001955724} /_vercel/insights/view @ http://localhost:3000/_next/static/chunks/node_modules_next_dist_1ybzpk2._.js:2477
[  268928ms] [LOG] %c[Vercel Web Analytics]%c [view] http://localhost:3000/onboarding color: rgb(120, 120, 120) color: inherit {o: http://localhost:3000/onboarding, sv: 0.1.3, sdkn: @vercel/analytics/next, sdkv: 2.0.1, ts: 1785001956061} /_vercel/insights/view @ http://localhost:3000/_next/static/chunks/node_modules_next_dist_1ybzpk2._.js:2477
[  269003ms] [LOG] %c[Vercel Web Analytics]%c [view] http://localhost:3000/dashboard color: rgb(120, 120, 120) color: inherit {o: http://localhost:3000/dashboard, sv: 0.1.3, sdkn: @vercel/analytics/next, sdkv: 2.0.1, ts: 1785001956136} /_vercel/insights/view @ http://localhost:3000/_next/static/chunks/node_modules_next_dist_1ybzpk2._.js:2477
[  269369ms] [LOG] %c[Vercel Web Analytics]%c [view] http://localhost:3000/onboarding color: rgb(120, 120, 120) color: inherit {o: http://localhost:3000/onboarding, sv: 0.1.3, sdkn: @vercel/analytics/next, sdkv: 2.0.1, ts: 1785001956501} /_vercel/insights/view @ http://localhost:3000/_next/static/chunks/node_modules_next_dist_1ybzpk2._.js:2477
[  269469ms] [LOG] %c[Vercel Web Analytics]%c [view] http://localhost:3000/dashboard color: rgb(120, 120, 120) color: inherit {o: http://localhost:3000/dashboard, sv: 0.1.3, sdkn: @vercel/analytics/next, sdkv: 2.0.1, ts: 1785001956601} /_vercel/insights/view @ http://localhost:3000/_next/static/chunks/node_modules_next_dist_1ybzpk2._.js:2477
[  269813ms] [LOG] %c[Vercel Web Analytics]%c [view] http://localhost:3000/onboarding color: rgb(120, 120, 120) color: inherit {o: http://localhost:3000/onboarding, sv: 0.1.3, sdkn: @vercel/analytics/next, sdkv: 2.0.1, ts: 1785001956946} /_vercel/insights/view @ http://localhost:3000/_next/static/chunks/node_modules_next_dist_1ybzpk2._.js:2477
[  269898ms] [LOG] %c[Vercel Web Analytics]%c [view] http://localhost:3000/dashboard color: rgb(120, 120, 120) color: inherit {o: http://localhost:3000/dashboard, sv: 0.1.3, sdkn: @vercel/analytics/next, sdkv: 2.0.1, ts: 1785001957030} /_vercel/insights/view @ http://localhost:3000/_next/static/chunks/node_modules_next_dist_1ybzpk2._.js:2477
[  270222ms] [LOG] %c[Vercel Web Analytics]%c [view] http://localhost:3000/onboarding color: rgb(120, 120, 120) color: inherit {o: http://localhost:3000/onboarding, sv: 0.1.3, sdkn: @vercel/analytics/next, sdkv: 2.0.1, ts: 1785001957354} /_vercel/insights/view @ http://localhost:3000/_next/static/chunks/node_modules_next_dist_1ybzpk2._.js:2477
[  270314ms] [LOG] %c[Vercel Web Analytics]%c [view] http://localhost:3000/dashboard color: rgb(120, 120, 120) color: inherit {o: http://localhost:3000/dashboard, sv: 0.1.3, sdkn: @vercel/analytics/next, sdkv: 2.0.1, ts: 1785001957446} /_vercel/insights/view @ http://localhost:3000/_next/static/chunks/node_modules_next_dist_1ybzpk2._.js:2477
[  270672ms] [LOG] %c[Vercel Web Analytics]%c [view] http://localhost:3000/onboarding color: rgb(120, 120, 120) color: inherit {o: http://localhost:3000/onboarding, sv: 0.1.3, sdkn: @vercel/analytics/next, sdkv: 2.0.1, ts: 1785001957805} /_vercel/insights/view @ http://localhost:3000/_next/static/chunks/node_modules_next_dist_1ybzpk2._.js:2477
[  270793ms] [LOG] %c[Vercel Web Analytics]%c [view] http://localhost:3000/dashboard color: rgb(120, 120, 120) color: inherit {o: http://localhost:3000/dashboard, sv: 0.1.3, sdkn: @vercel/analytics/next, sdkv: 2.0.1, ts: 1785001957926} /_vercel/insights/view @ http://localhost:3000/_next/static/chunks/node_modules_next_dist_1ybzpk2._.js:2477
[  271141ms] [LOG] %c[Vercel Web Analytics]%c [view] http://localhost:3000/onboarding color: rgb(120, 120, 120) color: inherit {o: http://localhost:3000/onboarding, sv: 0.1.3, sdkn: @vercel/analytics/next, sdkv: 2.0.1, ts: 1785001958274} /_vercel/insights/view @ http://localhost:3000/_next/static/chunks/node_modules_next_dist_1ybzpk2._.js:2477
[  271247ms] [LOG] %c[Vercel Web Analytics]%c [view] http://localhost:3000/dashboard color: rgb(120, 120, 120) color: inherit {o: http://localhost:3000/dashboard, sv: 0.1.3, sdkn: @vercel/analytics/next, sdkv: 2.0.1, ts: 1785001958379} /_vercel/insights/view @ http://localhost:3000/_next/static/chunks/node_modules_next_dist_1ybzpk2._.js:2477
[  271579ms] [LOG] %c[Vercel Web Analytics]%c [view] http://localhost:3000/onboarding color: rgb(120, 120, 120) color: inherit {o: http://localhost:3000/onboarding, sv: 0.1.3, sdkn: @vercel/analytics/next, sdkv: 2.0.1, ts: 1785001958711} /_vercel/insights/view @ http://localhost:3000/_next/static/chunks/node_modules_next_dist_1ybzpk2._.js:2477
[  271653ms] [LOG] %c[Vercel Web Analytics]%c [view] http://localhost:3000/dashboard color: rgb(120, 120, 120) color: inherit {o: http://localhost:3000/dashboard, sv: 0.1.3, sdkn: @vercel/analytics/next, sdkv: 2.0.1, ts: 1785001958785} /_vercel/insights/view @ http://localhost:3000/_next/static/chunks/node_modules_next_dist_1ybzpk2._.js:2477
[  271998ms] [LOG] %c[Vercel Web Analytics]%c [view] http://localhost:3000/onboarding color: rgb(120, 120, 120) color: inherit {o: http://localhost:3000/onboarding, sv: 0.1.3, sdkn: @vercel/analytics/next, sdkv: 2.0.1, ts: 1785001959131} /_vercel/insights/view @ http://localhost:3000/_next/static/chunks/node_modules_next_dist_1ybzpk2._.js:2477
[  272081ms] [LOG] %c[Vercel Web Analytics]%c [view] http://localhost:3000/dashboard color: rgb(120, 120, 120) color: inherit {o: http://localhost:3000/dashboard, sv: 0.1.3, sdkn: @vercel/analytics/next, sdkv: 2.0.1, ts: 1785001959214} /_vercel/insights/view @ http://localhost:3000/_next/static/chunks/node_modules_next_dist_1ybzpk2._.js:2477
[  272405ms] [LOG] %c[Vercel Web Analytics]%c [view] http://localhost:3000/onboarding color: rgb(120, 120, 120) color: inherit {o: http://localhost:3000/onboarding, sv: 0.1.3, sdkn: @vercel/analytics/next, sdkv: 2.0.1, ts: 1785001959537} /_vercel/insights/view @ http://localhost:3000/_next/static/chunks/node_modules_next_dist_1ybzpk2._.js:2477
[  272501ms] [LOG] %c[Vercel Web Analytics]%c [view] http://localhost:3000/dashboard color: rgb(120, 120, 120) color: inherit {o: http://localhost:3000/dashboard, sv: 0.1.3, sdkn: @vercel/analytics/next, sdkv: 2.0.1, ts: 1785001959634} /_vercel/insights/view @ http://localhost:3000/_next/static/chunks/node_modules_next_dist_1ybzpk2._.js:2477
[  272853ms] [LOG] %c[Vercel Web Analytics]%c [view] http://localhost:3000/onboarding color: rgb(120, 120, 120) color: inherit {o: http://localhost:3000/onboarding, sv: 0.1.3, sdkn: @vercel/analytics/next, sdkv: 2.0.1, ts: 1785001959985} /_vercel/insights/view @ http://localhost:3000/_next/static/chunks/node_modules_next_dist_1ybzpk2._.js:2477
[  272950ms] [LOG] %c[Vercel Web Analytics]%c [view] http://localhost:3000/dashboard color: rgb(120, 120, 120) color: inherit {o: http://localhost:3000/dashboard, sv: 0.1.3, sdkn: @vercel/analytics/next, sdkv: 2.0.1, ts: 1785001960083} /_vercel/insights/view @ http://localhost:3000/_next/static/chunks/node_modules_next_dist_1ybzpk2._.js:2477
[  273289ms] [LOG] %c[Vercel Web Analytics]%c [view] http://localhost:3000/onboarding color: rgb(120, 120, 120) color: inherit {o: http://localhost:3000/onboarding, sv: 0.1.3, sdkn: @vercel/analytics/next, sdkv: 2.0.1, ts: 1785001960421} /_vercel/insights/view @ http://localhost:3000/_next/static/chunks/node_modules_next_dist_1ybzpk2._.js:2477
[  273368ms] [LOG] %c[Vercel Web Analytics]%c [view] http://localhost:3000/dashboard color: rgb(120, 120, 120) color: inherit {o: http://localhost:3000/dashboard, sv: 0.1.3, sdkn: @vercel/analytics/next, sdkv: 2.0.1, ts: 1785001960501} /_vercel/insights/view @ http://localhost:3000/_next/static/chunks/node_modules_next_dist_1ybzpk2._.js:2477
[  273702ms] [LOG] %c[Vercel Web Analytics]%c [view] http://localhost:3000/onboarding color: rgb(120, 120, 120) color: inherit {o: http://localhost:3000/onboarding, sv: 0.1.3, sdkn: @vercel/analytics/next, sdkv: 2.0.1, ts: 1785001960834} /_vercel/insights/view @ http://localhost:3000/_next/static/chunks/node_modules_next_dist_1ybzpk2._.js:2477
[  273768ms] [LOG] %c[Vercel Web Analytics]%c [view] http://localhost:3000/dashboard color: rgb(120, 120, 120) color: inherit {o: http://localhost:3000/dashboard, sv: 0.1.3, sdkn: @vercel/analytics/next, sdkv: 2.0.1, ts: 1785001960901} /_vercel/insights/view @ http://localhost:3000/_next/static/chunks/node_modules_next_dist_1ybzpk2._.js:2477
[  274101ms] [LOG] %c[Vercel Web Analytics]%c [view] http://localhost:3000/onboarding color: rgb(120, 120, 120) color: inherit {o: http://localhost:3000/onboarding, sv: 0.1.3, sdkn: @vercel/analytics/next, sdkv: 2.0.1, ts: 1785001961234} /_vercel/insights/view @ http://localhost:3000/_next/static/chunks/node_modules_next_dist_1ybzpk2._.js:2477
[  274197ms] [LOG] %c[Vercel Web Analytics]%c [view] http://localhost:3000/dashboard color: rgb(120, 120, 120) color: inherit {o: http://localhost:3000/dashboard, sv: 0.1.3, sdkn: @vercel/analytics/next, sdkv: 2.0.1, ts: 1785001961329} /_vercel/insights/view @ http://localhost:3000/_next/static/chunks/node_modules_next_dist_1ybzpk2._.js:2477
[  274521ms] [LOG] %c[Vercel Web Analytics]%c [view] http://localhost:3000/onboarding color: rgb(120, 120, 120) color: inherit {o: http://localhost:3000/onboarding, sv: 0.1.3, sdkn: @vercel/analytics/next, sdkv: 2.0.1, ts: 1785001961653} /_vercel/insights/view @ http://localhost:3000/_next/static/chunks/node_modules_next_dist_1ybzpk2._.js:2477
[  274604ms] [LOG] %c[Vercel Web Analytics]%c [view] http://localhost:3000/dashboard color: rgb(120, 120, 120) color: inherit {o: http://localhost:3000/dashboard, sv: 0.1.3, sdkn: @vercel/analytics/next, sdkv: 2.0.1, ts: 1785001961736} /_vercel/insights/view @ http://localhost:3000/_next/static/chunks/node_modules_next_dist_1ybzpk2._.js:2477
[  274942ms] [LOG] %c[Vercel Web Analytics]%c [view] http://localhost:3000/onboarding color: rgb(120, 120, 120) color: inherit {o: http://localhost:3000/onboarding, sv: 0.1.3, sdkn: @vercel/analytics/next, sdkv: 2.0.1, ts: 1785001962075} /_vercel/insights/view @ http://localhost:3000/_next/static/chunks/node_modules_next_dist_1ybzpk2._.js:2477
[  275028ms] [LOG] %c[Vercel Web Analytics]%c [view] http://localhost:3000/dashboard color: rgb(120, 120, 120) color: inherit {o: http://localhost:3000/dashboard, sv: 0.1.3, sdkn: @vercel/analytics/next, sdkv: 2.0.1, ts: 1785001962161} /_vercel/insights/view @ http://localhost:3000/_next/static/chunks/node_modules_next_dist_1ybzpk2._.js:2477
[  275360ms] [LOG] %c[Vercel Web Analytics]%c [view] http://localhost:3000/onboarding color: rgb(120, 120, 120) color: inherit {o: http://localhost:3000/onboarding, sv: 0.1.3, sdkn: @vercel/analytics/next, sdkv: 2.0.1, ts: 1785001962492} /_vercel/insights/view @ http://localhost:3000/_next/static/chunks/node_modules_next_dist_1ybzpk2._.js:2477
[  275444ms] [LOG] %c[Vercel Web Analytics]%c [view] http://localhost:3000/dashboard color: rgb(120, 120, 120) color: inherit {o: http://localhost:3000/dashboard, sv: 0.1.3, sdkn: @vercel/analytics/next, sdkv: 2.0.1, ts: 1785001962577} /_vercel/insights/view @ http://localhost:3000/_next/static/chunks/node_modules_next_dist_1ybzpk2._.js:2477
[  275790ms] [LOG] %c[Vercel Web Analytics]%c [view] http://localhost:3000/onboarding color: rgb(120, 120, 120) color: inherit {o: http://localhost:3000/onboarding, sv: 0.1.3, sdkn: @vercel/analytics/next, sdkv: 2.0.1, ts: 1785001962922} /_vercel/insights/view @ http://localhost:3000/_next/static/chunks/node_modules_next_dist_1ybzpk2._.js:2477
[  275872ms] [LOG] %c[Vercel Web Analytics]%c [view] http://localhost:3000/dashboard color: rgb(120, 120, 120) color: inherit {o: http://localhost:3000/dashboard, sv: 0.1.3, sdkn: @vercel/analytics/next, sdkv: 2.0.1, ts: 1785001963004} /_vercel/insights/view @ http://localhost:3000/_next/static/chunks/node_modules_next_dist_1ybzpk2._.js:2477
[  276211ms] [LOG] %c[Vercel Web Analytics]%c [view] http://localhost:3000/onboarding color: rgb(120, 120, 120) color: inherit {o: http://localhost:3000/onboarding, sv: 0.1.3, sdkn: @vercel/analytics/next, sdkv: 2.0.1, ts: 1785001963344} /_vercel/insights/view @ http://localhost:3000/_next/static/chunks/node_modules_next_dist_1ybzpk2._.js:2477
[  276303ms] [LOG] %c[Vercel Web Analytics]%c [view] http://localhost:3000/dashboard color: rgb(120, 120, 120) color: inherit {o: http://localhost:3000/dashboard, sv: 0.1.3, sdkn: @vercel/analytics/next, sdkv: 2.0.1, ts: 1785001963436} /_vercel/insights/view @ http://localhost:3000/_next/static/chunks/node_modules_next_dist_1ybzpk2._.js:2477
[  276643ms] [LOG] %c[Vercel Web Analytics]%c [view] http://localhost:3000/onboarding color: rgb(120, 120, 120) color: inherit {o: http://localhost:3000/onboarding, sv: 0.1.3, sdkn: @vercel/analytics/next, sdkv: 2.0.1, ts: 1785001963776} /_vercel/insights/view @ http://localhost:3000/_next/static/chunks/node_modules_next_dist_1ybzpk2._.js:2477
[  276734ms] [LOG] %c[Vercel Web Analytics]%c [view] http://localhost:3000/dashboard color: rgb(120, 120, 120) color: inherit {o: http://localhost:3000/dashboard, sv: 0.1.3, sdkn: @vercel/analytics/next, sdkv: 2.0.1, ts: 1785001963866} /_vercel/insights/view @ http://localhost:3000/_next/static/chunks/node_modules_next_dist_1ybzpk2._.js:2477
[  277072ms] [LOG] %c[Vercel Web Analytics]%c [view] http://localhost:3000/onboarding color: rgb(120, 120, 120) color: inherit {o: http://localhost:3000/onboarding, sv: 0.1.3, sdkn: @vercel/analytics/next, sdkv: 2.0.1, ts: 1785001964205} /_vercel/insights/view @ http://localhost:3000/_next/static/chunks/node_modules_next_dist_1ybzpk2._.js:2477
[  277161ms] [LOG] %c[Vercel Web Analytics]%c [view] http://localhost:3000/dashboard color: rgb(120, 120, 120) color: inherit {o: http://localhost:3000/dashboard, sv: 0.1.3, sdkn: @vercel/analytics/next, sdkv: 2.0.1, ts: 1785001964294} /_vercel/insights/view @ http://localhost:3000/_next/static/chunks/node_modules_next_dist_1ybzpk2._.js:2477
[  277522ms] [LOG] %c[Vercel Web Analytics]%c [view] http://localhost:3000/onboarding color: rgb(120, 120, 120) color: inherit {o: http://localhost:3000/onboarding, sv: 0.1.3, sdkn: @vercel/analytics/next, sdkv: 2.0.1, ts: 1785001964655} /_vercel/insights/view @ http://localhost:3000/_next/static/chunks/node_modules_next_dist_1ybzpk2._.js:2477
[  277600ms] [LOG] %c[Vercel Web Analytics]%c [view] http://localhost:3000/dashboard color: rgb(120, 120, 120) color: inherit {o: http://localhost:3000/dashboard, sv: 0.1.3, sdkn: @vercel/analytics/next, sdkv: 2.0.1, ts: 1785001964733} /_vercel/insights/view @ http://localhost:3000/_next/static/chunks/node_modules_next_dist_1ybzpk2._.js:2477
[  277959ms] [LOG] %c[Vercel Web Analytics]%c [view] http://localhost:3000/onboarding color: rgb(120, 120, 120) color: inherit {o: http://localhost:3000/onboarding, sv: 0.1.3, sdkn: @vercel/analytics/next, sdkv: 2.0.1, ts: 1785001965090} /_vercel/insights/view @ http://localhost:3000/_next/static/chunks/node_modules_next_dist_1ybzpk2._.js:2477
[  278083ms] [LOG] [Fast Refresh] rebuilding @ http://localhost:3000/_next/static/chunks/node_modules_next_dist_1ybzpk2._.js:2477
[  278159ms] [LOG] %c[Vercel Web Analytics]%c [view] http://localhost:3000/dashboard color: rgb(120, 120, 120) color: inherit {o: http://localhost:3000/dashboard, sv: 0.1.3, sdkn: @vercel/analytics/next, sdkv: 2.0.1, ts: 1785001965290} /_vercel/insights/view @ http://localhost:3000/_next/static/chunks/node_modules_next_dist_1ybzpk2._.js:2477
[  280300ms] [LOG] [Fast Refresh] done in 2298ms @ http://localhost:3000/_next/static/chunks/node_modules_next_dist_1ybzpk2._.js:2477
[  282359ms] [LOG] %c[Vercel Web Analytics]%c [view] http://localhost:3000/onboarding color: rgb(120, 120, 120) color: inherit {o: http://localhost:3000/onboarding, sv: 0.1.3, sdkn: @vercel/analytics/next, sdkv: 2.0.1, ts: 1785001969491} /_vercel/insights/view @ http://localhost:3000/_next/static/chunks/node_modules_next_dist_1ybzpk2._.js:2477
[  282457ms] [LOG] %c[Vercel Web Analytics]%c [view] http://localhost:3000/dashboard color: rgb(120, 120, 120) color: inherit {o: http://localhost:3000/dashboard, sv: 0.1.3, sdkn: @vercel/analytics/next, sdkv: 2.0.1, ts: 1785001969588} /_vercel/insights/view @ http://localhost:3000/_next/static/chunks/node_modules_next_dist_1ybzpk2._.js:2477
[  282809ms] [LOG] %c[Vercel Web Analytics]%c [view] http://localhost:3000/onboarding color: rgb(120, 120, 120) color: inherit {o: http://localhost:3000/onboarding, sv: 0.1.3, sdkn: @vercel/analytics/next, sdkv: 2.0.1, ts: 1785001969941} /_vercel/insights/view @ http://localhost:3000/_next/static/chunks/node_modules_next_dist_1ybzpk2._.js:2477
[  282902ms] [LOG] %c[Vercel Web Analytics]%c [view] http://localhost:3000/dashboard color: rgb(120, 120, 120) color: inherit {o: http://localhost:3000/dashboard, sv: 0.1.3, sdkn: @vercel/analytics/next, sdkv: 2.0.1, ts: 1785001970035} /_vercel/insights/view @ http://localhost:3000/_next/static/chunks/node_modules_next_dist_1ybzpk2._.js:2477
[  283237ms] [LOG] %c[Vercel Web Analytics]%c [view] http://localhost:3000/onboarding color: rgb(120, 120, 120) color: inherit {o: http://localhost:3000/onboarding, sv: 0.1.3, sdkn: @vercel/analytics/next, sdkv: 2.0.1, ts: 1785001970368} /_vercel/insights/view @ http://localhost:3000/_next/static/chunks/node_modules_next_dist_1ybzpk2._.js:2477
[  283305ms] [LOG] %c[Vercel Web Analytics]%c [view] http://localhost:3000/dashboard color: rgb(120, 120, 120) color: inherit {o: http://localhost:3000/dashboard, sv: 0.1.3, sdkn: @vercel/analytics/next, sdkv: 2.0.1, ts: 1785001970437} /_vercel/insights/view @ http://localhost:3000/_next/static/chunks/node_modules_next_dist_1ybzpk2._.js:2477
[  283641ms] [LOG] %c[Vercel Web Analytics]%c [view] http://localhost:3000/onboarding color: rgb(120, 120, 120) color: inherit {o: http://localhost:3000/onboarding, sv: 0.1.3, sdkn: @vercel/analytics/next, sdkv: 2.0.1, ts: 1785001970773} /_vercel/insights/view @ http://localhost:3000/_next/static/chunks/node_modules_next_dist_1ybzpk2._.js:2477
[  283729ms] [LOG] %c[Vercel Web Analytics]%c [view] http://localhost:3000/dashboard color: rgb(120, 120, 120) color: inherit {o: http://localhost:3000/dashboard, sv: 0.1.3, sdkn: @vercel/analytics/next, sdkv: 2.0.1, ts: 1785001970862} /_vercel/insights/view @ http://localhost:3000/_next/static/chunks/node_modules_next_dist_1ybzpk2._.js:2477
[  284054ms] [LOG] %c[Vercel Web Analytics]%c [view] http://localhost:3000/onboarding color: rgb(120, 120, 120) color: inherit {o: http://localhost:3000/onboarding, sv: 0.1.3, sdkn: @vercel/analytics/next, sdkv: 2.0.1, ts: 1785001971187} /_vercel/insights/view @ http://localhost:3000/_next/static/chunks/node_modules_next_dist_1ybzpk2._.js:2477
[  284143ms] [LOG] %c[Vercel Web Analytics]%c [view] http://localhost:3000/dashboard color: rgb(120, 120, 120) color: inherit {o: http://localhost:3000/dashboard, sv: 0.1.3, sdkn: @vercel/analytics/next, sdkv: 2.0.1, ts: 1785001971276} /_vercel/insights/view @ http://localhost:3000/_next/static/chunks/node_modules_next_dist_1ybzpk2._.js:2477
[  284481ms] [LOG] %c[Vercel Web Analytics]%c [view] http://localhost:3000/onboarding color: rgb(120, 120, 120) color: inherit {o: http://localhost:3000/onboarding, sv: 0.1.3, sdkn: @vercel/analytics/next, sdkv: 2.0.1, ts: 1785001971614} /_vercel/insights/view @ http://localhost:3000/_next/static/chunks/node_modules_next_dist_1ybzpk2._.js:2477
[  284578ms] [LOG] %c[Vercel Web Analytics]%c [view] http://localhost:3000/dashboard color: rgb(120, 120, 120) color: inherit {o: http://localhost:3000/dashboard, sv: 0.1.3, sdkn: @vercel/analytics/next, sdkv: 2.0.1, ts: 1785001971710} /_vercel/insights/view @ http://localhost:3000/_next/static/chunks/node_modules_next_dist_1ybzpk2._.js:2477
[  284650ms] [LOG] [Fast Refresh] rebuilding @ http://localhost:3000/_next/static/chunks/node_modules_next_dist_1ybzpk2._.js:2477
[  284700ms] [LOG] [Fast Refresh] done in 152ms @ http://localhost:3000/_next/static/chunks/node_modules_next_dist_1ybzpk2._.js:2477
[  284900ms] [LOG] %c[Vercel Web Analytics]%c [view] http://localhost:3000/onboarding color: rgb(120, 120, 120) color: inherit {o: http://localhost:3000/onboarding, sv: 0.1.3, sdkn: @vercel/analytics/next, sdkv: 2.0.1, ts: 1785001972033} /_vercel/insights/view @ http://localhost:3000/_next/static/chunks/node_modules_next_dist_1ybzpk2._.js:2477
[  284982ms] [LOG] %c[Vercel Web Analytics]%c [view] http://localhost:3000/dashboard color: rgb(120, 120, 120) color: inherit {o: http://localhost:3000/dashboard, sv: 0.1.3, sdkn: @vercel/analytics/next, sdkv: 2.0.1, ts: 1785001972115} /_vercel/insights/view @ http://localhost:3000/_next/static/chunks/node_modules_next_dist_1ybzpk2._.js:2477
[  285311ms] [LOG] %c[Vercel Web Analytics]%c [view] http://localhost:3000/onboarding color: rgb(120, 120, 120) color: inherit {o: http://localhost:3000/onboarding, sv: 0.1.3, sdkn: @vercel/analytics/next, sdkv: 2.0.1, ts: 1785001972444} /_vercel/insights/view @ http://localhost:3000/_next/static/chunks/node_modules_next_dist_1ybzpk2._.js:2477
[  285399ms] [LOG] %c[Vercel Web Analytics]%c [view] http://localhost:3000/dashboard color: rgb(120, 120, 120) color: inherit {o: http://localhost:3000/dashboard, sv: 0.1.3, sdkn: @vercel/analytics/next, sdkv: 2.0.1, ts: 1785001972531} /_vercel/insights/view @ http://localhost:3000/_next/static/chunks/node_modules_next_dist_1ybzpk2._.js:2477
[  285761ms] [LOG] %c[Vercel Web Analytics]%c [view] http://localhost:3000/onboarding color: rgb(120, 120, 120) color: inherit {o: http://localhost:3000/onboarding, sv: 0.1.3, sdkn: @vercel/analytics/next, sdkv: 2.0.1, ts: 1785001972893} /_vercel/insights/view @ http://localhost:3000/_next/static/chunks/node_modules_next_dist_1ybzpk2._.js:2477
[  285853ms] [LOG] %c[Vercel Web Analytics]%c [view] http://localhost:3000/dashboard color: rgb(120, 120, 120) color: inherit {o: http://localhost:3000/dashboard, sv: 0.1.3, sdkn: @vercel/analytics/next, sdkv: 2.0.1, ts: 1785001972985} /_vercel/insights/view @ http://localhost:3000/_next/static/chunks/node_modules_next_dist_1ybzpk2._.js:2477
[  286191ms] [LOG] %c[Vercel Web Analytics]%c [view] http://localhost:3000/onboarding color: rgb(120, 120, 120) color: inherit {o: http://localhost:3000/onboarding, sv: 0.1.3, sdkn: @vercel/analytics/next, sdkv: 2.0.1, ts: 1785001973324} /_vercel/insights/view @ http://localhost:3000/_next/static/chunks/node_modules_next_dist_1ybzpk2._.js:2477
[  286269ms] [LOG] %c[Vercel Web Analytics]%c [view] http://localhost:3000/dashboard color: rgb(120, 120, 120) color: inherit {o: http://localhost:3000/dashboard, sv: 0.1.3, sdkn: @vercel/analytics/next, sdkv: 2.0.1, ts: 1785001973402} /_vercel/insights/view @ http://localhost:3000/_next/static/chunks/node_modules_next_dist_1ybzpk2._.js:2477
[  286612ms] [LOG] %c[Vercel Web Analytics]%c [view] http://localhost:3000/onboarding color: rgb(120, 120, 120) color: inherit {o: http://localhost:3000/onboarding, sv: 0.1.3, sdkn: @vercel/analytics/next, sdkv: 2.0.1, ts: 1785001973744} /_vercel/insights/view @ http://localhost:3000/_next/static/chunks/node_modules_next_dist_1ybzpk2._.js:2477
[  286693ms] [LOG] %c[Vercel Web Analytics]%c [view] http://localhost:3000/dashboard color: rgb(120, 120, 120) color: inherit {o: http://localhost:3000/dashboard, sv: 0.1.3, sdkn: @vercel/analytics/next, sdkv: 2.0.1, ts: 1785001973826} /_vercel/insights/view @ http://localhost:3000/_next/static/chunks/node_modules_next_dist_1ybzpk2._.js:2477
[  287035ms] [LOG] %c[Vercel Web Analytics]%c [view] http://localhost:3000/onboarding color: rgb(120, 120, 120) color: inherit {o: http://localhost:3000/onboarding, sv: 0.1.3, sdkn: @vercel/analytics/next, sdkv: 2.0.1, ts: 1785001974167} /_vercel/insights/view @ http://localhost:3000/_next/static/chunks/node_modules_next_dist_1ybzpk2._.js:2477
[  287144ms] [LOG] %c[Vercel Web Analytics]%c [view] http://localhost:3000/dashboard color: rgb(120, 120, 120) color: inherit {o: http://localhost:3000/dashboard, sv: 0.1.3, sdkn: @vercel/analytics/next, sdkv: 2.0.1, ts: 1785001974277} /_vercel/insights/view @ http://localhost:3000/_next/static/chunks/node_modules_next_dist_1ybzpk2._.js:2477
[  287481ms] [LOG] %c[Vercel Web Analytics]%c [view] http://localhost:3000/onboarding color: rgb(120, 120, 120) color: inherit {o: http://localhost:3000/onboarding, sv: 0.1.3, sdkn: @vercel/analytics/next, sdkv: 2.0.1, ts: 1785001974614} /_vercel/insights/view @ http://localhost:3000/_next/static/chunks/node_modules_next_dist_1ybzpk2._.js:2477
[  287562ms] [LOG] %c[Vercel Web Analytics]%c [view] http://localhost:3000/dashboard color: rgb(120, 120, 120) color: inherit {o: http://localhost:3000/dashboard, sv: 0.1.3, sdkn: @vercel/analytics/next, sdkv: 2.0.1, ts: 1785001974695} /_vercel/insights/view @ http://localhost:3000/_next/static/chunks/node_modules_next_dist_1ybzpk2._.js:2477
[  287902ms] [LOG] %c[Vercel Web Analytics]%c [view] http://localhost:3000/onboarding color: rgb(120, 120, 120) color: inherit {o: http://localhost:3000/onboarding, sv: 0.1.3, sdkn: @vercel/analytics/next, sdkv: 2.0.1, ts: 1785001975035} /_vercel/insights/view @ http://localhost:3000/_next/static/chunks/node_modules_next_dist_1ybzpk2._.js:2477
[  288039ms] [LOG] %c[Vercel Web Analytics]%c [view] http://localhost:3000/dashboard color: rgb(120, 120, 120) color: inherit {o: http://localhost:3000/dashboard, sv: 0.1.3, sdkn: @vercel/analytics/next, sdkv: 2.0.1, ts: 1785001975172} /_vercel/insights/view @ http://localhost:3000/_next/static/chunks/node_modules_next_dist_1ybzpk2._.js:2477
[  288371ms] [LOG] %c[Vercel Web Analytics]%c [view] http://localhost:3000/onboarding color: rgb(120, 120, 120) color: inherit {o: http://localhost:3000/onboarding, sv: 0.1.3, sdkn: @vercel/analytics/next, sdkv: 2.0.1, ts: 1785001975504} /_vercel/insights/view @ http://localhost:3000/_next/static/chunks/node_modules_next_dist_1ybzpk2._.js:2477
[  288450ms] [LOG] %c[Vercel Web Analytics]%c [view] http://localhost:3000/dashboard color: rgb(120, 120, 120) color: inherit {o: http://localhost:3000/dashboard, sv: 0.1.3, sdkn: @vercel/analytics/next, sdkv: 2.0.1, ts: 1785001975583} /_vercel/insights/view @ http://localhost:3000/_next/static/chunks/node_modules_next_dist_1ybzpk2._.js:2477
[  288793ms] [LOG] %c[Vercel Web Analytics]%c [view] http://localhost:3000/onboarding color: rgb(120, 120, 120) color: inherit {o: http://localhost:3000/onboarding, sv: 0.1.3, sdkn: @vercel/analytics/next, sdkv: 2.0.1, ts: 1785001975925} /_vercel/insights/view @ http://localhost:3000/_next/static/chunks/node_modules_next_dist_1ybzpk2._.js:2477
[  288878ms] [LOG] %c[Vercel Web Analytics]%c [view] http://localhost:3000/dashboard color: rgb(120, 120, 120) color: inherit {o: http://localhost:3000/dashboard, sv: 0.1.3, sdkn: @vercel/analytics/next, sdkv: 2.0.1, ts: 1785001976011} /_vercel/insights/view @ http://localhost:3000/_next/static/chunks/node_modules_next_dist_1ybzpk2._.js:2477
[  289210ms] [LOG] %c[Vercel Web Analytics]%c [view] http://localhost:3000/onboarding color: rgb(120, 120, 120) color: inherit {o: http://localhost:3000/onboarding, sv: 0.1.3, sdkn: @vercel/analytics/next, sdkv: 2.0.1, ts: 1785001976343} /_vercel/insights/view @ http://localhost:3000/_next/static/chunks/node_modules_next_dist_1ybzpk2._.js:2477
[  289281ms] [LOG] %c[Vercel Web Analytics]%c [view] http://localhost:3000/dashboard color: rgb(120, 120, 120) color: inherit {o: http://localhost:3000/dashboard, sv: 0.1.3, sdkn: @vercel/analytics/next, sdkv: 2.0.1, ts: 1785001976414} /_vercel/insights/view @ http://localhost:3000/_next/static/chunks/node_modules_next_dist_1ybzpk2._.js:2477
[  289617ms] [LOG] %c[Vercel Web Analytics]%c [view] http://localhost:3000/onboarding color: rgb(120, 120, 120) color: inherit {o: http://localhost:3000/onboarding, sv: 0.1.3, sdkn: @vercel/analytics/next, sdkv: 2.0.1, ts: 1785001976749} /_vercel/insights/view @ http://localhost:3000/_next/static/chunks/node_modules_next_dist_1ybzpk2._.js:2477
[  289699ms] [LOG] %c[Vercel Web Analytics]%c [view] http://localhost:3000/dashboard color: rgb(120, 120, 120) color: inherit {o: http://localhost:3000/dashboard, sv: 0.1.3, sdkn: @vercel/analytics/next, sdkv: 2.0.1, ts: 1785001976832} /_vercel/insights/view @ http://localhost:3000/_next/static/chunks/node_modules_next_dist_1ybzpk2._.js:2477
[  290052ms] [LOG] %c[Vercel Web Analytics]%c [view] http://localhost:3000/onboarding color: rgb(120, 120, 120) color: inherit {o: http://localhost:3000/onboarding, sv: 0.1.3, sdkn: @vercel/analytics/next, sdkv: 2.0.1, ts: 1785001977185} /_vercel/insights/view @ http://localhost:3000/_next/static/chunks/node_modules_next_dist_1ybzpk2._.js:2477
[  290133ms] [LOG] %c[Vercel Web Analytics]%c [view] http://localhost:3000/dashboard color: rgb(120, 120, 120) color: inherit {o: http://localhost:3000/dashboard, sv: 0.1.3, sdkn: @vercel/analytics/next, sdkv: 2.0.1, ts: 1785001977266} /_vercel/insights/view @ http://localhost:3000/_next/static/chunks/node_modules_next_dist_1ybzpk2._.js:2477
[  290458ms] [LOG] %c[Vercel Web Analytics]%c [view] http://localhost:3000/onboarding color: rgb(120, 120, 120) color: inherit {o: http://localhost:3000/onboarding, sv: 0.1.3, sdkn: @vercel/analytics/next, sdkv: 2.0.1, ts: 1785001977590} /_vercel/insights/view @ http://localhost:3000/_next/static/chunks/node_modules_next_dist_1ybzpk2._.js:2477
[  290540ms] [LOG] %c[Vercel Web Analytics]%c [view] http://localhost:3000/dashboard color: rgb(120, 120, 120) color: inherit {o: http://localhost:3000/dashboard, sv: 0.1.3, sdkn: @vercel/analytics/next, sdkv: 2.0.1, ts: 1785001977673} /_vercel/insights/view @ http://localhost:3000/_next/static/chunks/node_modules_next_dist_1ybzpk2._.js:2477
[  290882ms] [LOG] %c[Vercel Web Analytics]%c [view] http://localhost:3000/onboarding color: rgb(120, 120, 120) color: inherit {o: http://localhost:3000/onboarding, sv: 0.1.3, sdkn: @vercel/analytics/next, sdkv: 2.0.1, ts: 1785001978014} /_vercel/insights/view @ http://localhost:3000/_next/static/chunks/node_modules_next_dist_1ybzpk2._.js:2477
[  290980ms] [LOG] %c[Vercel Web Analytics]%c [view] http://localhost:3000/dashboard color: rgb(120, 120, 120) color: inherit {o: http://localhost:3000/dashboard, sv: 0.1.3, sdkn: @vercel/analytics/next, sdkv: 2.0.1, ts: 1785001978113} /_vercel/insights/view @ http://localhost:3000/_next/static/chunks/node_modules_next_dist_1ybzpk2._.js:2477
[  291330ms] [LOG] %c[Vercel Web Analytics]%c [view] http://localhost:3000/onboarding color: rgb(120, 120, 120) color: inherit {o: http://localhost:3000/onboarding, sv: 0.1.3, sdkn: @vercel/analytics/next, sdkv: 2.0.1, ts: 1785001978462} /_vercel/insights/view @ http://localhost:3000/_next/static/chunks/node_modules_next_dist_1ybzpk2._.js:2477
[  291505ms] [LOG] %c[Vercel Web Analytics]%c [view] http://localhost:3000/dashboard color: rgb(120, 120, 120) color: inherit {o: http://localhost:3000/dashboard, sv: 0.1.3, sdkn: @vercel/analytics/next, sdkv: 2.0.1, ts: 1785001978637} /_vercel/insights/view @ http://localhost:3000/_next/static/chunks/node_modules_next_dist_1ybzpk2._.js:2477
[  291849ms] [LOG] %c[Vercel Web Analytics]%c [view] http://localhost:3000/onboarding color: rgb(120, 120, 120) color: inherit {o: http://localhost:3000/onboarding, sv: 0.1.3, sdkn: @vercel/analytics/next, sdkv: 2.0.1, ts: 1785001978981} /_vercel/insights/view @ http://localhost:3000/_next/static/chunks/node_modules_next_dist_1ybzpk2._.js:2477
[  291949ms] [LOG] %c[Vercel Web Analytics]%c [view] http://localhost:3000/dashboard color: rgb(120, 120, 120) color: inherit {o: http://localhost:3000/dashboard, sv: 0.1.3, sdkn: @vercel/analytics/next, sdkv: 2.0.1, ts: 1785001979082} /_vercel/insights/view @ http://localhost:3000/_next/static/chunks/node_modules_next_dist_1ybzpk2._.js:2477
[  292301ms] [LOG] %c[Vercel Web Analytics]%c [view] http://localhost:3000/onboarding color: rgb(120, 120, 120) color: inherit {o: http://localhost:3000/onboarding, sv: 0.1.3, sdkn: @vercel/analytics/next, sdkv: 2.0.1, ts: 1785001979434} /_vercel/insights/view @ http://localhost:3000/_next/static/chunks/node_modules_next_dist_1ybzpk2._.js:2477
[  292382ms] [LOG] %c[Vercel Web Analytics]%c [view] http://localhost:3000/dashboard color: rgb(120, 120, 120) color: inherit {o: http://localhost:3000/dashboard, sv: 0.1.3, sdkn: @vercel/analytics/next, sdkv: 2.0.1, ts: 1785001979514} /_vercel/insights/view @ http://localhost:3000/_next/static/chunks/node_modules_next_dist_1ybzpk2._.js:2477
[  292731ms] [LOG] %c[Vercel Web Analytics]%c [view] http://localhost:3000/onboarding color: rgb(120, 120, 120) color: inherit {o: http://localhost:3000/onboarding, sv: 0.1.3, sdkn: @vercel/analytics/next, sdkv: 2.0.1, ts: 1785001979864} /_vercel/insights/view @ http://localhost:3000/_next/static/chunks/node_modules_next_dist_1ybzpk2._.js:2477
[  292844ms] [LOG] %c[Vercel Web Analytics]%c [view] http://localhost:3000/dashboard color: rgb(120, 120, 120) color: inherit {o: http://localhost:3000/dashboard, sv: 0.1.3, sdkn: @vercel/analytics/next, sdkv: 2.0.1, ts: 1785001979977} /_vercel/insights/view @ http://localhost:3000/_next/static/chunks/node_modules_next_dist_1ybzpk2._.js:2477
[  293210ms] [LOG] %c[Vercel Web Analytics]%c [view] http://localhost:3000/onboarding color: rgb(120, 120, 120) color: inherit {o: http://localhost:3000/onboarding, sv: 0.1.3, sdkn: @vercel/analytics/next, sdkv: 2.0.1, ts: 1785001980342} /_vercel/insights/view @ http://localhost:3000/_next/static/chunks/node_modules_next_dist_1ybzpk2._.js:2477
[  293303ms] [LOG] %c[Vercel Web Analytics]%c [view] http://localhost:3000/dashboard color: rgb(120, 120, 120) color: inherit {o: http://localhost:3000/dashboard, sv: 0.1.3, sdkn: @vercel/analytics/next, sdkv: 2.0.1, ts: 1785001980436} /_vercel/insights/view @ http://localhost:3000/_next/static/chunks/node_modules_next_dist_1ybzpk2._.js:2477
[  293652ms] [LOG] %c[Vercel Web Analytics]%c [view] http://localhost:3000/onboarding color: rgb(120, 120, 120) color: inherit {o: http://localhost:3000/onboarding, sv: 0.1.3, sdkn: @vercel/analytics/next, sdkv: 2.0.1, ts: 1785001980784} /_vercel/insights/view @ http://localhost:3000/_next/static/chunks/node_modules_next_dist_1ybzpk2._.js:2477
[  293738ms] [LOG] %c[Vercel Web Analytics]%c [view] http://localhost:3000/dashboard color: rgb(120, 120, 120) color: inherit {o: http://localhost:3000/dashboard, sv: 0.1.3, sdkn: @vercel/analytics/next, sdkv: 2.0.1, ts: 1785001980870} /_vercel/insights/view @ http://localhost:3000/_next/static/chunks/node_modules_next_dist_1ybzpk2._.js:2477
[  294077ms] [LOG] %c[Vercel Web Analytics]%c [view] http://localhost:3000/onboarding color: rgb(120, 120, 120) color: inherit {o: http://localhost:3000/onboarding, sv: 0.1.3, sdkn: @vercel/analytics/next, sdkv: 2.0.1, ts: 1785001981209} /_vercel/insights/view @ http://localhost:3000/_next/static/chunks/node_modules_next_dist_1ybzpk2._.js:2477
[  294149ms] [LOG] %c[Vercel Web Analytics]%c [view] http://localhost:3000/dashboard color: rgb(120, 120, 120) color: inherit {o: http://localhost:3000/dashboard, sv: 0.1.3, sdkn: @vercel/analytics/next, sdkv: 2.0.1, ts: 1785001981281} /_vercel/insights/view @ http://localhost:3000/_next/static/chunks/node_modules_next_dist_1ybzpk2._.js:2477
[  294510ms] [LOG] %c[Vercel Web Analytics]%c [view] http://localhost:3000/onboarding color: rgb(120, 120, 120) color: inherit {o: http://localhost:3000/onboarding, sv: 0.1.3, sdkn: @vercel/analytics/next, sdkv: 2.0.1, ts: 1785001981642} /_vercel/insights/view @ http://localhost:3000/_next/static/chunks/node_modules_next_dist_1ybzpk2._.js:2477
[  294598ms] [LOG] %c[Vercel Web Analytics]%c [view] http://localhost:3000/dashboard color: rgb(120, 120, 120) color: inherit {o: http://localhost:3000/dashboard, sv: 0.1.3, sdkn: @vercel/analytics/next, sdkv: 2.0.1, ts: 1785001981730} /_vercel/insights/view @ http://localhost:3000/_next/static/chunks/node_modules_next_dist_1ybzpk2._.js:2477
[  294950ms] [LOG] %c[Vercel Web Analytics]%c [view] http://localhost:3000/onboarding color: rgb(120, 120, 120) color: inherit {o: http://localhost:3000/onboarding, sv: 0.1.3, sdkn: @vercel/analytics/next, sdkv: 2.0.1, ts: 1785001982083} /_vercel/insights/view @ http://localhost:3000/_next/static/chunks/node_modules_next_dist_1ybzpk2._.js:2477
[  295041ms] [LOG] %c[Vercel Web Analytics]%c [view] http://localhost:3000/dashboard color: rgb(120, 120, 120) color: inherit {o: http://localhost:3000/dashboard, sv: 0.1.3, sdkn: @vercel/analytics/next, sdkv: 2.0.1, ts: 1785001982174} /_vercel/insights/view @ http://localhost:3000/_next/static/chunks/node_modules_next_dist_1ybzpk2._.js:2477
[  295388ms] [LOG] %c[Vercel Web Analytics]%c [view] http://localhost:3000/onboarding color: rgb(120, 120, 120) color: inherit {o: http://localhost:3000/onboarding, sv: 0.1.3, sdkn: @vercel/analytics/next, sdkv: 2.0.1, ts: 1785001982520} /_vercel/insights/view @ http://localhost:3000/_next/static/chunks/node_modules_next_dist_1ybzpk2._.js:2477
[  295460ms] [LOG] %c[Vercel Web Analytics]%c [view] http://localhost:3000/dashboard color: rgb(120, 120, 120) color: inherit {o: http://localhost:3000/dashboard, sv: 0.1.3, sdkn: @vercel/analytics/next, sdkv: 2.0.1, ts: 1785001982593} /_vercel/insights/view @ http://localhost:3000/_next/static/chunks/node_modules_next_dist_1ybzpk2._.js:2477
[  295811ms] [LOG] %c[Vercel Web Analytics]%c [view] http://localhost:3000/onboarding color: rgb(120, 120, 120) color: inherit {o: http://localhost:3000/onboarding, sv: 0.1.3, sdkn: @vercel/analytics/next, sdkv: 2.0.1, ts: 1785001982944} /_vercel/insights/view @ http://localhost:3000/_next/static/chunks/node_modules_next_dist_1ybzpk2._.js:2477
[  295898ms] [LOG] %c[Vercel Web Analytics]%c [view] http://localhost:3000/dashboard color: rgb(120, 120, 120) color: inherit {o: http://localhost:3000/dashboard, sv: 0.1.3, sdkn: @vercel/analytics/next, sdkv: 2.0.1, ts: 1785001983031} /_vercel/insights/view @ http://localhost:3000/_next/static/chunks/node_modules_next_dist_1ybzpk2._.js:2477
[  296241ms] [LOG] %c[Vercel Web Analytics]%c [view] http://localhost:3000/onboarding color: rgb(120, 120, 120) color: inherit {o: http://localhost:3000/onboarding, sv: 0.1.3, sdkn: @vercel/analytics/next, sdkv: 2.0.1, ts: 1785001983373} /_vercel/insights/view @ http://localhost:3000/_next/static/chunks/node_modules_next_dist_1ybzpk2._.js:2477
[  296334ms] [LOG] %c[Vercel Web Analytics]%c [view] http://localhost:3000/dashboard color: rgb(120, 120, 120) color: inherit {o: http://localhost:3000/dashboard, sv: 0.1.3, sdkn: @vercel/analytics/next, sdkv: 2.0.1, ts: 1785001983467} /_vercel/insights/view @ http://localhost:3000/_next/static/chunks/node_modules_next_dist_1ybzpk2._.js:2477
[  296671ms] [LOG] %c[Vercel Web Analytics]%c [view] http://localhost:3000/onboarding color: rgb(120, 120, 120) color: inherit {o: http://localhost:3000/onboarding, sv: 0.1.3, sdkn: @vercel/analytics/next, sdkv: 2.0.1, ts: 1785001983804} /_vercel/insights/view @ http://localhost:3000/_next/static/chunks/node_modules_next_dist_1ybzpk2._.js:2477
[  296763ms] [LOG] %c[Vercel Web Analytics]%c [view] http://localhost:3000/dashboard color: rgb(120, 120, 120) color: inherit {o: http://localhost:3000/dashboard, sv: 0.1.3, sdkn: @vercel/analytics/next, sdkv: 2.0.1, ts: 1785001983896} /_vercel/insights/view @ http://localhost:3000/_next/static/chunks/node_modules_next_dist_1ybzpk2._.js:2477
[  297128ms] [LOG] %c[Vercel Web Analytics]%c [view] http://localhost:3000/onboarding color: rgb(120, 120, 120) color: inherit {o: http://localhost:3000/onboarding, sv: 0.1.3, sdkn: @vercel/analytics/next, sdkv: 2.0.1, ts: 1785001984261} /_vercel/insights/view @ http://localhost:3000/_next/static/chunks/node_modules_next_dist_1ybzpk2._.js:2477
[  297224ms] [LOG] %c[Vercel Web Analytics]%c [view] http://localhost:3000/dashboard color: rgb(120, 120, 120) color: inherit {o: http://localhost:3000/dashboard, sv: 0.1.3, sdkn: @vercel/analytics/next, sdkv: 2.0.1, ts: 1785001984357} /_vercel/insights/view @ http://localhost:3000/_next/static/chunks/node_modules_next_dist_1ybzpk2._.js:2477
[  297627ms] [LOG] %c[Vercel Web Analytics]%c [view] http://localhost:3000/onboarding color: rgb(120, 120, 120) color: inherit {o: http://localhost:3000/onboarding, sv: 0.1.3, sdkn: @vercel/analytics/next, sdkv: 2.0.1, ts: 1785001984759} /_vercel/insights/view @ http://localhost:3000/_next/static/chunks/node_modules_next_dist_1ybzpk2._.js:2477
[  297710ms] [LOG] %c[Vercel Web Analytics]%c [view] http://localhost:3000/dashboard color: rgb(120, 120, 120) color: inherit {o: http://localhost:3000/dashboard, sv: 0.1.3, sdkn: @vercel/analytics/next, sdkv: 2.0.1, ts: 1785001984842} /_vercel/insights/view @ http://localhost:3000/_next/static/chunks/node_modules_next_dist_1ybzpk2._.js:2477
[  298049ms] [LOG] %c[Vercel Web Analytics]%c [view] http://localhost:3000/onboarding color: rgb(120, 120, 120) color: inherit {o: http://localhost:3000/onboarding, sv: 0.1.3, sdkn: @vercel/analytics/next, sdkv: 2.0.1, ts: 1785001985182} /_vercel/insights/view @ http://localhost:3000/_next/static/chunks/node_modules_next_dist_1ybzpk2._.js:2477
[  298141ms] [LOG] %c[Vercel Web Analytics]%c [view] http://localhost:3000/dashboard color: rgb(120, 120, 120) color: inherit {o: http://localhost:3000/dashboard, sv: 0.1.3, sdkn: @vercel/analytics/next, sdkv: 2.0.1, ts: 1785001985274} /_vercel/insights/view @ http://localhost:3000/_next/static/chunks/node_modules_next_dist_1ybzpk2._.js:2477
[  298517ms] [LOG] %c[Vercel Web Analytics]%c [view] http://localhost:3000/onboarding color: rgb(120, 120, 120) color: inherit {o: http://localhost:3000/onboarding, sv: 0.1.3, sdkn: @vercel/analytics/next, sdkv: 2.0.1, ts: 1785001985649} /_vercel/insights/view @ http://localhost:3000/_next/static/chunks/node_modules_next_dist_1ybzpk2._.js:2477
[  298641ms] [LOG] %c[Vercel Web Analytics]%c [view] http://localhost:3000/dashboard color: rgb(120, 120, 120) color: inherit {o: http://localhost:3000/dashboard, sv: 0.1.3, sdkn: @vercel/analytics/next, sdkv: 2.0.1, ts: 1785001985773} /_vercel/insights/view @ http://localhost:3000/_next/static/chunks/node_modules_next_dist_1ybzpk2._.js:2477
[  298728ms] [LOG] [Fast Refresh] rebuilding @ http://localhost:3000/_next/static/chunks/node_modules_next_dist_1ybzpk2._.js:2477
[  299662ms] [LOG] [Fast Refresh] done in 1015ms @ http://localhost:3000/_next/static/chunks/node_modules_next_dist_1ybzpk2._.js:2477
[  300010ms] [LOG] [Fast Refresh] rebuilding @ http://localhost:3000/_next/static/chunks/node_modules_next_dist_1ybzpk2._.js:2477
[  300088ms] [LOG] [Fast Refresh] done in 179ms @ http://localhost:3000/_next/static/chunks/node_modules_next_dist_1ybzpk2._.js:2477
[  301330ms] [LOG] %c[Vercel Web Analytics]%c [view] http://localhost:3000/onboarding color: rgb(120, 120, 120) color: inherit {o: http://localhost:3000/onboarding, sv: 0.1.3, sdkn: @vercel/analytics/next, sdkv: 2.0.1, ts: 1785001988462} /_vercel/insights/view @ http://localhost:3000/_next/static/chunks/node_modules_next_dist_1ybzpk2._.js:2477
[  301435ms] [LOG] %c[Vercel Web Analytics]%c [view] http://localhost:3000/dashboard color: rgb(120, 120, 120) color: inherit {o: http://localhost:3000/dashboard, sv: 0.1.3, sdkn: @vercel/analytics/next, sdkv: 2.0.1, ts: 1785001988567} /_vercel/insights/view @ http://localhost:3000/_next/static/chunks/node_modules_next_dist_1ybzpk2._.js:2477
[  301778ms] [LOG] %c[Vercel Web Analytics]%c [view] http://localhost:3000/onboarding color: rgb(120, 120, 120) color: inherit {o: http://localhost:3000/onboarding, sv: 0.1.3, sdkn: @vercel/analytics/next, sdkv: 2.0.1, ts: 1785001988911} /_vercel/insights/view @ http://localhost:3000/_next/static/chunks/node_modules_next_dist_1ybzpk2._.js:2477
[  301880ms] [LOG] %c[Vercel Web Analytics]%c [view] http://localhost:3000/dashboard color: rgb(120, 120, 120) color: inherit {o: http://localhost:3000/dashboard, sv: 0.1.3, sdkn: @vercel/analytics/next, sdkv: 2.0.1, ts: 1785001989013} /_vercel/insights/view @ http://localhost:3000/_next/static/chunks/node_modules_next_dist_1ybzpk2._.js:2477
[  302209ms] [LOG] %c[Vercel Web Analytics]%c [view] http://localhost:3000/onboarding color: rgb(120, 120, 120) color: inherit {o: http://localhost:3000/onboarding, sv: 0.1.3, sdkn: @vercel/analytics/next, sdkv: 2.0.1, ts: 1785001989342} /_vercel/insights/view @ http://localhost:3000/_next/static/chunks/node_modules_next_dist_1ybzpk2._.js:2477
[  302299ms] [LOG] %c[Vercel Web Analytics]%c [view] http://localhost:3000/dashboard color: rgb(120, 120, 120) color: inherit {o: http://localhost:3000/dashboard, sv: 0.1.3, sdkn: @vercel/analytics/next, sdkv: 2.0.1, ts: 1785001989432} /_vercel/insights/view @ http://localhost:3000/_next/static/chunks/node_modules_next_dist_1ybzpk2._.js:2477
[  302633ms] [LOG] %c[Vercel Web Analytics]%c [view] http://localhost:3000/onboarding color: rgb(120, 120, 120) color: inherit {o: http://localhost:3000/onboarding, sv: 0.1.3, sdkn: @vercel/analytics/next, sdkv: 2.0.1, ts: 1785001989766} /_vercel/insights/view @ http://localhost:3000/_next/static/chunks/node_modules_next_dist_1ybzpk2._.js:2477
[  302703ms] [LOG] %c[Vercel Web Analytics]%c [view] http://localhost:3000/dashboard color: rgb(120, 120, 120) color: inherit {o: http://localhost:3000/dashboard, sv: 0.1.3, sdkn: @vercel/analytics/next, sdkv: 2.0.1, ts: 1785001989836} /_vercel/insights/view @ http://localhost:3000/_next/static/chunks/node_modules_next_dist_1ybzpk2._.js:2477
[  302748ms] [LOG] [Fast Refresh] rebuilding @ http://localhost:3000/_next/static/chunks/node_modules_next_dist_1ybzpk2._.js:2477
[  302759ms] [LOG] [Fast Refresh] done in 111ms @ http://localhost:3000/_next/static/chunks/node_modules_next_dist_1ybzpk2._.js:2477
[  303039ms] [LOG] %c[Vercel Web Analytics]%c [view] http://localhost:3000/onboarding color: rgb(120, 120, 120) color: inherit {o: http://localhost:3000/onboarding, sv: 0.1.3, sdkn: @vercel/analytics/next, sdkv: 2.0.1, ts: 1785001990172} /_vercel/insights/view @ http://localhost:3000/_next/static/chunks/node_modules_next_dist_1ybzpk2._.js:2477
[  303128ms] [LOG] %c[Vercel Web Analytics]%c [view] http://localhost:3000/dashboard color: rgb(120, 120, 120) color: inherit {o: http://localhost:3000/dashboard, sv: 0.1.3, sdkn: @vercel/analytics/next, sdkv: 2.0.1, ts: 1785001990260} /_vercel/insights/view @ http://localhost:3000/_next/static/chunks/node_modules_next_dist_1ybzpk2._.js:2477
[  303470ms] [LOG] %c[Vercel Web Analytics]%c [view] http://localhost:3000/onboarding color: rgb(120, 120, 120) color: inherit {o: http://localhost:3000/onboarding, sv: 0.1.3, sdkn: @vercel/analytics/next, sdkv: 2.0.1, ts: 1785001990603} /_vercel/insights/view @ http://localhost:3000/_next/static/chunks/node_modules_next_dist_1ybzpk2._.js:2477
[  303568ms] [LOG] %c[Vercel Web Analytics]%c [view] http://localhost:3000/dashboard color: rgb(120, 120, 120) color: inherit {o: http://localhost:3000/dashboard, sv: 0.1.3, sdkn: @vercel/analytics/next, sdkv: 2.0.1, ts: 1785001990701} /_vercel/insights/view @ http://localhost:3000/_next/static/chunks/node_modules_next_dist_1ybzpk2._.js:2477
[  303899ms] [LOG] %c[Vercel Web Analytics]%c [view] http://localhost:3000/onboarding color: rgb(120, 120, 120) color: inherit {o: http://localhost:3000/onboarding, sv: 0.1.3, sdkn: @vercel/analytics/next, sdkv: 2.0.1, ts: 1785001991032} /_vercel/insights/view @ http://localhost:3000/_next/static/chunks/node_modules_next_dist_1ybzpk2._.js:2477
[  303997ms] [LOG] %c[Vercel Web Analytics]%c [view] http://localhost:3000/dashboard color: rgb(120, 120, 120) color: inherit {o: http://localhost:3000/dashboard, sv: 0.1.3, sdkn: @vercel/analytics/next, sdkv: 2.0.1, ts: 1785001991129} /_vercel/insights/view @ http://localhost:3000/_next/static/chunks/node_modules_next_dist_1ybzpk2._.js:2477
[  304320ms] [LOG] %c[Vercel Web Analytics]%c [view] http://localhost:3000/onboarding color: rgb(120, 120, 120) color: inherit {o: http://localhost:3000/onboarding, sv: 0.1.3, sdkn: @vercel/analytics/next, sdkv: 2.0.1, ts: 1785001991453} /_vercel/insights/view @ http://localhost:3000/_next/static/chunks/node_modules_next_dist_1ybzpk2._.js:2477
[  304403ms] [LOG] %c[Vercel Web Analytics]%c [view] http://localhost:3000/dashboard color: rgb(120, 120, 120) color: inherit {o: http://localhost:3000/dashboard, sv: 0.1.3, sdkn: @vercel/analytics/next, sdkv: 2.0.1, ts: 1785001991536} /_vercel/insights/view @ http://localhost:3000/_next/static/chunks/node_modules_next_dist_1ybzpk2._.js:2477
[  304744ms] [LOG] %c[Vercel Web Analytics]%c [view] http://localhost:3000/onboarding color: rgb(120, 120, 120) color: inherit {o: http://localhost:3000/onboarding, sv: 0.1.3, sdkn: @vercel/analytics/next, sdkv: 2.0.1, ts: 1785001991876} /_vercel/insights/view @ http://localhost:3000/_next/static/chunks/node_modules_next_dist_1ybzpk2._.js:2477
[  304812ms] [LOG] %c[Vercel Web Analytics]%c [view] http://localhost:3000/dashboard color: rgb(120, 120, 120) color: inherit {o: http://localhost:3000/dashboard, sv: 0.1.3, sdkn: @vercel/analytics/next, sdkv: 2.0.1, ts: 1785001991944} /_vercel/insights/view @ http://localhost:3000/_next/static/chunks/node_modules_next_dist_1ybzpk2._.js:2477
[  304859ms] [LOG] [Fast Refresh] rebuilding @ http://localhost:3000/_next/static/chunks/node_modules_next_dist_1ybzpk2._.js:2477
[  304876ms] [LOG] [Fast Refresh] done in 118ms @ http://localhost:3000/_next/static/chunks/node_modules_next_dist_1ybzpk2._.js:2477
[  305168ms] [LOG] %c[Vercel Web Analytics]%c [view] http://localhost:3000/onboarding color: rgb(120, 120, 120) color: inherit {o: http://localhost:3000/onboarding, sv: 0.1.3, sdkn: @vercel/analytics/next, sdkv: 2.0.1, ts: 1785001992301} /_vercel/insights/view @ http://localhost:3000/_next/static/chunks/node_modules_next_dist_1ybzpk2._.js:2477
[  305274ms] [LOG] %c[Vercel Web Analytics]%c [view] http://localhost:3000/dashboard color: rgb(120, 120, 120) color: inherit {o: http://localhost:3000/dashboard, sv: 0.1.3, sdkn: @vercel/analytics/next, sdkv: 2.0.1, ts: 1785001992407} /_vercel/insights/view @ http://localhost:3000/_next/static/chunks/node_modules_next_dist_1ybzpk2._.js:2477
[  305647ms] [LOG] %c[Vercel Web Analytics]%c [view] http://localhost:3000/onboarding color: rgb(120, 120, 120) color: inherit {o: http://localhost:3000/onboarding, sv: 0.1.3, sdkn: @vercel/analytics/next, sdkv: 2.0.1, ts: 1785001992779} /_vercel/insights/view @ http://localhost:3000/_next/static/chunks/node_modules_next_dist_1ybzpk2._.js:2477
[  305730ms] [LOG] %c[Vercel Web Analytics]%c [view] http://localhost:3000/dashboard color: rgb(120, 120, 120) color: inherit {o: http://localhost:3000/dashboard, sv: 0.1.3, sdkn: @vercel/analytics/next, sdkv: 2.0.1, ts: 1785001992862} /_vercel/insights/view @ http://localhost:3000/_next/static/chunks/node_modules_next_dist_1ybzpk2._.js:2477
[  305801ms] [LOG] [Fast Refresh] rebuilding @ http://localhost:3000/_next/static/chunks/node_modules_next_dist_1ybzpk2._.js:2477
[  305854ms] [LOG] [Fast Refresh] done in 153ms @ http://localhost:3000/_next/static/chunks/node_modules_next_dist_1ybzpk2._.js:2477
[  306049ms] [LOG] %c[Vercel Web Analytics]%c [view] http://localhost:3000/onboarding color: rgb(120, 120, 120) color: inherit {o: http://localhost:3000/onboarding, sv: 0.1.3, sdkn: @vercel/analytics/next, sdkv: 2.0.1, ts: 1785001993182} /_vercel/insights/view @ http://localhost:3000/_next/static/chunks/node_modules_next_dist_1ybzpk2._.js:2477
[  306133ms] [LOG] %c[Vercel Web Analytics]%c [view] http://localhost:3000/dashboard color: rgb(120, 120, 120) color: inherit {o: http://localhost:3000/dashboard, sv: 0.1.3, sdkn: @vercel/analytics/next, sdkv: 2.0.1, ts: 1785001993266} /_vercel/insights/view @ http://localhost:3000/_next/static/chunks/node_modules_next_dist_1ybzpk2._.js:2477
[  306508ms] [LOG] %c[Vercel Web Analytics]%c [view] http://localhost:3000/onboarding color: rgb(120, 120, 120) color: inherit {o: http://localhost:3000/onboarding, sv: 0.1.3, sdkn: @vercel/analytics/next, sdkv: 2.0.1, ts: 1785001993641} /_vercel/insights/view @ http://localhost:3000/_next/static/chunks/node_modules_next_dist_1ybzpk2._.js:2477
[  306623ms] [LOG] %c[Vercel Web Analytics]%c [view] http://localhost:3000/dashboard color: rgb(120, 120, 120) color: inherit {o: http://localhost:3000/dashboard, sv: 0.1.3, sdkn: @vercel/analytics/next, sdkv: 2.0.1, ts: 1785001993756} /_vercel/insights/view @ http://localhost:3000/_next/static/chunks/node_modules_next_dist_1ybzpk2._.js:2477
[  306997ms] [LOG] %c[Vercel Web Analytics]%c [view] http://localhost:3000/onboarding color: rgb(120, 120, 120) color: inherit {o: http://localhost:3000/onboarding, sv: 0.1.3, sdkn: @vercel/analytics/next, sdkv: 2.0.1, ts: 1785001994129} /_vercel/insights/view @ http://localhost:3000/_next/static/chunks/node_modules_next_dist_1ybzpk2._.js:2477
[  307079ms] [LOG] %c[Vercel Web Analytics]%c [view] http://localhost:3000/dashboard color: rgb(120, 120, 120) color: inherit {o: http://localhost:3000/dashboard, sv: 0.1.3, sdkn: @vercel/analytics/next, sdkv: 2.0.1, ts: 1785001994212} /_vercel/insights/view @ http://localhost:3000/_next/static/chunks/node_modules_next_dist_1ybzpk2._.js:2477
[  307427ms] [LOG] %c[Vercel Web Analytics]%c [view] http://localhost:3000/onboarding color: rgb(120, 120, 120) color: inherit {o: http://localhost:3000/onboarding, sv: 0.1.3, sdkn: @vercel/analytics/next, sdkv: 2.0.1, ts: 1785001994559} /_vercel/insights/view @ http://localhost:3000/_next/static/chunks/node_modules_next_dist_1ybzpk2._.js:2477
[  307503ms] [LOG] %c[Vercel Web Analytics]%c [view] http://localhost:3000/dashboard color: rgb(120, 120, 120) color: inherit {o: http://localhost:3000/dashboard, sv: 0.1.3, sdkn: @vercel/analytics/next, sdkv: 2.0.1, ts: 1785001994636} /_vercel/insights/view @ http://localhost:3000/_next/static/chunks/node_modules_next_dist_1ybzpk2._.js:2477
[  307848ms] [LOG] %c[Vercel Web Analytics]%c [view] http://localhost:3000/onboarding color: rgb(120, 120, 120) color: inherit {o: http://localhost:3000/onboarding, sv: 0.1.3, sdkn: @vercel/analytics/next, sdkv: 2.0.1, ts: 1785001994980} /_vercel/insights/view @ http://localhost:3000/_next/static/chunks/node_modules_next_dist_1ybzpk2._.js:2477
[  307924ms] [LOG] %c[Vercel Web Analytics]%c [view] http://localhost:3000/dashboard color: rgb(120, 120, 120) color: inherit {o: http://localhost:3000/dashboard, sv: 0.1.3, sdkn: @vercel/analytics/next, sdkv: 2.0.1, ts: 1785001995057} /_vercel/insights/view @ http://localhost:3000/_next/static/chunks/node_modules_next_dist_1ybzpk2._.js:2477
[  307961ms] [LOG] [Fast Refresh] rebuilding @ http://localhost:3000/_next/static/chunks/node_modules_next_dist_1ybzpk2._.js:2477
[  308035ms] [LOG] [Fast Refresh] done in 174ms @ http://localhost:3000/_next/static/chunks/node_modules_next_dist_1ybzpk2._.js:2477
[  308259ms] [LOG] %c[Vercel Web Analytics]%c [view] http://localhost:3000/onboarding color: rgb(120, 120, 120) color: inherit {o: http://localhost:3000/onboarding, sv: 0.1.3, sdkn: @vercel/analytics/next, sdkv: 2.0.1, ts: 1785001995392} /_vercel/insights/view @ http://localhost:3000/_next/static/chunks/node_modules_next_dist_1ybzpk2._.js:2477
[  308329ms] [LOG] %c[Vercel Web Analytics]%c [view] http://localhost:3000/dashboard color: rgb(120, 120, 120) color: inherit {o: http://localhost:3000/dashboard, sv: 0.1.3, sdkn: @vercel/analytics/next, sdkv: 2.0.1, ts: 1785001995462} /_vercel/insights/view @ http://localhost:3000/_next/static/chunks/node_modules_next_dist_1ybzpk2._.js:2477
[  308372ms] [LOG] [Fast Refresh] rebuilding @ http://localhost:3000/_next/static/chunks/node_modules_next_dist_1ybzpk2._.js:2477
[  308434ms] [LOG] [Fast Refresh] done in 162ms @ http://localhost:3000/_next/static/chunks/node_modules_next_dist_1ybzpk2._.js:2477
[  308660ms] [LOG] %c[Vercel Web Analytics]%c [view] http://localhost:3000/onboarding color: rgb(120, 120, 120) color: inherit {o: http://localhost:3000/onboarding, sv: 0.1.3, sdkn: @vercel/analytics/next, sdkv: 2.0.1, ts: 1785001995793} /_vercel/insights/view @ http://localhost:3000/_next/static/chunks/node_modules_next_dist_1ybzpk2._.js:2477
[  308727ms] [LOG] %c[Vercel Web Analytics]%c [view] http://localhost:3000/dashboard color: rgb(120, 120, 120) color: inherit {o: http://localhost:3000/dashboard, sv: 0.1.3, sdkn: @vercel/analytics/next, sdkv: 2.0.1, ts: 1785001995859} /_vercel/insights/view @ http://localhost:3000/_next/static/chunks/node_modules_next_dist_1ybzpk2._.js:2477
[  309062ms] [LOG] %c[Vercel Web Analytics]%c [view] http://localhost:3000/onboarding color: rgb(120, 120, 120) color: inherit {o: http://localhost:3000/onboarding, sv: 0.1.3, sdkn: @vercel/analytics/next, sdkv: 2.0.1, ts: 1785001996194} /_vercel/insights/view @ http://localhost:3000/_next/static/chunks/node_modules_next_dist_1ybzpk2._.js:2477
[  309140ms] [LOG] %c[Vercel Web Analytics]%c [view] http://localhost:3000/dashboard color: rgb(120, 120, 120) color: inherit {o: http://localhost:3000/dashboard, sv: 0.1.3, sdkn: @vercel/analytics/next, sdkv: 2.0.1, ts: 1785001996272} /_vercel/insights/view @ http://localhost:3000/_next/static/chunks/node_modules_next_dist_1ybzpk2._.js:2477
[  309180ms] [LOG] [Fast Refresh] rebuilding @ http://localhost:3000/_next/static/chunks/node_modules_next_dist_1ybzpk2._.js:2477
[  309203ms] [LOG] [Fast Refresh] done in 125ms @ http://localhost:3000/_next/static/chunks/node_modules_next_dist_1ybzpk2._.js:2477
[  309483ms] [LOG] %c[Vercel Web Analytics]%c [view] http://localhost:3000/onboarding color: rgb(120, 120, 120) color: inherit {o: http://localhost:3000/onboarding, sv: 0.1.3, sdkn: @vercel/analytics/next, sdkv: 2.0.1, ts: 1785001996616} /_vercel/insights/view @ http://localhost:3000/_next/static/chunks/node_modules_next_dist_1ybzpk2._.js:2477
[  309568ms] [LOG] %c[Vercel Web Analytics]%c [view] http://localhost:3000/dashboard color: rgb(120, 120, 120) color: inherit {o: http://localhost:3000/dashboard, sv: 0.1.3, sdkn: @vercel/analytics/next, sdkv: 2.0.1, ts: 1785001996701} /_vercel/insights/view @ http://localhost:3000/_next/static/chunks/node_modules_next_dist_1ybzpk2._.js:2477
[  309898ms] [LOG] %c[Vercel Web Analytics]%c [view] http://localhost:3000/onboarding color: rgb(120, 120, 120) color: inherit {o: http://localhost:3000/onboarding, sv: 0.1.3, sdkn: @vercel/analytics/next, sdkv: 2.0.1, ts: 1785001997031} /_vercel/insights/view @ http://localhost:3000/_next/static/chunks/node_modules_next_dist_1ybzpk2._.js:2477
[  309979ms] [LOG] %c[Vercel Web Analytics]%c [view] http://localhost:3000/dashboard color: rgb(120, 120, 120) color: inherit {o: http://localhost:3000/dashboard, sv: 0.1.3, sdkn: @vercel/analytics/next, sdkv: 2.0.1, ts: 1785001997112} /_vercel/insights/view @ http://localhost:3000/_next/static/chunks/node_modules_next_dist_1ybzpk2._.js:2477
[  310311ms] [LOG] %c[Vercel Web Analytics]%c [view] http://localhost:3000/onboarding color: rgb(120, 120, 120) color: inherit {o: http://localhost:3000/onboarding, sv: 0.1.3, sdkn: @vercel/analytics/next, sdkv: 2.0.1, ts: 1785001997444} /_vercel/insights/view @ http://localhost:3000/_next/static/chunks/node_modules_next_dist_1ybzpk2._.js:2477
[  310397ms] [LOG] %c[Vercel Web Analytics]%c [view] http://localhost:3000/dashboard color: rgb(120, 120, 120) color: inherit {o: http://localhost:3000/dashboard, sv: 0.1.3, sdkn: @vercel/analytics/next, sdkv: 2.0.1, ts: 1785001997529} /_vercel/insights/view @ http://localhost:3000/_next/static/chunks/node_modules_next_dist_1ybzpk2._.js:2477
[  310728ms] [LOG] %c[Vercel Web Analytics]%c [view] http://localhost:3000/onboarding color: rgb(120, 120, 120) color: inherit {o: http://localhost:3000/onboarding, sv: 0.1.3, sdkn: @vercel/analytics/next, sdkv: 2.0.1, ts: 1785001997861} /_vercel/insights/view @ http://localhost:3000/_next/static/chunks/node_modules_next_dist_1ybzpk2._.js:2477
[  310819ms] [LOG] %c[Vercel Web Analytics]%c [view] http://localhost:3000/dashboard color: rgb(120, 120, 120) color: inherit {o: http://localhost:3000/dashboard, sv: 0.1.3, sdkn: @vercel/analytics/next, sdkv: 2.0.1, ts: 1785001997952} /_vercel/insights/view @ http://localhost:3000/_next/static/chunks/node_modules_next_dist_1ybzpk2._.js:2477
[  311158ms] [LOG] %c[Vercel Web Analytics]%c [view] http://localhost:3000/onboarding color: rgb(120, 120, 120) color: inherit {o: http://localhost:3000/onboarding, sv: 0.1.3, sdkn: @vercel/analytics/next, sdkv: 2.0.1, ts: 1785001998290} /_vercel/insights/view @ http://localhost:3000/_next/static/chunks/node_modules_next_dist_1ybzpk2._.js:2477
[  311232ms] [LOG] %c[Vercel Web Analytics]%c [view] http://localhost:3000/dashboard color: rgb(120, 120, 120) color: inherit {o: http://localhost:3000/dashboard, sv: 0.1.3, sdkn: @vercel/analytics/next, sdkv: 2.0.1, ts: 1785001998364} /_vercel/insights/view @ http://localhost:3000/_next/static/chunks/node_modules_next_dist_1ybzpk2._.js:2477
[  311572ms] [LOG] %c[Vercel Web Analytics]%c [view] http://localhost:3000/onboarding color: rgb(120, 120, 120) color: inherit {o: http://localhost:3000/onboarding, sv: 0.1.3, sdkn: @vercel/analytics/next, sdkv: 2.0.1, ts: 1785001998705} /_vercel/insights/view @ http://localhost:3000/_next/static/chunks/node_modules_next_dist_1ybzpk2._.js:2477
[  311666ms] [LOG] %c[Vercel Web Analytics]%c [view] http://localhost:3000/dashboard color: rgb(120, 120, 120) color: inherit {o: http://localhost:3000/dashboard, sv: 0.1.3, sdkn: @vercel/analytics/next, sdkv: 2.0.1, ts: 1785001998798} /_vercel/insights/view @ http://localhost:3000/_next/static/chunks/node_modules_next_dist_1ybzpk2._.js:2477
[  312014ms] [LOG] %c[Vercel Web Analytics]%c [view] http://localhost:3000/onboarding color: rgb(120, 120, 120) color: inherit {o: http://localhost:3000/onboarding, sv: 0.1.3, sdkn: @vercel/analytics/next, sdkv: 2.0.1, ts: 1785001999146} /_vercel/insights/view @ http://localhost:3000/_next/static/chunks/node_modules_next_dist_1ybzpk2._.js:2477
[  312143ms] [LOG] %c[Vercel Web Analytics]%c [view] http://localhost:3000/dashboard color: rgb(120, 120, 120) color: inherit {o: http://localhost:3000/dashboard, sv: 0.1.3, sdkn: @vercel/analytics/next, sdkv: 2.0.1, ts: 1785001999275} /_vercel/insights/view @ http://localhost:3000/_next/static/chunks/node_modules_next_dist_1ybzpk2._.js:2477
[  312355ms] [LOG] [Fast Refresh] rebuilding @ http://localhost:3000/_next/static/chunks/node_modules_next_dist_1ybzpk2._.js:2477
[  313349ms] [LOG] [Fast Refresh] done in 1031ms @ http://localhost:3000/_next/static/chunks/node_modules_next_dist_1ybzpk2._.js:2477
[  314148ms] [LOG] %c[Vercel Web Analytics]%c [view] http://localhost:3000/onboarding color: rgb(120, 120, 120) color: inherit {o: http://localhost:3000/onboarding, sv: 0.1.3, sdkn: @vercel/analytics/next, sdkv: 2.0.1, ts: 1785002001280} /_vercel/insights/view @ http://localhost:3000/_next/static/chunks/node_modules_next_dist_1ybzpk2._.js:2477
[  314253ms] [LOG] %c[Vercel Web Analytics]%c [view] http://localhost:3000/dashboard color: rgb(120, 120, 120) color: inherit {o: http://localhost:3000/dashboard, sv: 0.1.3, sdkn: @vercel/analytics/next, sdkv: 2.0.1, ts: 1785002001386} /_vercel/insights/view @ http://localhost:3000/_next/static/chunks/node_modules_next_dist_1ybzpk2._.js:2477
[  314582ms] [LOG] %c[Vercel Web Analytics]%c [view] http://localhost:3000/onboarding color: rgb(120, 120, 120) color: inherit {o: http://localhost:3000/onboarding, sv: 0.1.3, sdkn: @vercel/analytics/next, sdkv: 2.0.1, ts: 1785002001715} /_vercel/insights/view @ http://localhost:3000/_next/static/chunks/node_modules_next_dist_1ybzpk2._.js:2477
[  314727ms] [LOG] %c[Vercel Web Analytics]%c [view] http://localhost:3000/dashboard color: rgb(120, 120, 120) color: inherit {o: http://localhost:3000/dashboard, sv: 0.1.3, sdkn: @vercel/analytics/next, sdkv: 2.0.1, ts: 1785002001859} /_vercel/insights/view @ http://localhost:3000/_next/static/chunks/node_modules_next_dist_1ybzpk2._.js:2477
[  315087ms] [LOG] %c[Vercel Web Analytics]%c [view] http://localhost:3000/onboarding color: rgb(120, 120, 120) color: inherit {o: http://localhost:3000/onboarding, sv: 0.1.3, sdkn: @vercel/analytics/next, sdkv: 2.0.1, ts: 1785002002220} /_vercel/insights/view @ http://localhost:3000/_next/static/chunks/node_modules_next_dist_1ybzpk2._.js:2477
[  315162ms] [LOG] %c[Vercel Web Analytics]%c [view] http://localhost:3000/dashboard color: rgb(120, 120, 120) color: inherit {o: http://localhost:3000/dashboard, sv: 0.1.3, sdkn: @vercel/analytics/next, sdkv: 2.0.1, ts: 1785002002295} /_vercel/insights/view @ http://localhost:3000/_next/static/chunks/node_modules_next_dist_1ybzpk2._.js:2477
[  315505ms] [LOG] %c[Vercel Web Analytics]%c [view] http://localhost:3000/onboarding color: rgb(120, 120, 120) color: inherit {o: http://localhost:3000/onboarding, sv: 0.1.3, sdkn: @vercel/analytics/next, sdkv: 2.0.1, ts: 1785002002637} /_vercel/insights/view @ http://localhost:3000/_next/static/chunks/node_modules_next_dist_1ybzpk2._.js:2477
[  315584ms] [LOG] %c[Vercel Web Analytics]%c [view] http://localhost:3000/dashboard color: rgb(120, 120, 120) color: inherit {o: http://localhost:3000/dashboard, sv: 0.1.3, sdkn: @vercel/analytics/next, sdkv: 2.0.1, ts: 1785002002716} /_vercel/insights/view @ http://localhost:3000/_next/static/chunks/node_modules_next_dist_1ybzpk2._.js:2477
[  315925ms] [LOG] %c[Vercel Web Analytics]%c [view] http://localhost:3000/onboarding color: rgb(120, 120, 120) color: inherit {o: http://localhost:3000/onboarding, sv: 0.1.3, sdkn: @vercel/analytics/next, sdkv: 2.0.1, ts: 1785002003057} /_vercel/insights/view @ http://localhost:3000/_next/static/chunks/node_modules_next_dist_1ybzpk2._.js:2477
[  316000ms] [LOG] %c[Vercel Web Analytics]%c [view] http://localhost:3000/dashboard color: rgb(120, 120, 120) color: inherit {o: http://localhost:3000/dashboard, sv: 0.1.3, sdkn: @vercel/analytics/next, sdkv: 2.0.1, ts: 1785002003133} /_vercel/insights/view @ http://localhost:3000/_next/static/chunks/node_modules_next_dist_1ybzpk2._.js:2477
[  316045ms] [LOG] [Fast Refresh] rebuilding @ http://localhost:3000/_next/static/chunks/node_modules_next_dist_1ybzpk2._.js:2477
[  316056ms] [LOG] [Fast Refresh] done in 112ms @ http://localhost:3000/_next/static/chunks/node_modules_next_dist_1ybzpk2._.js:2477
[  316352ms] [LOG] %c[Vercel Web Analytics]%c [view] http://localhost:3000/onboarding color: rgb(120, 120, 120) color: inherit {o: http://localhost:3000/onboarding, sv: 0.1.3, sdkn: @vercel/analytics/next, sdkv: 2.0.1, ts: 1785002003484} /_vercel/insights/view @ http://localhost:3000/_next/static/chunks/node_modules_next_dist_1ybzpk2._.js:2477
[  316447ms] [LOG] %c[Vercel Web Analytics]%c [view] http://localhost:3000/dashboard color: rgb(120, 120, 120) color: inherit {o: http://localhost:3000/dashboard, sv: 0.1.3, sdkn: @vercel/analytics/next, sdkv: 2.0.1, ts: 1785002003580} /_vercel/insights/view @ http://localhost:3000/_next/static/chunks/node_modules_next_dist_1ybzpk2._.js:2477
[  316524ms] [LOG] [Fast Refresh] rebuilding @ http://localhost:3000/_next/static/chunks/node_modules_next_dist_1ybzpk2._.js:2477
[  316541ms] [LOG] [Fast Refresh] done in 117ms @ http://localhost:3000/_next/static/chunks/node_modules_next_dist_1ybzpk2._.js:2477
[  316764ms] [LOG] %c[Vercel Web Analytics]%c [view] http://localhost:3000/onboarding color: rgb(120, 120, 120) color: inherit {o: http://localhost:3000/onboarding, sv: 0.1.3, sdkn: @vercel/analytics/next, sdkv: 2.0.1, ts: 1785002003896} /_vercel/insights/view @ http://localhost:3000/_next/static/chunks/node_modules_next_dist_1ybzpk2._.js:2477
[  316879ms] [LOG] %c[Vercel Web Analytics]%c [view] http://localhost:3000/dashboard color: rgb(120, 120, 120) color: inherit {o: http://localhost:3000/dashboard, sv: 0.1.3, sdkn: @vercel/analytics/next, sdkv: 2.0.1, ts: 1785002004012} /_vercel/insights/view @ http://localhost:3000/_next/static/chunks/node_modules_next_dist_1ybzpk2._.js:2477
[  317222ms] [LOG] %c[Vercel Web Analytics]%c [view] http://localhost:3000/onboarding color: rgb(120, 120, 120) color: inherit {o: http://localhost:3000/onboarding, sv: 0.1.3, sdkn: @vercel/analytics/next, sdkv: 2.0.1, ts: 1785002004354} /_vercel/insights/view @ http://localhost:3000/_next/static/chunks/node_modules_next_dist_1ybzpk2._.js:2477
[  317289ms] [LOG] %c[Vercel Web Analytics]%c [view] http://localhost:3000/dashboard color: rgb(120, 120, 120) color: inherit {o: http://localhost:3000/dashboard, sv: 0.1.3, sdkn: @vercel/analytics/next, sdkv: 2.0.1, ts: 1785002004422} /_vercel/insights/view @ http://localhost:3000/_next/static/chunks/node_modules_next_dist_1ybzpk2._.js:2477
[  317623ms] [LOG] %c[Vercel Web Analytics]%c [view] http://localhost:3000/onboarding color: rgb(120, 120, 120) color: inherit {o: http://localhost:3000/onboarding, sv: 0.1.3, sdkn: @vercel/analytics/next, sdkv: 2.0.1, ts: 1785002004756} /_vercel/insights/view @ http://localhost:3000/_next/static/chunks/node_modules_next_dist_1ybzpk2._.js:2477
[  317701ms] [LOG] %c[Vercel Web Analytics]%c [view] http://localhost:3000/dashboard color: rgb(120, 120, 120) color: inherit {o: http://localhost:3000/dashboard, sv: 0.1.3, sdkn: @vercel/analytics/next, sdkv: 2.0.1, ts: 1785002004834} /_vercel/insights/view @ http://localhost:3000/_next/static/chunks/node_modules_next_dist_1ybzpk2._.js:2477
[  317743ms] [LOG] [Fast Refresh] rebuilding @ http://localhost:3000/_next/static/chunks/node_modules_next_dist_1ybzpk2._.js:2477
[  317758ms] [LOG] [Fast Refresh] done in 116ms @ http://localhost:3000/_next/static/chunks/node_modules_next_dist_1ybzpk2._.js:2477
[  318039ms] [LOG] %c[Vercel Web Analytics]%c [view] http://localhost:3000/onboarding color: rgb(120, 120, 120) color: inherit {o: http://localhost:3000/onboarding, sv: 0.1.3, sdkn: @vercel/analytics/next, sdkv: 2.0.1, ts: 1785002005172} /_vercel/insights/view @ http://localhost:3000/_next/static/chunks/node_modules_next_dist_1ybzpk2._.js:2477
[  318123ms] [LOG] %c[Vercel Web Analytics]%c [view] http://localhost:3000/dashboard color: rgb(120, 120, 120) color: inherit {o: http://localhost:3000/dashboard, sv: 0.1.3, sdkn: @vercel/analytics/next, sdkv: 2.0.1, ts: 1785002005256} /_vercel/insights/view @ http://localhost:3000/_next/static/chunks/node_modules_next_dist_1ybzpk2._.js:2477
[  318468ms] [LOG] %c[Vercel Web Analytics]%c [view] http://localhost:3000/onboarding color: rgb(120, 120, 120) color: inherit {o: http://localhost:3000/onboarding, sv: 0.1.3, sdkn: @vercel/analytics/next, sdkv: 2.0.1, ts: 1785002005601} /_vercel/insights/view @ http://localhost:3000/_next/static/chunks/node_modules_next_dist_1ybzpk2._.js:2477
[  318551ms] [LOG] %c[Vercel Web Analytics]%c [view] http://localhost:3000/dashboard color: rgb(120, 120, 120) color: inherit {o: http://localhost:3000/dashboard, sv: 0.1.3, sdkn: @vercel/analytics/next, sdkv: 2.0.1, ts: 1785002005683} /_vercel/insights/view @ http://localhost:3000/_next/static/chunks/node_modules_next_dist_1ybzpk2._.js:2477
[  318626ms] [LOG] [Fast Refresh] rebuilding @ http://localhost:3000/_next/static/chunks/node_modules_next_dist_1ybzpk2._.js:2477
[  318645ms] [LOG] [Fast Refresh] done in 119ms @ http://localhost:3000/_next/static/chunks/node_modules_next_dist_1ybzpk2._.js:2477
[  318877ms] [LOG] %c[Vercel Web Analytics]%c [view] http://localhost:3000/onboarding color: rgb(120, 120, 120) color: inherit {o: http://localhost:3000/onboarding, sv: 0.1.3, sdkn: @vercel/analytics/next, sdkv: 2.0.1, ts: 1785002006010} /_vercel/insights/view @ http://localhost:3000/_next/static/chunks/node_modules_next_dist_1ybzpk2._.js:2477
[  318950ms] [LOG] %c[Vercel Web Analytics]%c [view] http://localhost:3000/dashboard color: rgb(120, 120, 120) color: inherit {o: http://localhost:3000/dashboard, sv: 0.1.3, sdkn: @vercel/analytics/next, sdkv: 2.0.1, ts: 1785002006083} /_vercel/insights/view @ http://localhost:3000/_next/static/chunks/node_modules_next_dist_1ybzpk2._.js:2477
[  319289ms] [LOG] %c[Vercel Web Analytics]%c [view] http://localhost:3000/onboarding color: rgb(120, 120, 120) color: inherit {o: http://localhost:3000/onboarding, sv: 0.1.3, sdkn: @vercel/analytics/next, sdkv: 2.0.1, ts: 1785002006422} /_vercel/insights/view @ http://localhost:3000/_next/static/chunks/node_modules_next_dist_1ybzpk2._.js:2477
[  319363ms] [LOG] %c[Vercel Web Analytics]%c [view] http://localhost:3000/dashboard color: rgb(120, 120, 120) color: inherit {o: http://localhost:3000/dashboard, sv: 0.1.3, sdkn: @vercel/analytics/next, sdkv: 2.0.1, ts: 1785002006496} /_vercel/insights/view @ http://localhost:3000/_next/static/chunks/node_modules_next_dist_1ybzpk2._.js:2477
[  319686ms] [LOG] %c[Vercel Web Analytics]%c [view] http://localhost:3000/onboarding color: rgb(120, 120, 120) color: inherit {o: http://localhost:3000/onboarding, sv: 0.1.3, sdkn: @vercel/analytics/next, sdkv: 2.0.1, ts: 1785002006819} /_vercel/insights/view @ http://localhost:3000/_next/static/chunks/node_modules_next_dist_1ybzpk2._.js:2477
[  319778ms] [LOG] %c[Vercel Web Analytics]%c [view] http://localhost:3000/dashboard color: rgb(120, 120, 120) color: inherit {o: http://localhost:3000/dashboard, sv: 0.1.3, sdkn: @vercel/analytics/next, sdkv: 2.0.1, ts: 1785002006910} /_vercel/insights/view @ http://localhost:3000/_next/static/chunks/node_modules_next_dist_1ybzpk2._.js:2477
[  320114ms] [LOG] %c[Vercel Web Analytics]%c [view] http://localhost:3000/onboarding color: rgb(120, 120, 120) color: inherit {o: http://localhost:3000/onboarding, sv: 0.1.3, sdkn: @vercel/analytics/next, sdkv: 2.0.1, ts: 1785002007247} /_vercel/insights/view @ http://localhost:3000/_next/static/chunks/node_modules_next_dist_1ybzpk2._.js:2477
[  320209ms] [LOG] %c[Vercel Web Analytics]%c [view] http://localhost:3000/dashboard color: rgb(120, 120, 120) color: inherit {o: http://localhost:3000/dashboard, sv: 0.1.3, sdkn: @vercel/analytics/next, sdkv: 2.0.1, ts: 1785002007342} /_vercel/insights/view @ http://localhost:3000/_next/static/chunks/node_modules_next_dist_1ybzpk2._.js:2477
[  320551ms] [LOG] %c[Vercel Web Analytics]%c [view] http://localhost:3000/onboarding color: rgb(120, 120, 120) color: inherit {o: http://localhost:3000/onboarding, sv: 0.1.3, sdkn: @vercel/analytics/next, sdkv: 2.0.1, ts: 1785002007684} /_vercel/insights/view @ http://localhost:3000/_next/static/chunks/node_modules_next_dist_1ybzpk2._.js:2477
[  320633ms] [LOG] %c[Vercel Web Analytics]%c [view] http://localhost:3000/dashboard color: rgb(120, 120, 120) color: inherit {o: http://localhost:3000/dashboard, sv: 0.1.3, sdkn: @vercel/analytics/next, sdkv: 2.0.1, ts: 1785002007766} /_vercel/insights/view @ http://localhost:3000/_next/static/chunks/node_modules_next_dist_1ybzpk2._.js:2477
[  320971ms] [LOG] %c[Vercel Web Analytics]%c [view] http://localhost:3000/onboarding color: rgb(120, 120, 120) color: inherit {o: http://localhost:3000/onboarding, sv: 0.1.3, sdkn: @vercel/analytics/next, sdkv: 2.0.1, ts: 1785002008104} /_vercel/insights/view @ http://localhost:3000/_next/static/chunks/node_modules_next_dist_1ybzpk2._.js:2477
[  321079ms] [LOG] %c[Vercel Web Analytics]%c [view] http://localhost:3000/dashboard color: rgb(120, 120, 120) color: inherit {o: http://localhost:3000/dashboard, sv: 0.1.3, sdkn: @vercel/analytics/next, sdkv: 2.0.1, ts: 1785002008212} /_vercel/insights/view @ http://localhost:3000/_next/static/chunks/node_modules_next_dist_1ybzpk2._.js:2477
[  321424ms] [LOG] %c[Vercel Web Analytics]%c [view] http://localhost:3000/onboarding color: rgb(120, 120, 120) color: inherit {o: http://localhost:3000/onboarding, sv: 0.1.3, sdkn: @vercel/analytics/next, sdkv: 2.0.1, ts: 1785002008557} /_vercel/insights/view @ http://localhost:3000/_next/static/chunks/node_modules_next_dist_1ybzpk2._.js:2477
[  321519ms] [LOG] %c[Vercel Web Analytics]%c [view] http://localhost:3000/dashboard color: rgb(120, 120, 120) color: inherit {o: http://localhost:3000/dashboard, sv: 0.1.3, sdkn: @vercel/analytics/next, sdkv: 2.0.1, ts: 1785002008652} /_vercel/insights/view @ http://localhost:3000/_next/static/chunks/node_modules_next_dist_1ybzpk2._.js:2477
[  321881ms] [LOG] %c[Vercel Web Analytics]%c [view] http://localhost:3000/onboarding color: rgb(120, 120, 120) color: inherit {o: http://localhost:3000/onboarding, sv: 0.1.3, sdkn: @vercel/analytics/next, sdkv: 2.0.1, ts: 1785002009012} /_vercel/insights/view @ http://localhost:3000/_next/static/chunks/node_modules_next_dist_1ybzpk2._.js:2477
[  321998ms] [LOG] %c[Vercel Web Analytics]%c [view] http://localhost:3000/dashboard color: rgb(120, 120, 120) color: inherit {o: http://localhost:3000/dashboard, sv: 0.1.3, sdkn: @vercel/analytics/next, sdkv: 2.0.1, ts: 1785002009130} /_vercel/insights/view @ http://localhost:3000/_next/static/chunks/node_modules_next_dist_1ybzpk2._.js:2477
[  322348ms] [LOG] %c[Vercel Web Analytics]%c [view] http://localhost:3000/onboarding color: rgb(120, 120, 120) color: inherit {o: http://localhost:3000/onboarding, sv: 0.1.3, sdkn: @vercel/analytics/next, sdkv: 2.0.1, ts: 1785002009480} /_vercel/insights/view @ http://localhost:3000/_next/static/chunks/node_modules_next_dist_1ybzpk2._.js:2477
[  322443ms] [LOG] %c[Vercel Web Analytics]%c [view] http://localhost:3000/dashboard color: rgb(120, 120, 120) color: inherit {o: http://localhost:3000/dashboard, sv: 0.1.3, sdkn: @vercel/analytics/next, sdkv: 2.0.1, ts: 1785002009575} /_vercel/insights/view @ http://localhost:3000/_next/static/chunks/node_modules_next_dist_1ybzpk2._.js:2477
[  322799ms] [LOG] %c[Vercel Web Analytics]%c [view] http://localhost:3000/onboarding color: rgb(120, 120, 120) color: inherit {o: http://localhost:3000/onboarding, sv: 0.1.3, sdkn: @vercel/analytics/next, sdkv: 2.0.1, ts: 1785002009932} /_vercel/insights/view @ http://localhost:3000/_next/static/chunks/node_modules_next_dist_1ybzpk2._.js:2477
[  322919ms] [LOG] %c[Vercel Web Analytics]%c [view] http://localhost:3000/dashboard color: rgb(120, 120, 120) color: inherit {o: http://localhost:3000/dashboard, sv: 0.1.3, sdkn: @vercel/analytics/next, sdkv: 2.0.1, ts: 1785002010051} /_vercel/insights/view @ http://localhost:3000/_next/static/chunks/node_modules_next_dist_1ybzpk2._.js:2477
[  323296ms] [LOG] %c[Vercel Web Analytics]%c [view] http://localhost:3000/onboarding color: rgb(120, 120, 120) color: inherit {o: http://localhost:3000/onboarding, sv: 0.1.3, sdkn: @vercel/analytics/next, sdkv: 2.0.1, ts: 1785002010427} /_vercel/insights/view @ http://localhost:3000/_next/static/chunks/node_modules_next_dist_1ybzpk2._.js:2477
[  323393ms] [LOG] %c[Vercel Web Analytics]%c [view] http://localhost:3000/dashboard color: rgb(120, 120, 120) color: inherit {o: http://localhost:3000/dashboard, sv: 0.1.3, sdkn: @vercel/analytics/next, sdkv: 2.0.1, ts: 1785002010526} /_vercel/insights/view @ http://localhost:3000/_next/static/chunks/node_modules_next_dist_1ybzpk2._.js:2477
[  323734ms] [LOG] %c[Vercel Web Analytics]%c [view] http://localhost:3000/onboarding color: rgb(120, 120, 120) color: inherit {o: http://localhost:3000/onboarding, sv: 0.1.3, sdkn: @vercel/analytics/next, sdkv: 2.0.1, ts: 1785002010867} /_vercel/insights/view @ http://localhost:3000/_next/static/chunks/node_modules_next_dist_1ybzpk2._.js:2477
[  323833ms] [LOG] %c[Vercel Web Analytics]%c [view] http://localhost:3000/dashboard color: rgb(120, 120, 120) color: inherit {o: http://localhost:3000/dashboard, sv: 0.1.3, sdkn: @vercel/analytics/next, sdkv: 2.0.1, ts: 1785002010966} /_vercel/insights/view @ http://localhost:3000/_next/static/chunks/node_modules_next_dist_1ybzpk2._.js:2477
[  324188ms] [LOG] %c[Vercel Web Analytics]%c [view] http://localhost:3000/onboarding color: rgb(120, 120, 120) color: inherit {o: http://localhost:3000/onboarding, sv: 0.1.3, sdkn: @vercel/analytics/next, sdkv: 2.0.1, ts: 1785002011319} /_vercel/insights/view @ http://localhost:3000/_next/static/chunks/node_modules_next_dist_1ybzpk2._.js:2477
[  324288ms] [LOG] %c[Vercel Web Analytics]%c [view] http://localhost:3000/dashboard color: rgb(120, 120, 120) color: inherit {o: http://localhost:3000/dashboard, sv: 0.1.3, sdkn: @vercel/analytics/next, sdkv: 2.0.1, ts: 1785002011421} /_vercel/insights/view @ http://localhost:3000/_next/static/chunks/node_modules_next_dist_1ybzpk2._.js:2477
[  324629ms] [LOG] %c[Vercel Web Analytics]%c [view] http://localhost:3000/onboarding color: rgb(120, 120, 120) color: inherit {o: http://localhost:3000/onboarding, sv: 0.1.3, sdkn: @vercel/analytics/next, sdkv: 2.0.1, ts: 1785002011761} /_vercel/insights/view @ http://localhost:3000/_next/static/chunks/node_modules_next_dist_1ybzpk2._.js:2477
[  324731ms] [LOG] %c[Vercel Web Analytics]%c [view] http://localhost:3000/dashboard color: rgb(120, 120, 120) color: inherit {o: http://localhost:3000/dashboard, sv: 0.1.3, sdkn: @vercel/analytics/next, sdkv: 2.0.1, ts: 1785002011863} /_vercel/insights/view @ http://localhost:3000/_next/static/chunks/node_modules_next_dist_1ybzpk2._.js:2477
[  325082ms] [LOG] %c[Vercel Web Analytics]%c [view] http://localhost:3000/onboarding color: rgb(120, 120, 120) color: inherit {o: http://localhost:3000/onboarding, sv: 0.1.3, sdkn: @vercel/analytics/next, sdkv: 2.0.1, ts: 1785002012215} /_vercel/insights/view @ http://localhost:3000/_next/static/chunks/node_modules_next_dist_1ybzpk2._.js:2477
[  325176ms] [LOG] %c[Vercel Web Analytics]%c [view] http://localhost:3000/dashboard color: rgb(120, 120, 120) color: inherit {o: http://localhost:3000/dashboard, sv: 0.1.3, sdkn: @vercel/analytics/next, sdkv: 2.0.1, ts: 1785002012308} /_vercel/insights/view @ http://localhost:3000/_next/static/chunks/node_modules_next_dist_1ybzpk2._.js:2477
[  325250ms] [LOG] [Fast Refresh] rebuilding @ http://localhost:3000/_next/static/chunks/node_modules_next_dist_1ybzpk2._.js:2477
[  325269ms] [LOG] [Fast Refresh] done in 119ms @ http://localhost:3000/_next/static/chunks/node_modules_next_dist_1ybzpk2._.js:2477
[  325498ms] [LOG] %c[Vercel Web Analytics]%c [view] http://localhost:3000/onboarding color: rgb(120, 120, 120) color: inherit {o: http://localhost:3000/onboarding, sv: 0.1.3, sdkn: @vercel/analytics/next, sdkv: 2.0.1, ts: 1785002012631} /_vercel/insights/view @ http://localhost:3000/_next/static/chunks/node_modules_next_dist_1ybzpk2._.js:2477
[  325603ms] [LOG] %c[Vercel Web Analytics]%c [view] http://localhost:3000/dashboard color: rgb(120, 120, 120) color: inherit {o: http://localhost:3000/dashboard, sv: 0.1.3, sdkn: @vercel/analytics/next, sdkv: 2.0.1, ts: 1785002012736} /_vercel/insights/view @ http://localhost:3000/_next/static/chunks/node_modules_next_dist_1ybzpk2._.js:2477
[  325935ms] [LOG] %c[Vercel Web Analytics]%c [view] http://localhost:3000/onboarding color: rgb(120, 120, 120) color: inherit {o: http://localhost:3000/onboarding, sv: 0.1.3, sdkn: @vercel/analytics/next, sdkv: 2.0.1, ts: 1785002013067} /_vercel/insights/view @ http://localhost:3000/_next/static/chunks/node_modules_next_dist_1ybzpk2._.js:2477
[  326019ms] [LOG] %c[Vercel Web Analytics]%c [view] http://localhost:3000/dashboard color: rgb(120, 120, 120) color: inherit {o: http://localhost:3000/dashboard, sv: 0.1.3, sdkn: @vercel/analytics/next, sdkv: 2.0.1, ts: 1785002013152} /_vercel/insights/view @ http://localhost:3000/_next/static/chunks/node_modules_next_dist_1ybzpk2._.js:2477
[  326358ms] [LOG] %c[Vercel Web Analytics]%c [view] http://localhost:3000/onboarding color: rgb(120, 120, 120) color: inherit {o: http://localhost:3000/onboarding, sv: 0.1.3, sdkn: @vercel/analytics/next, sdkv: 2.0.1, ts: 1785002013490} /_vercel/insights/view @ http://localhost:3000/_next/static/chunks/node_modules_next_dist_1ybzpk2._.js:2477
[  326439ms] [LOG] %c[Vercel Web Analytics]%c [view] http://localhost:3000/dashboard color: rgb(120, 120, 120) color: inherit {o: http://localhost:3000/dashboard, sv: 0.1.3, sdkn: @vercel/analytics/next, sdkv: 2.0.1, ts: 1785002013571} /_vercel/insights/view @ http://localhost:3000/_next/static/chunks/node_modules_next_dist_1ybzpk2._.js:2477
[  326471ms] [LOG] [Fast Refresh] rebuilding @ http://localhost:3000/_next/static/chunks/node_modules_next_dist_1ybzpk2._.js:2477
[  326535ms] [LOG] [Fast Refresh] done in 165ms @ http://localhost:3000/_next/static/chunks/node_modules_next_dist_1ybzpk2._.js:2477
[  326772ms] [LOG] %c[Vercel Web Analytics]%c [view] http://localhost:3000/onboarding color: rgb(120, 120, 120) color: inherit {o: http://localhost:3000/onboarding, sv: 0.1.3, sdkn: @vercel/analytics/next, sdkv: 2.0.1, ts: 1785002013905} /_vercel/insights/view @ http://localhost:3000/_next/static/chunks/node_modules_next_dist_1ybzpk2._.js:2477
[  326864ms] [LOG] %c[Vercel Web Analytics]%c [view] http://localhost:3000/dashboard color: rgb(120, 120, 120) color: inherit {o: http://localhost:3000/dashboard, sv: 0.1.3, sdkn: @vercel/analytics/next, sdkv: 2.0.1, ts: 1785002013996} /_vercel/insights/view @ http://localhost:3000/_next/static/chunks/node_modules_next_dist_1ybzpk2._.js:2477
[  327218ms] [LOG] %c[Vercel Web Analytics]%c [view] http://localhost:3000/onboarding color: rgb(120, 120, 120) color: inherit {o: http://localhost:3000/onboarding, sv: 0.1.3, sdkn: @vercel/analytics/next, sdkv: 2.0.1, ts: 1785002014350} /_vercel/insights/view @ http://localhost:3000/_next/static/chunks/node_modules_next_dist_1ybzpk2._.js:2477
[  327328ms] [LOG] %c[Vercel Web Analytics]%c [view] http://localhost:3000/dashboard color: rgb(120, 120, 120) color: inherit {o: http://localhost:3000/dashboard, sv: 0.1.3, sdkn: @vercel/analytics/next, sdkv: 2.0.1, ts: 1785002014460} /_vercel/insights/view @ http://localhost:3000/_next/static/chunks/node_modules_next_dist_1ybzpk2._.js:2477
[  327673ms] [LOG] %c[Vercel Web Analytics]%c [view] http://localhost:3000/onboarding color: rgb(120, 120, 120) color: inherit {o: http://localhost:3000/onboarding, sv: 0.1.3, sdkn: @vercel/analytics/next, sdkv: 2.0.1, ts: 1785002014806} /_vercel/insights/view @ http://localhost:3000/_next/static/chunks/node_modules_next_dist_1ybzpk2._.js:2477
[  327767ms] [LOG] %c[Vercel Web Analytics]%c [view] http://localhost:3000/dashboard color: rgb(120, 120, 120) color: inherit {o: http://localhost:3000/dashboard, sv: 0.1.3, sdkn: @vercel/analytics/next, sdkv: 2.0.1, ts: 1785002014900} /_vercel/insights/view @ http://localhost:3000/_next/static/chunks/node_modules_next_dist_1ybzpk2._.js:2477
[  327845ms] [LOG] [Fast Refresh] rebuilding @ http://localhost:3000/_next/static/chunks/node_modules_next_dist_1ybzpk2._.js:2477
[  327863ms] [LOG] [Fast Refresh] done in 119ms @ http://localhost:3000/_next/static/chunks/node_modules_next_dist_1ybzpk2._.js:2477
[  328089ms] [LOG] %c[Vercel Web Analytics]%c [view] http://localhost:3000/onboarding color: rgb(120, 120, 120) color: inherit {o: http://localhost:3000/onboarding, sv: 0.1.3, sdkn: @vercel/analytics/next, sdkv: 2.0.1, ts: 1785002015222} /_vercel/insights/view @ http://localhost:3000/_next/static/chunks/node_modules_next_dist_1ybzpk2._.js:2477
[  328173ms] [LOG] %c[Vercel Web Analytics]%c [view] http://localhost:3000/dashboard color: rgb(120, 120, 120) color: inherit {o: http://localhost:3000/dashboard, sv: 0.1.3, sdkn: @vercel/analytics/next, sdkv: 2.0.1, ts: 1785002015306} /_vercel/insights/view @ http://localhost:3000/_next/static/chunks/node_modules_next_dist_1ybzpk2._.js:2477
[  328251ms] [LOG] [Fast Refresh] rebuilding @ http://localhost:3000/_next/static/chunks/node_modules_next_dist_1ybzpk2._.js:2477
[  328253ms] [LOG] [Fast Refresh] done in 104ms @ http://localhost:3000/_next/static/chunks/node_modules_next_dist_1ybzpk2._.js:2477
[  328492ms] [LOG] %c[Vercel Web Analytics]%c [view] http://localhost:3000/onboarding color: rgb(120, 120, 120) color: inherit {o: http://localhost:3000/onboarding, sv: 0.1.3, sdkn: @vercel/analytics/next, sdkv: 2.0.1, ts: 1785002015625} /_vercel/insights/view @ http://localhost:3000/_next/static/chunks/node_modules_next_dist_1ybzpk2._.js:2477
[  328600ms] [LOG] %c[Vercel Web Analytics]%c [view] http://localhost:3000/dashboard color: rgb(120, 120, 120) color: inherit {o: http://localhost:3000/dashboard, sv: 0.1.3, sdkn: @vercel/analytics/next, sdkv: 2.0.1, ts: 1785002015732} /_vercel/insights/view @ http://localhost:3000/_next/static/chunks/node_modules_next_dist_1ybzpk2._.js:2477
[  328925ms] [LOG] [Fast Refresh] rebuilding @ http://localhost:3000/_next/static/chunks/node_modules_next_dist_1ybzpk2._.js:2477
[  328989ms] [LOG] %c[Vercel Web Analytics]%c [view] http://localhost:3000/onboarding color: rgb(120, 120, 120) color: inherit {o: http://localhost:3000/onboarding, sv: 0.1.3, sdkn: @vercel/analytics/next, sdkv: 2.0.1, ts: 1785002016122} /_vercel/insights/view @ http://localhost:3000/_next/static/chunks/node_modules_next_dist_1ybzpk2._.js:2477
[  329168ms] [LOG] %c[Vercel Web Analytics]%c [view] http://localhost:3000/dashboard color: rgb(120, 120, 120) color: inherit {o: http://localhost:3000/dashboard, sv: 0.1.3, sdkn: @vercel/analytics/next, sdkv: 2.0.1, ts: 1785002016300} /_vercel/insights/view @ http://localhost:3000/_next/static/chunks/node_modules_next_dist_1ybzpk2._.js:2477
[  329697ms] [LOG] [Fast Refresh] done in 857ms @ http://localhost:3000/_next/static/chunks/node_modules_next_dist_1ybzpk2._.js:2477
[  330344ms] [LOG] [Fast Refresh] rebuilding @ http://localhost:3000/_next/static/chunks/node_modules_next_dist_1ybzpk2._.js:2477
[  330536ms] [LOG] [Fast Refresh] done in 294ms @ http://localhost:3000/_next/static/chunks/node_modules_next_dist_1ybzpk2._.js:2477
[  330551ms] [LOG] %c[Vercel Web Analytics]%c [view] http://localhost:3000/onboarding color: rgb(120, 120, 120) color: inherit {o: http://localhost:3000/onboarding, sv: 0.1.3, sdkn: @vercel/analytics/next, sdkv: 2.0.1, ts: 1785002017683} /_vercel/insights/view @ http://localhost:3000/_next/static/chunks/node_modules_next_dist_1ybzpk2._.js:2477
[  330731ms] [LOG] [Fast Refresh] rebuilding @ http://localhost:3000/_next/static/chunks/node_modules_next_dist_1ybzpk2._.js:2477
[  330756ms] [LOG] [Fast Refresh] done in 125ms @ http://localhost:3000/_next/static/chunks/node_modules_next_dist_1ybzpk2._.js:2477
[  330798ms] [LOG] %c[Vercel Web Analytics]%c [view] http://localhost:3000/dashboard color: rgb(120, 120, 120) color: inherit {o: http://localhost:3000/dashboard, sv: 0.1.3, sdkn: @vercel/analytics/next, sdkv: 2.0.1, ts: 1785002017930} /_vercel/insights/view @ http://localhost:3000/_next/static/chunks/node_modules_next_dist_1ybzpk2._.js:2477
[  331952ms] [LOG] %c[Vercel Web Analytics]%c [view] http://localhost:3000/onboarding color: rgb(120, 120, 120) color: inherit {o: http://localhost:3000/onboarding, sv: 0.1.3, sdkn: @vercel/analytics/next, sdkv: 2.0.1, ts: 1785002019085} /_vercel/insights/view @ http://localhost:3000/_next/static/chunks/node_modules_next_dist_1ybzpk2._.js:2477
[  332050ms] [LOG] %c[Vercel Web Analytics]%c [view] http://localhost:3000/dashboard color: rgb(120, 120, 120) color: inherit {o: http://localhost:3000/dashboard, sv: 0.1.3, sdkn: @vercel/analytics/next, sdkv: 2.0.1, ts: 1785002019182} /_vercel/insights/view @ http://localhost:3000/_next/static/chunks/node_modules_next_dist_1ybzpk2._.js:2477
[  332447ms] [LOG] %c[Vercel Web Analytics]%c [view] http://localhost:3000/onboarding color: rgb(120, 120, 120) color: inherit {o: http://localhost:3000/onboarding, sv: 0.1.3, sdkn: @vercel/analytics/next, sdkv: 2.0.1, ts: 1785002019579} /_vercel/insights/view @ http://localhost:3000/_next/static/chunks/node_modules_next_dist_1ybzpk2._.js:2477
[  332622ms] [LOG] %c[Vercel Web Analytics]%c [view] http://localhost:3000/dashboard color: rgb(120, 120, 120) color: inherit {o: http://localhost:3000/dashboard, sv: 0.1.3, sdkn: @vercel/analytics/next, sdkv: 2.0.1, ts: 1785002019755} /_vercel/insights/view @ http://localhost:3000/_next/static/chunks/node_modules_next_dist_1ybzpk2._.js:2477
[  333087ms] [LOG] %c[Vercel Web Analytics]%c [view] http://localhost:3000/onboarding color: rgb(120, 120, 120) color: inherit {o: http://localhost:3000/onboarding, sv: 0.1.3, sdkn: @vercel/analytics/next, sdkv: 2.0.1, ts: 1785002020219} /_vercel/insights/view @ http://localhost:3000/_next/static/chunks/node_modules_next_dist_1ybzpk2._.js:2477
[  333249ms] [LOG] %c[Vercel Web Analytics]%c [view] http://localhost:3000/dashboard color: rgb(120, 120, 120) color: inherit {o: http://localhost:3000/dashboard, sv: 0.1.3, sdkn: @vercel/analytics/next, sdkv: 2.0.1, ts: 1785002020382} /_vercel/insights/view @ http://localhost:3000/_next/static/chunks/node_modules_next_dist_1ybzpk2._.js:2477
[  333610ms] [LOG] %c[Vercel Web Analytics]%c [view] http://localhost:3000/onboarding color: rgb(120, 120, 120) color: inherit {o: http://localhost:3000/onboarding, sv: 0.1.3, sdkn: @vercel/analytics/next, sdkv: 2.0.1, ts: 1785002020743} /_vercel/insights/view @ http://localhost:3000/_next/static/chunks/node_modules_next_dist_1ybzpk2._.js:2477
[  333743ms] [LOG] %c[Vercel Web Analytics]%c [view] http://localhost:3000/dashboard color: rgb(120, 120, 120) color: inherit {o: http://localhost:3000/dashboard, sv: 0.1.3, sdkn: @vercel/analytics/next, sdkv: 2.0.1, ts: 1785002020876} /_vercel/insights/view @ http://localhost:3000/_next/static/chunks/node_modules_next_dist_1ybzpk2._.js:2477
[  334130ms] [LOG] %c[Vercel Web Analytics]%c [view] http://localhost:3000/onboarding color: rgb(120, 120, 120) color: inherit {o: http://localhost:3000/onboarding, sv: 0.1.3, sdkn: @vercel/analytics/next, sdkv: 2.0.1, ts: 1785002021261} /_vercel/insights/view @ http://localhost:3000/_next/static/chunks/node_modules_next_dist_1ybzpk2._.js:2477
[  334178ms] [LOG] [Fast Refresh] rebuilding @ http://localhost:3000/_next/static/chunks/node_modules_next_dist_1ybzpk2._.js:2477
[  334202ms] [LOG] [Fast Refresh] done in 127ms @ http://localhost:3000/_next/static/chunks/node_modules_next_dist_1ybzpk2._.js:2477
[  334251ms] [LOG] %c[Vercel Web Analytics]%c [view] http://localhost:3000/dashboard color: rgb(120, 120, 120) color: inherit {o: http://localhost:3000/dashboard, sv: 0.1.3, sdkn: @vercel/analytics/next, sdkv: 2.0.1, ts: 1785002021383} /_vercel/insights/view @ http://localhost:3000/_next/static/chunks/node_modules_next_dist_1ybzpk2._.js:2477
[  334306ms] [LOG] [Fast Refresh] rebuilding @ http://localhost:3000/_next/static/chunks/node_modules_next_dist_1ybzpk2._.js:2477
[  334313ms] [LOG] [Fast Refresh] done in 107ms @ http://localhost:3000/_next/static/chunks/node_modules_next_dist_1ybzpk2._.js:2477
[  334603ms] [LOG] %c[Vercel Web Analytics]%c [view] http://localhost:3000/onboarding color: rgb(120, 120, 120) color: inherit {o: http://localhost:3000/onboarding, sv: 0.1.3, sdkn: @vercel/analytics/next, sdkv: 2.0.1, ts: 1785002021736} /_vercel/insights/view @ http://localhost:3000/_next/static/chunks/node_modules_next_dist_1ybzpk2._.js:2477
[  334722ms] [LOG] %c[Vercel Web Analytics]%c [view] http://localhost:3000/dashboard color: rgb(120, 120, 120) color: inherit {o: http://localhost:3000/dashboard, sv: 0.1.3, sdkn: @vercel/analytics/next, sdkv: 2.0.1, ts: 1785002021855} /_vercel/insights/view @ http://localhost:3000/_next/static/chunks/node_modules_next_dist_1ybzpk2._.js:2477
[  335095ms] [LOG] %c[Vercel Web Analytics]%c [view] http://localhost:3000/onboarding color: rgb(120, 120, 120) color: inherit {o: http://localhost:3000/onboarding, sv: 0.1.3, sdkn: @vercel/analytics/next, sdkv: 2.0.1, ts: 1785002022227} /_vercel/insights/view @ http://localhost:3000/_next/static/chunks/node_modules_next_dist_1ybzpk2._.js:2477
[  335194ms] [LOG] %c[Vercel Web Analytics]%c [view] http://localhost:3000/dashboard color: rgb(120, 120, 120) color: inherit {o: http://localhost:3000/dashboard, sv: 0.1.3, sdkn: @vercel/analytics/next, sdkv: 2.0.1, ts: 1785002022326} /_vercel/insights/view @ http://localhost:3000/_next/static/chunks/node_modules_next_dist_1ybzpk2._.js:2477
[  335561ms] [LOG] %c[Vercel Web Analytics]%c [view] http://localhost:3000/onboarding color: rgb(120, 120, 120) color: inherit {o: http://localhost:3000/onboarding, sv: 0.1.3, sdkn: @vercel/analytics/next, sdkv: 2.0.1, ts: 1785002022694} /_vercel/insights/view @ http://localhost:3000/_next/static/chunks/node_modules_next_dist_1ybzpk2._.js:2477
[  335662ms] [LOG] %c[Vercel Web Analytics]%c [view] http://localhost:3000/dashboard color: rgb(120, 120, 120) color: inherit {o: http://localhost:3000/dashboard, sv: 0.1.3, sdkn: @vercel/analytics/next, sdkv: 2.0.1, ts: 1785002022795} /_vercel/insights/view @ http://localhost:3000/_next/static/chunks/node_modules_next_dist_1ybzpk2._.js:2477
[  336042ms] [LOG] %c[Vercel Web Analytics]%c [view] http://localhost:3000/onboarding color: rgb(120, 120, 120) color: inherit {o: http://localhost:3000/onboarding, sv: 0.1.3, sdkn: @vercel/analytics/next, sdkv: 2.0.1, ts: 1785002023175} /_vercel/insights/view @ http://localhost:3000/_next/static/chunks/node_modules_next_dist_1ybzpk2._.js:2477
[  336155ms] [LOG] %c[Vercel Web Analytics]%c [view] http://localhost:3000/dashboard color: rgb(120, 120, 120) color: inherit {o: http://localhost:3000/dashboard, sv: 0.1.3, sdkn: @vercel/analytics/next, sdkv: 2.0.1, ts: 1785002023286} /_vercel/insights/view @ http://localhost:3000/_next/static/chunks/node_modules_next_dist_1ybzpk2._.js:2477
[  336554ms] [LOG] %c[Vercel Web Analytics]%c [view] http://localhost:3000/onboarding color: rgb(120, 120, 120) color: inherit {o: http://localhost:3000/onboarding, sv: 0.1.3, sdkn: @vercel/analytics/next, sdkv: 2.0.1, ts: 1785002023686} /_vercel/insights/view @ http://localhost:3000/_next/static/chunks/node_modules_next_dist_1ybzpk2._.js:2477
[  336659ms] [LOG] %c[Vercel Web Analytics]%c [view] http://localhost:3000/dashboard color: rgb(120, 120, 120) color: inherit {o: http://localhost:3000/dashboard, sv: 0.1.3, sdkn: @vercel/analytics/next, sdkv: 2.0.1, ts: 1785002023792} /_vercel/insights/view @ http://localhost:3000/_next/static/chunks/node_modules_next_dist_1ybzpk2._.js:2477
[  337041ms] [LOG] %c[Vercel Web Analytics]%c [view] http://localhost:3000/onboarding color: rgb(120, 120, 120) color: inherit {o: http://localhost:3000/onboarding, sv: 0.1.3, sdkn: @vercel/analytics/next, sdkv: 2.0.1, ts: 1785002024174} /_vercel/insights/view @ http://localhost:3000/_next/static/chunks/node_modules_next_dist_1ybzpk2._.js:2477
[  337180ms] [LOG] %c[Vercel Web Analytics]%c [view] http://localhost:3000/dashboard color: rgb(120, 120, 120) color: inherit {o: http://localhost:3000/dashboard, sv: 0.1.3, sdkn: @vercel/analytics/next, sdkv: 2.0.1, ts: 1785002024313} /_vercel/insights/view @ http://localhost:3000/_next/static/chunks/node_modules_next_dist_1ybzpk2._.js:2477
[  337539ms] [LOG] %c[Vercel Web Analytics]%c [view] http://localhost:3000/onboarding color: rgb(120, 120, 120) color: inherit {o: http://localhost:3000/onboarding, sv: 0.1.3, sdkn: @vercel/analytics/next, sdkv: 2.0.1, ts: 1785002024671} /_vercel/insights/view @ http://localhost:3000/_next/static/chunks/node_modules_next_dist_1ybzpk2._.js:2477
[  337621ms] [LOG] %c[Vercel Web Analytics]%c [view] http://localhost:3000/dashboard color: rgb(120, 120, 120) color: inherit {o: http://localhost:3000/dashboard, sv: 0.1.3, sdkn: @vercel/analytics/next, sdkv: 2.0.1, ts: 1785002024754} /_vercel/insights/view @ http://localhost:3000/_next/static/chunks/node_modules_next_dist_1ybzpk2._.js:2477
[  337980ms] [LOG] %c[Vercel Web Analytics]%c [view] http://localhost:3000/onboarding color: rgb(120, 120, 120) color: inherit {o: http://localhost:3000/onboarding, sv: 0.1.3, sdkn: @vercel/analytics/next, sdkv: 2.0.1, ts: 1785002025113} /_vercel/insights/view @ http://localhost:3000/_next/static/chunks/node_modules_next_dist_1ybzpk2._.js:2477
[  338070ms] [LOG] %c[Vercel Web Analytics]%c [view] http://localhost:3000/dashboard color: rgb(120, 120, 120) color: inherit {o: http://localhost:3000/dashboard, sv: 0.1.3, sdkn: @vercel/analytics/next, sdkv: 2.0.1, ts: 1785002025203} /_vercel/insights/view @ http://localhost:3000/_next/static/chunks/node_modules_next_dist_1ybzpk2._.js:2477
[  338411ms] [LOG] %c[Vercel Web Analytics]%c [view] http://localhost:3000/onboarding color: rgb(120, 120, 120) color: inherit {o: http://localhost:3000/onboarding, sv: 0.1.3, sdkn: @vercel/analytics/next, sdkv: 2.0.1, ts: 1785002025543} /_vercel/insights/view @ http://localhost:3000/_next/static/chunks/node_modules_next_dist_1ybzpk2._.js:2477
[  338508ms] [LOG] %c[Vercel Web Analytics]%c [view] http://localhost:3000/dashboard color: rgb(120, 120, 120) color: inherit {o: http://localhost:3000/dashboard, sv: 0.1.3, sdkn: @vercel/analytics/next, sdkv: 2.0.1, ts: 1785002025641} /_vercel/insights/view @ http://localhost:3000/_next/static/chunks/node_modules_next_dist_1ybzpk2._.js:2477
[  338877ms] [LOG] %c[Vercel Web Analytics]%c [view] http://localhost:3000/onboarding color: rgb(120, 120, 120) color: inherit {o: http://localhost:3000/onboarding, sv: 0.1.3, sdkn: @vercel/analytics/next, sdkv: 2.0.1, ts: 1785002026010} /_vercel/insights/view @ http://localhost:3000/_next/static/chunks/node_modules_next_dist_1ybzpk2._.js:2477
[  338958ms] [LOG] %c[Vercel Web Analytics]%c [view] http://localhost:3000/dashboard color: rgb(120, 120, 120) color: inherit {o: http://localhost:3000/dashboard, sv: 0.1.3, sdkn: @vercel/analytics/next, sdkv: 2.0.1, ts: 1785002026091} /_vercel/insights/view @ http://localhost:3000/_next/static/chunks/node_modules_next_dist_1ybzpk2._.js:2477
[  339298ms] [LOG] %c[Vercel Web Analytics]%c [view] http://localhost:3000/onboarding color: rgb(120, 120, 120) color: inherit {o: http://localhost:3000/onboarding, sv: 0.1.3, sdkn: @vercel/analytics/next, sdkv: 2.0.1, ts: 1785002026430} /_vercel/insights/view @ http://localhost:3000/_next/static/chunks/node_modules_next_dist_1ybzpk2._.js:2477
[  339382ms] [LOG] %c[Vercel Web Analytics]%c [view] http://localhost:3000/dashboard color: rgb(120, 120, 120) color: inherit {o: http://localhost:3000/dashboard, sv: 0.1.3, sdkn: @vercel/analytics/next, sdkv: 2.0.1, ts: 1785002026514} /_vercel/insights/view @ http://localhost:3000/_next/static/chunks/node_modules_next_dist_1ybzpk2._.js:2477
[  340177ms] [LOG] %c[Vercel Web Analytics]%c [view] http://localhost:3000/onboarding color: rgb(120, 120, 120) color: inherit {o: http://localhost:3000/onboarding, sv: 0.1.3, sdkn: @vercel/analytics/next, sdkv: 2.0.1, ts: 1785002027309} /_vercel/insights/view @ http://localhost:3000/_next/static/chunks/node_modules_next_dist_1ybzpk2._.js:2477
[  340254ms] [LOG] %c[Vercel Web Analytics]%c [view] http://localhost:3000/dashboard color: rgb(120, 120, 120) color: inherit {o: http://localhost:3000/dashboard, sv: 0.1.3, sdkn: @vercel/analytics/next, sdkv: 2.0.1, ts: 1785002027387} /_vercel/insights/view @ http://localhost:3000/_next/static/chunks/node_modules_next_dist_1ybzpk2._.js:2477
[  340590ms] [LOG] %c[Vercel Web Analytics]%c [view] http://localhost:3000/onboarding color: rgb(120, 120, 120) color: inherit {o: http://localhost:3000/onboarding, sv: 0.1.3, sdkn: @vercel/analytics/next, sdkv: 2.0.1, ts: 1785002027722} /_vercel/insights/view @ http://localhost:3000/_next/static/chunks/node_modules_next_dist_1ybzpk2._.js:2477
[  340665ms] [LOG] %c[Vercel Web Analytics]%c [view] http://localhost:3000/dashboard color: rgb(120, 120, 120) color: inherit {o: http://localhost:3000/dashboard, sv: 0.1.3, sdkn: @vercel/analytics/next, sdkv: 2.0.1, ts: 1785002027797} /_vercel/insights/view @ http://localhost:3000/_next/static/chunks/node_modules_next_dist_1ybzpk2._.js:2477
[  341010ms] [LOG] %c[Vercel Web Analytics]%c [view] http://localhost:3000/onboarding color: rgb(120, 120, 120) color: inherit {o: http://localhost:3000/onboarding, sv: 0.1.3, sdkn: @vercel/analytics/next, sdkv: 2.0.1, ts: 1785002028143} /_vercel/insights/view @ http://localhost:3000/_next/static/chunks/node_modules_next_dist_1ybzpk2._.js:2477
[  341114ms] [LOG] %c[Vercel Web Analytics]%c [view] http://localhost:3000/dashboard color: rgb(120, 120, 120) color: inherit {o: http://localhost:3000/dashboard, sv: 0.1.3, sdkn: @vercel/analytics/next, sdkv: 2.0.1, ts: 1785002028246} /_vercel/insights/view @ http://localhost:3000/_next/static/chunks/node_modules_next_dist_1ybzpk2._.js:2477
[  341489ms] [LOG] %c[Vercel Web Analytics]%c [view] http://localhost:3000/onboarding color: rgb(120, 120, 120) color: inherit {o: http://localhost:3000/onboarding, sv: 0.1.3, sdkn: @vercel/analytics/next, sdkv: 2.0.1, ts: 1785002028622} /_vercel/insights/view @ http://localhost:3000/_next/static/chunks/node_modules_next_dist_1ybzpk2._.js:2477
[  341579ms] [LOG] %c[Vercel Web Analytics]%c [view] http://localhost:3000/dashboard color: rgb(120, 120, 120) color: inherit {o: http://localhost:3000/dashboard, sv: 0.1.3, sdkn: @vercel/analytics/next, sdkv: 2.0.1, ts: 1785002028711} /_vercel/insights/view @ http://localhost:3000/_next/static/chunks/node_modules_next_dist_1ybzpk2._.js:2477
[  341921ms] [LOG] %c[Vercel Web Analytics]%c [view] http://localhost:3000/onboarding color: rgb(120, 120, 120) color: inherit {o: http://localhost:3000/onboarding, sv: 0.1.3, sdkn: @vercel/analytics/next, sdkv: 2.0.1, ts: 1785002029054} /_vercel/insights/view @ http://localhost:3000/_next/static/chunks/node_modules_next_dist_1ybzpk2._.js:2477
[  342031ms] [LOG] %c[Vercel Web Analytics]%c [view] http://localhost:3000/dashboard color: rgb(120, 120, 120) color: inherit {o: http://localhost:3000/dashboard, sv: 0.1.3, sdkn: @vercel/analytics/next, sdkv: 2.0.1, ts: 1785002029164} /_vercel/insights/view @ http://localhost:3000/_next/static/chunks/node_modules_next_dist_1ybzpk2._.js:2477
[  342391ms] [LOG] %c[Vercel Web Analytics]%c [view] http://localhost:3000/onboarding color: rgb(120, 120, 120) color: inherit {o: http://localhost:3000/onboarding, sv: 0.1.3, sdkn: @vercel/analytics/next, sdkv: 2.0.1, ts: 1785002029523} /_vercel/insights/view @ http://localhost:3000/_next/static/chunks/node_modules_next_dist_1ybzpk2._.js:2477
[  342500ms] [LOG] %c[Vercel Web Analytics]%c [view] http://localhost:3000/dashboard color: rgb(120, 120, 120) color: inherit {o: http://localhost:3000/dashboard, sv: 0.1.3, sdkn: @vercel/analytics/next, sdkv: 2.0.1, ts: 1785002029632} /_vercel/insights/view @ http://localhost:3000/_next/static/chunks/node_modules_next_dist_1ybzpk2._.js:2477
[  342923ms] [LOG] %c[Vercel Web Analytics]%c [view] http://localhost:3000/onboarding color: rgb(120, 120, 120) color: inherit {o: http://localhost:3000/onboarding, sv: 0.1.3, sdkn: @vercel/analytics/next, sdkv: 2.0.1, ts: 1785002030056} /_vercel/insights/view @ http://localhost:3000/_next/static/chunks/node_modules_next_dist_1ybzpk2._.js:2477
[  343009ms] [LOG] %c[Vercel Web Analytics]%c [view] http://localhost:3000/dashboard color: rgb(120, 120, 120) color: inherit {o: http://localhost:3000/dashboard, sv: 0.1.3, sdkn: @vercel/analytics/next, sdkv: 2.0.1, ts: 1785002030142} /_vercel/insights/view @ http://localhost:3000/_next/static/chunks/node_modules_next_dist_1ybzpk2._.js:2477
[  343365ms] [LOG] %c[Vercel Web Analytics]%c [view] http://localhost:3000/onboarding color: rgb(120, 120, 120) color: inherit {o: http://localhost:3000/onboarding, sv: 0.1.3, sdkn: @vercel/analytics/next, sdkv: 2.0.1, ts: 1785002030497} /_vercel/insights/view @ http://localhost:3000/_next/static/chunks/node_modules_next_dist_1ybzpk2._.js:2477
[  343469ms] [LOG] %c[Vercel Web Analytics]%c [view] http://localhost:3000/dashboard color: rgb(120, 120, 120) color: inherit {o: http://localhost:3000/dashboard, sv: 0.1.3, sdkn: @vercel/analytics/next, sdkv: 2.0.1, ts: 1785002030602} /_vercel/insights/view @ http://localhost:3000/_next/static/chunks/node_modules_next_dist_1ybzpk2._.js:2477
[  343822ms] [LOG] %c[Vercel Web Analytics]%c [view] http://localhost:3000/onboarding color: rgb(120, 120, 120) color: inherit {o: http://localhost:3000/onboarding, sv: 0.1.3, sdkn: @vercel/analytics/next, sdkv: 2.0.1, ts: 1785002030955} /_vercel/insights/view @ http://localhost:3000/_next/static/chunks/node_modules_next_dist_1ybzpk2._.js:2477
[  343914ms] [LOG] %c[Vercel Web Analytics]%c [view] http://localhost:3000/dashboard color: rgb(120, 120, 120) color: inherit {o: http://localhost:3000/dashboard, sv: 0.1.3, sdkn: @vercel/analytics/next, sdkv: 2.0.1, ts: 1785002031046} /_vercel/insights/view @ http://localhost:3000/_next/static/chunks/node_modules_next_dist_1ybzpk2._.js:2477
[  344254ms] [LOG] %c[Vercel Web Analytics]%c [view] http://localhost:3000/onboarding color: rgb(120, 120, 120) color: inherit {o: http://localhost:3000/onboarding, sv: 0.1.3, sdkn: @vercel/analytics/next, sdkv: 2.0.1, ts: 1785002031386} /_vercel/insights/view @ http://localhost:3000/_next/static/chunks/node_modules_next_dist_1ybzpk2._.js:2477
[  344336ms] [LOG] %c[Vercel Web Analytics]%c [view] http://localhost:3000/dashboard color: rgb(120, 120, 120) color: inherit {o: http://localhost:3000/dashboard, sv: 0.1.3, sdkn: @vercel/analytics/next, sdkv: 2.0.1, ts: 1785002031469} /_vercel/insights/view @ http://localhost:3000/_next/static/chunks/node_modules_next_dist_1ybzpk2._.js:2477
[  344712ms] [LOG] %c[Vercel Web Analytics]%c [view] http://localhost:3000/onboarding color: rgb(120, 120, 120) color: inherit {o: http://localhost:3000/onboarding, sv: 0.1.3, sdkn: @vercel/analytics/next, sdkv: 2.0.1, ts: 1785002031844} /_vercel/insights/view @ http://localhost:3000/_next/static/chunks/node_modules_next_dist_1ybzpk2._.js:2477
[  344804ms] [LOG] %c[Vercel Web Analytics]%c [view] http://localhost:3000/dashboard color: rgb(120, 120, 120) color: inherit {o: http://localhost:3000/dashboard, sv: 0.1.3, sdkn: @vercel/analytics/next, sdkv: 2.0.1, ts: 1785002031936} /_vercel/insights/view @ http://localhost:3000/_next/static/chunks/node_modules_next_dist_1ybzpk2._.js:2477
[  344879ms] [LOG] [Fast Refresh] rebuilding @ http://localhost:3000/_next/static/chunks/node_modules_next_dist_1ybzpk2._.js:2477
[  344946ms] [LOG] [Fast Refresh] done in 166ms @ http://localhost:3000/_next/static/chunks/node_modules_next_dist_1ybzpk2._.js:2477
[  345160ms] [LOG] %c[Vercel Web Analytics]%c [view] http://localhost:3000/onboarding color: rgb(120, 120, 120) color: inherit {o: http://localhost:3000/onboarding, sv: 0.1.3, sdkn: @vercel/analytics/next, sdkv: 2.0.1, ts: 1785002032293} /_vercel/insights/view @ http://localhost:3000/_next/static/chunks/node_modules_next_dist_1ybzpk2._.js:2477
[  345277ms] [LOG] %c[Vercel Web Analytics]%c [view] http://localhost:3000/dashboard color: rgb(120, 120, 120) color: inherit {o: http://localhost:3000/dashboard, sv: 0.1.3, sdkn: @vercel/analytics/next, sdkv: 2.0.1, ts: 1785002032410} /_vercel/insights/view @ http://localhost:3000/_next/static/chunks/node_modules_next_dist_1ybzpk2._.js:2477
[  345627ms] [LOG] %c[Vercel Web Analytics]%c [view] http://localhost:3000/onboarding color: rgb(120, 120, 120) color: inherit {o: http://localhost:3000/onboarding, sv: 0.1.3, sdkn: @vercel/analytics/next, sdkv: 2.0.1, ts: 1785002032759} /_vercel/insights/view @ http://localhost:3000/_next/static/chunks/node_modules_next_dist_1ybzpk2._.js:2477
[  345721ms] [LOG] %c[Vercel Web Analytics]%c [view] http://localhost:3000/dashboard color: rgb(120, 120, 120) color: inherit {o: http://localhost:3000/dashboard, sv: 0.1.3, sdkn: @vercel/analytics/next, sdkv: 2.0.1, ts: 1785002032853} /_vercel/insights/view @ http://localhost:3000/_next/static/chunks/node_modules_next_dist_1ybzpk2._.js:2477
[  345750ms] [LOG] [Fast Refresh] rebuilding @ http://localhost:3000/_next/static/chunks/node_modules_next_dist_1ybzpk2._.js:2477
[  345787ms] [LOG] [Fast Refresh] done in 138ms @ http://localhost:3000/_next/static/chunks/node_modules_next_dist_1ybzpk2._.js:2477
[  346078ms] [LOG] %c[Vercel Web Analytics]%c [view] http://localhost:3000/onboarding color: rgb(120, 120, 120) color: inherit {o: http://localhost:3000/onboarding, sv: 0.1.3, sdkn: @vercel/analytics/next, sdkv: 2.0.1, ts: 1785002033210} /_vercel/insights/view @ http://localhost:3000/_next/static/chunks/node_modules_next_dist_1ybzpk2._.js:2477
[  346155ms] [LOG] %c[Vercel Web Analytics]%c [view] http://localhost:3000/dashboard color: rgb(120, 120, 120) color: inherit {o: http://localhost:3000/dashboard, sv: 0.1.3, sdkn: @vercel/analytics/next, sdkv: 2.0.1, ts: 1785002033287} /_vercel/insights/view @ http://localhost:3000/_next/static/chunks/node_modules_next_dist_1ybzpk2._.js:2477
[  346509ms] [LOG] %c[Vercel Web Analytics]%c [view] http://localhost:3000/onboarding color: rgb(120, 120, 120) color: inherit {o: http://localhost:3000/onboarding, sv: 0.1.3, sdkn: @vercel/analytics/next, sdkv: 2.0.1, ts: 1785002033642} /_vercel/insights/view @ http://localhost:3000/_next/static/chunks/node_modules_next_dist_1ybzpk2._.js:2477
[  346583ms] [LOG] %c[Vercel Web Analytics]%c [view] http://localhost:3000/dashboard color: rgb(120, 120, 120) color: inherit {o: http://localhost:3000/dashboard, sv: 0.1.3, sdkn: @vercel/analytics/next, sdkv: 2.0.1, ts: 1785002033716} /_vercel/insights/view @ http://localhost:3000/_next/static/chunks/node_modules_next_dist_1ybzpk2._.js:2477
[  346918ms] [LOG] %c[Vercel Web Analytics]%c [view] http://localhost:3000/onboarding color: rgb(120, 120, 120) color: inherit {o: http://localhost:3000/onboarding, sv: 0.1.3, sdkn: @vercel/analytics/next, sdkv: 2.0.1, ts: 1785002034051} /_vercel/insights/view @ http://localhost:3000/_next/static/chunks/node_modules_next_dist_1ybzpk2._.js:2477
[  347001ms] [LOG] %c[Vercel Web Analytics]%c [view] http://localhost:3000/dashboard color: rgb(120, 120, 120) color: inherit {o: http://localhost:3000/dashboard, sv: 0.1.3, sdkn: @vercel/analytics/next, sdkv: 2.0.1, ts: 1785002034134} /_vercel/insights/view @ http://localhost:3000/_next/static/chunks/node_modules_next_dist_1ybzpk2._.js:2477
[  347358ms] [LOG] %c[Vercel Web Analytics]%c [view] http://localhost:3000/onboarding color: rgb(120, 120, 120) color: inherit {o: http://localhost:3000/onboarding, sv: 0.1.3, sdkn: @vercel/analytics/next, sdkv: 2.0.1, ts: 1785002034490} /_vercel/insights/view @ http://localhost:3000/_next/static/chunks/node_modules_next_dist_1ybzpk2._.js:2477
[  347451ms] [LOG] %c[Vercel Web Analytics]%c [view] http://localhost:3000/dashboard color: rgb(120, 120, 120) color: inherit {o: http://localhost:3000/dashboard, sv: 0.1.3, sdkn: @vercel/analytics/next, sdkv: 2.0.1, ts: 1785002034584} /_vercel/insights/view @ http://localhost:3000/_next/static/chunks/node_modules_next_dist_1ybzpk2._.js:2477
[  347770ms] [LOG] %c[Vercel Web Analytics]%c [view] http://localhost:3000/onboarding color: rgb(120, 120, 120) color: inherit {o: http://localhost:3000/onboarding, sv: 0.1.3, sdkn: @vercel/analytics/next, sdkv: 2.0.1, ts: 1785002034903} /_vercel/insights/view @ http://localhost:3000/_next/static/chunks/node_modules_next_dist_1ybzpk2._.js:2477
[  347869ms] [LOG] %c[Vercel Web Analytics]%c [view] http://localhost:3000/dashboard color: rgb(120, 120, 120) color: inherit {o: http://localhost:3000/dashboard, sv: 0.1.3, sdkn: @vercel/analytics/next, sdkv: 2.0.1, ts: 1785002035002} /_vercel/insights/view @ http://localhost:3000/_next/static/chunks/node_modules_next_dist_1ybzpk2._.js:2477
[  348215ms] [LOG] %c[Vercel Web Analytics]%c [view] http://localhost:3000/onboarding color: rgb(120, 120, 120) color: inherit {o: http://localhost:3000/onboarding, sv: 0.1.3, sdkn: @vercel/analytics/next, sdkv: 2.0.1, ts: 1785002035346} /_vercel/insights/view @ http://localhost:3000/_next/static/chunks/node_modules_next_dist_1ybzpk2._.js:2477
[  348301ms] [LOG] %c[Vercel Web Analytics]%c [view] http://localhost:3000/dashboard color: rgb(120, 120, 120) color: inherit {o: http://localhost:3000/dashboard, sv: 0.1.3, sdkn: @vercel/analytics/next, sdkv: 2.0.1, ts: 1785002035433} /_vercel/insights/view @ http://localhost:3000/_next/static/chunks/node_modules_next_dist_1ybzpk2._.js:2477
[  348648ms] [LOG] %c[Vercel Web Analytics]%c [view] http://localhost:3000/onboarding color: rgb(120, 120, 120) color: inherit {o: http://localhost:3000/onboarding, sv: 0.1.3, sdkn: @vercel/analytics/next, sdkv: 2.0.1, ts: 1785002035781} /_vercel/insights/view @ http://localhost:3000/_next/static/chunks/node_modules_next_dist_1ybzpk2._.js:2477
[  348730ms] [LOG] %c[Vercel Web Analytics]%c [view] http://localhost:3000/dashboard color: rgb(120, 120, 120) color: inherit {o: http://localhost:3000/dashboard, sv: 0.1.3, sdkn: @vercel/analytics/next, sdkv: 2.0.1, ts: 1785002035863} /_vercel/insights/view @ http://localhost:3000/_next/static/chunks/node_modules_next_dist_1ybzpk2._.js:2477
[  348806ms] [LOG] [Fast Refresh] rebuilding @ http://localhost:3000/_next/static/chunks/node_modules_next_dist_1ybzpk2._.js:2477
[  348825ms] [LOG] [Fast Refresh] done in 118ms @ http://localhost:3000/_next/static/chunks/node_modules_next_dist_1ybzpk2._.js:2477
[  349073ms] [LOG] %c[Vercel Web Analytics]%c [view] http://localhost:3000/onboarding color: rgb(120, 120, 120) color: inherit {o: http://localhost:3000/onboarding, sv: 0.1.3, sdkn: @vercel/analytics/next, sdkv: 2.0.1, ts: 1785002036205} /_vercel/insights/view @ http://localhost:3000/_next/static/chunks/node_modules_next_dist_1ybzpk2._.js:2477
[  349163ms] [LOG] %c[Vercel Web Analytics]%c [view] http://localhost:3000/dashboard color: rgb(120, 120, 120) color: inherit {o: http://localhost:3000/dashboard, sv: 0.1.3, sdkn: @vercel/analytics/next, sdkv: 2.0.1, ts: 1785002036295} /_vercel/insights/view @ http://localhost:3000/_next/static/chunks/node_modules_next_dist_1ybzpk2._.js:2477
[  349511ms] [LOG] %c[Vercel Web Analytics]%c [view] http://localhost:3000/onboarding color: rgb(120, 120, 120) color: inherit {o: http://localhost:3000/onboarding, sv: 0.1.3, sdkn: @vercel/analytics/next, sdkv: 2.0.1, ts: 1785002036644} /_vercel/insights/view @ http://localhost:3000/_next/static/chunks/node_modules_next_dist_1ybzpk2._.js:2477
[  349601ms] [LOG] %c[Vercel Web Analytics]%c [view] http://localhost:3000/dashboard color: rgb(120, 120, 120) color: inherit {o: http://localhost:3000/dashboard, sv: 0.1.3, sdkn: @vercel/analytics/next, sdkv: 2.0.1, ts: 1785002036734} /_vercel/insights/view @ http://localhost:3000/_next/static/chunks/node_modules_next_dist_1ybzpk2._.js:2477
[  349958ms] [LOG] %c[Vercel Web Analytics]%c [view] http://localhost:3000/onboarding color: rgb(120, 120, 120) color: inherit {o: http://localhost:3000/onboarding, sv: 0.1.3, sdkn: @vercel/analytics/next, sdkv: 2.0.1, ts: 1785002037091} /_vercel/insights/view @ http://localhost:3000/_next/static/chunks/node_modules_next_dist_1ybzpk2._.js:2477
[  350036ms] [LOG] %c[Vercel Web Analytics]%c [view] http://localhost:3000/dashboard color: rgb(120, 120, 120) color: inherit {o: http://localhost:3000/dashboard, sv: 0.1.3, sdkn: @vercel/analytics/next, sdkv: 2.0.1, ts: 1785002037169} /_vercel/insights/view @ http://localhost:3000/_next/static/chunks/node_modules_next_dist_1ybzpk2._.js:2477
[  350382ms] [LOG] %c[Vercel Web Analytics]%c [view] http://localhost:3000/onboarding color: rgb(120, 120, 120) color: inherit {o: http://localhost:3000/onboarding, sv: 0.1.3, sdkn: @vercel/analytics/next, sdkv: 2.0.1, ts: 1785002037514} /_vercel/insights/view @ http://localhost:3000/_next/static/chunks/node_modules_next_dist_1ybzpk2._.js:2477
[  350462ms] [LOG] %c[Vercel Web Analytics]%c [view] http://localhost:3000/dashboard color: rgb(120, 120, 120) color: inherit {o: http://localhost:3000/dashboard, sv: 0.1.3, sdkn: @vercel/analytics/next, sdkv: 2.0.1, ts: 1785002037595} /_vercel/insights/view @ http://localhost:3000/_next/static/chunks/node_modules_next_dist_1ybzpk2._.js:2477
[  350829ms] [LOG] %c[Vercel Web Analytics]%c [view] http://localhost:3000/onboarding color: rgb(120, 120, 120) color: inherit {o: http://localhost:3000/onboarding, sv: 0.1.3, sdkn: @vercel/analytics/next, sdkv: 2.0.1, ts: 1785002037962} /_vercel/insights/view @ http://localhost:3000/_next/static/chunks/node_modules_next_dist_1ybzpk2._.js:2477
[  350923ms] [LOG] %c[Vercel Web Analytics]%c [view] http://localhost:3000/dashboard color: rgb(120, 120, 120) color: inherit {o: http://localhost:3000/dashboard, sv: 0.1.3, sdkn: @vercel/analytics/next, sdkv: 2.0.1, ts: 1785002038056} /_vercel/insights/view @ http://localhost:3000/_next/static/chunks/node_modules_next_dist_1ybzpk2._.js:2477
[  351260ms] [LOG] %c[Vercel Web Analytics]%c [view] http://localhost:3000/onboarding color: rgb(120, 120, 120) color: inherit {o: http://localhost:3000/onboarding, sv: 0.1.3, sdkn: @vercel/analytics/next, sdkv: 2.0.1, ts: 1785002038392} /_vercel/insights/view @ http://localhost:3000/_next/static/chunks/node_modules_next_dist_1ybzpk2._.js:2477
[  351355ms] [LOG] %c[Vercel Web Analytics]%c [view] http://localhost:3000/dashboard color: rgb(120, 120, 120) color: inherit {o: http://localhost:3000/dashboard, sv: 0.1.3, sdkn: @vercel/analytics/next, sdkv: 2.0.1, ts: 1785002038487} /_vercel/insights/view @ http://localhost:3000/_next/static/chunks/node_modules_next_dist_1ybzpk2._.js:2477
[  351711ms] [LOG] %c[Vercel Web Analytics]%c [view] http://localhost:3000/onboarding color: rgb(120, 120, 120) color: inherit {o: http://localhost:3000/onboarding, sv: 0.1.3, sdkn: @vercel/analytics/next, sdkv: 2.0.1, ts: 1785002038844} /_vercel/insights/view @ http://localhost:3000/_next/static/chunks/node_modules_next_dist_1ybzpk2._.js:2477
[  351798ms] [LOG] %c[Vercel Web Analytics]%c [view] http://localhost:3000/dashboard color: rgb(120, 120, 120) color: inherit {o: http://localhost:3000/dashboard, sv: 0.1.3, sdkn: @vercel/analytics/next, sdkv: 2.0.1, ts: 1785002038931} /_vercel/insights/view @ http://localhost:3000/_next/static/chunks/node_modules_next_dist_1ybzpk2._.js:2477
[  352162ms] [LOG] %c[Vercel Web Analytics]%c [view] http://localhost:3000/onboarding color: rgb(120, 120, 120) color: inherit {o: http://localhost:3000/onboarding, sv: 0.1.3, sdkn: @vercel/analytics/next, sdkv: 2.0.1, ts: 1785002039295} /_vercel/insights/view @ http://localhost:3000/_next/static/chunks/node_modules_next_dist_1ybzpk2._.js:2477
[  352270ms] [LOG] %c[Vercel Web Analytics]%c [view] http://localhost:3000/dashboard color: rgb(120, 120, 120) color: inherit {o: http://localhost:3000/dashboard, sv: 0.1.3, sdkn: @vercel/analytics/next, sdkv: 2.0.1, ts: 1785002039403} /_vercel/insights/view @ http://localhost:3000/_next/static/chunks/node_modules_next_dist_1ybzpk2._.js:2477
[  352641ms] [LOG] %c[Vercel Web Analytics]%c [view] http://localhost:3000/onboarding color: rgb(120, 120, 120) color: inherit {o: http://localhost:3000/onboarding, sv: 0.1.3, sdkn: @vercel/analytics/next, sdkv: 2.0.1, ts: 1785002039773} /_vercel/insights/view @ http://localhost:3000/_next/static/chunks/node_modules_next_dist_1ybzpk2._.js:2477
[  352739ms] [LOG] %c[Vercel Web Analytics]%c [view] http://localhost:3000/dashboard color: rgb(120, 120, 120) color: inherit {o: http://localhost:3000/dashboard, sv: 0.1.3, sdkn: @vercel/analytics/next, sdkv: 2.0.1, ts: 1785002039871} /_vercel/insights/view @ http://localhost:3000/_next/static/chunks/node_modules_next_dist_1ybzpk2._.js:2477
[  353072ms] [LOG] %c[Vercel Web Analytics]%c [view] http://localhost:3000/onboarding color: rgb(120, 120, 120) color: inherit {o: http://localhost:3000/onboarding, sv: 0.1.3, sdkn: @vercel/analytics/next, sdkv: 2.0.1, ts: 1785002040205} /_vercel/insights/view @ http://localhost:3000/_next/static/chunks/node_modules_next_dist_1ybzpk2._.js:2477
[  353170ms] [LOG] %c[Vercel Web Analytics]%c [view] http://localhost:3000/dashboard color: rgb(120, 120, 120) color: inherit {o: http://localhost:3000/dashboard, sv: 0.1.3, sdkn: @vercel/analytics/next, sdkv: 2.0.1, ts: 1785002040303} /_vercel/insights/view @ http://localhost:3000/_next/static/chunks/node_modules_next_dist_1ybzpk2._.js:2477
[  353528ms] [LOG] %c[Vercel Web Analytics]%c [view] http://localhost:3000/onboarding color: rgb(120, 120, 120) color: inherit {o: http://localhost:3000/onboarding, sv: 0.1.3, sdkn: @vercel/analytics/next, sdkv: 2.0.1, ts: 1785002040660} /_vercel/insights/view @ http://localhost:3000/_next/static/chunks/node_modules_next_dist_1ybzpk2._.js:2477
[  353628ms] [LOG] %c[Vercel Web Analytics]%c [view] http://localhost:3000/dashboard color: rgb(120, 120, 120) color: inherit {o: http://localhost:3000/dashboard, sv: 0.1.3, sdkn: @vercel/analytics/next, sdkv: 2.0.1, ts: 1785002040760} /_vercel/insights/view @ http://localhost:3000/_next/static/chunks/node_modules_next_dist_1ybzpk2._.js:2477
[  353981ms] [LOG] %c[Vercel Web Analytics]%c [view] http://localhost:3000/onboarding color: rgb(120, 120, 120) color: inherit {o: http://localhost:3000/onboarding, sv: 0.1.3, sdkn: @vercel/analytics/next, sdkv: 2.0.1, ts: 1785002041114} /_vercel/insights/view @ http://localhost:3000/_next/static/chunks/node_modules_next_dist_1ybzpk2._.js:2477
[  354080ms] [LOG] %c[Vercel Web Analytics]%c [view] http://localhost:3000/dashboard color: rgb(120, 120, 120) color: inherit {o: http://localhost:3000/dashboard, sv: 0.1.3, sdkn: @vercel/analytics/next, sdkv: 2.0.1, ts: 1785002041213} /_vercel/insights/view @ http://localhost:3000/_next/static/chunks/node_modules_next_dist_1ybzpk2._.js:2477
[  354459ms] [LOG] %c[Vercel Web Analytics]%c [view] http://localhost:3000/onboarding color: rgb(120, 120, 120) color: inherit {o: http://localhost:3000/onboarding, sv: 0.1.3, sdkn: @vercel/analytics/next, sdkv: 2.0.1, ts: 1785002041592} /_vercel/insights/view @ http://localhost:3000/_next/static/chunks/node_modules_next_dist_1ybzpk2._.js:2477
[  354562ms] [LOG] %c[Vercel Web Analytics]%c [view] http://localhost:3000/dashboard color: rgb(120, 120, 120) color: inherit {o: http://localhost:3000/dashboard, sv: 0.1.3, sdkn: @vercel/analytics/next, sdkv: 2.0.1, ts: 1785002041694} /_vercel/insights/view @ http://localhost:3000/_next/static/chunks/node_modules_next_dist_1ybzpk2._.js:2477
[  354930ms] [LOG] %c[Vercel Web Analytics]%c [view] http://localhost:3000/onboarding color: rgb(120, 120, 120) color: inherit {o: http://localhost:3000/onboarding, sv: 0.1.3, sdkn: @vercel/analytics/next, sdkv: 2.0.1, ts: 1785002042063} /_vercel/insights/view @ http://localhost:3000/_next/static/chunks/node_modules_next_dist_1ybzpk2._.js:2477
[  355029ms] [LOG] %c[Vercel Web Analytics]%c [view] http://localhost:3000/dashboard color: rgb(120, 120, 120) color: inherit {o: http://localhost:3000/dashboard, sv: 0.1.3, sdkn: @vercel/analytics/next, sdkv: 2.0.1, ts: 1785002042162} /_vercel/insights/view @ http://localhost:3000/_next/static/chunks/node_modules_next_dist_1ybzpk2._.js:2477
[  355378ms] [LOG] %c[Vercel Web Analytics]%c [view] http://localhost:3000/onboarding color: rgb(120, 120, 120) color: inherit {o: http://localhost:3000/onboarding, sv: 0.1.3, sdkn: @vercel/analytics/next, sdkv: 2.0.1, ts: 1785002042511} /_vercel/insights/view @ http://localhost:3000/_next/static/chunks/node_modules_next_dist_1ybzpk2._.js:2477
[  355490ms] [LOG] %c[Vercel Web Analytics]%c [view] http://localhost:3000/dashboard color: rgb(120, 120, 120) color: inherit {o: http://localhost:3000/dashboard, sv: 0.1.3, sdkn: @vercel/analytics/next, sdkv: 2.0.1, ts: 1785002042623} /_vercel/insights/view @ http://localhost:3000/_next/static/chunks/node_modules_next_dist_1ybzpk2._.js:2477
[  355832ms] [LOG] %c[Vercel Web Analytics]%c [view] http://localhost:3000/onboarding color: rgb(120, 120, 120) color: inherit {o: http://localhost:3000/onboarding, sv: 0.1.3, sdkn: @vercel/analytics/next, sdkv: 2.0.1, ts: 1785002042965} /_vercel/insights/view @ http://localhost:3000/_next/static/chunks/node_modules_next_dist_1ybzpk2._.js:2477
[  355911ms] [LOG] %c[Vercel Web Analytics]%c [view] http://localhost:3000/dashboard color: rgb(120, 120, 120) color: inherit {o: http://localhost:3000/dashboard, sv: 0.1.3, sdkn: @vercel/analytics/next, sdkv: 2.0.1, ts: 1785002043044} /_vercel/insights/view @ http://localhost:3000/_next/static/chunks/node_modules_next_dist_1ybzpk2._.js:2477
[  356260ms] [LOG] %c[Vercel Web Analytics]%c [view] http://localhost:3000/onboarding color: rgb(120, 120, 120) color: inherit {o: http://localhost:3000/onboarding, sv: 0.1.3, sdkn: @vercel/analytics/next, sdkv: 2.0.1, ts: 1785002043393} /_vercel/insights/view @ http://localhost:3000/_next/static/chunks/node_modules_next_dist_1ybzpk2._.js:2477
[  356337ms] [LOG] %c[Vercel Web Analytics]%c [view] http://localhost:3000/dashboard color: rgb(120, 120, 120) color: inherit {o: http://localhost:3000/dashboard, sv: 0.1.3, sdkn: @vercel/analytics/next, sdkv: 2.0.1, ts: 1785002043470} /_vercel/insights/view @ http://localhost:3000/_next/static/chunks/node_modules_next_dist_1ybzpk2._.js:2477
[  356668ms] [LOG] %c[Vercel Web Analytics]%c [view] http://localhost:3000/onboarding color: rgb(120, 120, 120) color: inherit {o: http://localhost:3000/onboarding, sv: 0.1.3, sdkn: @vercel/analytics/next, sdkv: 2.0.1, ts: 1785002043801} /_vercel/insights/view @ http://localhost:3000/_next/static/chunks/node_modules_next_dist_1ybzpk2._.js:2477
[  356752ms] [LOG] %c[Vercel Web Analytics]%c [view] http://localhost:3000/dashboard color: rgb(120, 120, 120) color: inherit {o: http://localhost:3000/dashboard, sv: 0.1.3, sdkn: @vercel/analytics/next, sdkv: 2.0.1, ts: 1785002043885} /_vercel/insights/view @ http://localhost:3000/_next/static/chunks/node_modules_next_dist_1ybzpk2._.js:2477
[  357098ms] [LOG] %c[Vercel Web Analytics]%c [view] http://localhost:3000/onboarding color: rgb(120, 120, 120) color: inherit {o: http://localhost:3000/onboarding, sv: 0.1.3, sdkn: @vercel/analytics/next, sdkv: 2.0.1, ts: 1785002044231} /_vercel/insights/view @ http://localhost:3000/_next/static/chunks/node_modules_next_dist_1ybzpk2._.js:2477
[  357183ms] [LOG] %c[Vercel Web Analytics]%c [view] http://localhost:3000/dashboard color: rgb(120, 120, 120) color: inherit {o: http://localhost:3000/dashboard, sv: 0.1.3, sdkn: @vercel/analytics/next, sdkv: 2.0.1, ts: 1785002044316} /_vercel/insights/view @ http://localhost:3000/_next/static/chunks/node_modules_next_dist_1ybzpk2._.js:2477
[  357522ms] [LOG] %c[Vercel Web Analytics]%c [view] http://localhost:3000/onboarding color: rgb(120, 120, 120) color: inherit {o: http://localhost:3000/onboarding, sv: 0.1.3, sdkn: @vercel/analytics/next, sdkv: 2.0.1, ts: 1785002044655} /_vercel/insights/view @ http://localhost:3000/_next/static/chunks/node_modules_next_dist_1ybzpk2._.js:2477
[  357612ms] [LOG] %c[Vercel Web Analytics]%c [view] http://localhost:3000/dashboard color: rgb(120, 120, 120) color: inherit {o: http://localhost:3000/dashboard, sv: 0.1.3, sdkn: @vercel/analytics/next, sdkv: 2.0.1, ts: 1785002044744} /_vercel/insights/view @ http://localhost:3000/_next/static/chunks/node_modules_next_dist_1ybzpk2._.js:2477
[  357965ms] [LOG] %c[Vercel Web Analytics]%c [view] http://localhost:3000/onboarding color: rgb(120, 120, 120) color: inherit {o: http://localhost:3000/onboarding, sv: 0.1.3, sdkn: @vercel/analytics/next, sdkv: 2.0.1, ts: 1785002045097} /_vercel/insights/view @ http://localhost:3000/_next/static/chunks/node_modules_next_dist_1ybzpk2._.js:2477
[  358043ms] [LOG] %c[Vercel Web Analytics]%c [view] http://localhost:3000/dashboard color: rgb(120, 120, 120) color: inherit {o: http://localhost:3000/dashboard, sv: 0.1.3, sdkn: @vercel/analytics/next, sdkv: 2.0.1, ts: 1785002045176} /_vercel/insights/view @ http://localhost:3000/_next/static/chunks/node_modules_next_dist_1ybzpk2._.js:2477
[  358376ms] [LOG] %c[Vercel Web Analytics]%c [view] http://localhost:3000/onboarding color: rgb(120, 120, 120) color: inherit {o: http://localhost:3000/onboarding, sv: 0.1.3, sdkn: @vercel/analytics/next, sdkv: 2.0.1, ts: 1785002045509} /_vercel/insights/view @ http://localhost:3000/_next/static/chunks/node_modules_next_dist_1ybzpk2._.js:2477
[  358469ms] [LOG] %c[Vercel Web Analytics]%c [view] http://localhost:3000/dashboard color: rgb(120, 120, 120) color: inherit {o: http://localhost:3000/dashboard, sv: 0.1.3, sdkn: @vercel/analytics/next, sdkv: 2.0.1, ts: 1785002045602} /_vercel/insights/view @ http://localhost:3000/_next/static/chunks/node_modules_next_dist_1ybzpk2._.js:2477
[  358546ms] [LOG] [Fast Refresh] rebuilding @ http://localhost:3000/_next/static/chunks/node_modules_next_dist_1ybzpk2._.js:2477
[  358562ms] [LOG] [Fast Refresh] done in 116ms @ http://localhost:3000/_next/static/chunks/node_modules_next_dist_1ybzpk2._.js:2477
[  358808ms] [LOG] %c[Vercel Web Analytics]%c [view] http://localhost:3000/onboarding color: rgb(120, 120, 120) color: inherit {o: http://localhost:3000/onboarding, sv: 0.1.3, sdkn: @vercel/analytics/next, sdkv: 2.0.1, ts: 1785002045941} /_vercel/insights/view @ http://localhost:3000/_next/static/chunks/node_modules_next_dist_1ybzpk2._.js:2477
[  358897ms] [LOG] %c[Vercel Web Analytics]%c [view] http://localhost:3000/dashboard color: rgb(120, 120, 120) color: inherit {o: http://localhost:3000/dashboard, sv: 0.1.3, sdkn: @vercel/analytics/next, sdkv: 2.0.1, ts: 1785002046029} /_vercel/insights/view @ http://localhost:3000/_next/static/chunks/node_modules_next_dist_1ybzpk2._.js:2477
[  359228ms] [LOG] %c[Vercel Web Analytics]%c [view] http://localhost:3000/onboarding color: rgb(120, 120, 120) color: inherit {o: http://localhost:3000/onboarding, sv: 0.1.3, sdkn: @vercel/analytics/next, sdkv: 2.0.1, ts: 1785002046361} /_vercel/insights/view @ http://localhost:3000/_next/static/chunks/node_modules_next_dist_1ybzpk2._.js:2477
[  359299ms] [LOG] %c[Vercel Web Analytics]%c [view] http://localhost:3000/dashboard color: rgb(120, 120, 120) color: inherit {o: http://localhost:3000/dashboard, sv: 0.1.3, sdkn: @vercel/analytics/next, sdkv: 2.0.1, ts: 1785002046432} /_vercel/insights/view @ http://localhost:3000/_next/static/chunks/node_modules_next_dist_1ybzpk2._.js:2477
[  359670ms] [LOG] %c[Vercel Web Analytics]%c [view] http://localhost:3000/onboarding color: rgb(120, 120, 120) color: inherit {o: http://localhost:3000/onboarding, sv: 0.1.3, sdkn: @vercel/analytics/next, sdkv: 2.0.1, ts: 1785002046803} /_vercel/insights/view @ http://localhost:3000/_next/static/chunks/node_modules_next_dist_1ybzpk2._.js:2477
[  359748ms] [LOG] %c[Vercel Web Analytics]%c [view] http://localhost:3000/dashboard color: rgb(120, 120, 120) color: inherit {o: http://localhost:3000/dashboard, sv: 0.1.3, sdkn: @vercel/analytics/next, sdkv: 2.0.1, ts: 1785002046881} /_vercel/insights/view @ http://localhost:3000/_next/static/chunks/node_modules_next_dist_1ybzpk2._.js:2477
[  360088ms] [LOG] %c[Vercel Web Analytics]%c [view] http://localhost:3000/onboarding color: rgb(120, 120, 120) color: inherit {o: http://localhost:3000/onboarding, sv: 0.1.3, sdkn: @vercel/analytics/next, sdkv: 2.0.1, ts: 1785002047220} /_vercel/insights/view @ http://localhost:3000/_next/static/chunks/node_modules_next_dist_1ybzpk2._.js:2477
[  360177ms] [LOG] %c[Vercel Web Analytics]%c [view] http://localhost:3000/dashboard color: rgb(120, 120, 120) color: inherit {o: http://localhost:3000/dashboard, sv: 0.1.3, sdkn: @vercel/analytics/next, sdkv: 2.0.1, ts: 1785002047309} /_vercel/insights/view @ http://localhost:3000/_next/static/chunks/node_modules_next_dist_1ybzpk2._.js:2477
[  360250ms] [LOG] [Fast Refresh] rebuilding @ http://localhost:3000/_next/static/chunks/node_modules_next_dist_1ybzpk2._.js:2477
[  360267ms] [LOG] [Fast Refresh] done in 118ms @ http://localhost:3000/_next/static/chunks/node_modules_next_dist_1ybzpk2._.js:2477
[  360507ms] [LOG] %c[Vercel Web Analytics]%c [view] http://localhost:3000/onboarding color: rgb(120, 120, 120) color: inherit {o: http://localhost:3000/onboarding, sv: 0.1.3, sdkn: @vercel/analytics/next, sdkv: 2.0.1, ts: 1785002047640} /_vercel/insights/view @ http://localhost:3000/_next/static/chunks/node_modules_next_dist_1ybzpk2._.js:2477
[  360576ms] [LOG] %c[Vercel Web Analytics]%c [view] http://localhost:3000/dashboard color: rgb(120, 120, 120) color: inherit {o: http://localhost:3000/dashboard, sv: 0.1.3, sdkn: @vercel/analytics/next, sdkv: 2.0.1, ts: 1785002047708} /_vercel/insights/view @ http://localhost:3000/_next/static/chunks/node_modules_next_dist_1ybzpk2._.js:2477
[  360892ms] [LOG] %c[Vercel Web Analytics]%c [view] http://localhost:3000/onboarding color: rgb(120, 120, 120) color: inherit {o: http://localhost:3000/onboarding, sv: 0.1.3, sdkn: @vercel/analytics/next, sdkv: 2.0.1, ts: 1785002048025} /_vercel/insights/view @ http://localhost:3000/_next/static/chunks/node_modules_next_dist_1ybzpk2._.js:2477
[  360993ms] [LOG] %c[Vercel Web Analytics]%c [view] http://localhost:3000/dashboard color: rgb(120, 120, 120) color: inherit {o: http://localhost:3000/dashboard, sv: 0.1.3, sdkn: @vercel/analytics/next, sdkv: 2.0.1, ts: 1785002048125} /_vercel/insights/view @ http://localhost:3000/_next/static/chunks/node_modules_next_dist_1ybzpk2._.js:2477
[  361342ms] [LOG] %c[Vercel Web Analytics]%c [view] http://localhost:3000/onboarding color: rgb(120, 120, 120) color: inherit {o: http://localhost:3000/onboarding, sv: 0.1.3, sdkn: @vercel/analytics/next, sdkv: 2.0.1, ts: 1785002048475} /_vercel/insights/view @ http://localhost:3000/_next/static/chunks/node_modules_next_dist_1ybzpk2._.js:2477
[  361421ms] [LOG] %c[Vercel Web Analytics]%c [view] http://localhost:3000/dashboard color: rgb(120, 120, 120) color: inherit {o: http://localhost:3000/dashboard, sv: 0.1.3, sdkn: @vercel/analytics/next, sdkv: 2.0.1, ts: 1785002048554} /_vercel/insights/view @ http://localhost:3000/_next/static/chunks/node_modules_next_dist_1ybzpk2._.js:2477
[  361768ms] [LOG] %c[Vercel Web Analytics]%c [view] http://localhost:3000/onboarding color: rgb(120, 120, 120) color: inherit {o: http://localhost:3000/onboarding, sv: 0.1.3, sdkn: @vercel/analytics/next, sdkv: 2.0.1, ts: 1785002048901} /_vercel/insights/view @ http://localhost:3000/_next/static/chunks/node_modules_next_dist_1ybzpk2._.js:2477
[  361849ms] [LOG] %c[Vercel Web Analytics]%c [view] http://localhost:3000/dashboard color: rgb(120, 120, 120) color: inherit {o: http://localhost:3000/dashboard, sv: 0.1.3, sdkn: @vercel/analytics/next, sdkv: 2.0.1, ts: 1785002048982} /_vercel/insights/view @ http://localhost:3000/_next/static/chunks/node_modules_next_dist_1ybzpk2._.js:2477
[  362202ms] [LOG] %c[Vercel Web Analytics]%c [view] http://localhost:3000/onboarding color: rgb(120, 120, 120) color: inherit {o: http://localhost:3000/onboarding, sv: 0.1.3, sdkn: @vercel/analytics/next, sdkv: 2.0.1, ts: 1785002049334} /_vercel/insights/view @ http://localhost:3000/_next/static/chunks/node_modules_next_dist_1ybzpk2._.js:2477
[  362299ms] [LOG] %c[Vercel Web Analytics]%c [view] http://localhost:3000/dashboard color: rgb(120, 120, 120) color: inherit {o: http://localhost:3000/dashboard, sv: 0.1.3, sdkn: @vercel/analytics/next, sdkv: 2.0.1, ts: 1785002049432} /_vercel/insights/view @ http://localhost:3000/_next/static/chunks/node_modules_next_dist_1ybzpk2._.js:2477
[  362653ms] [LOG] %c[Vercel Web Analytics]%c [view] http://localhost:3000/onboarding color: rgb(120, 120, 120) color: inherit {o: http://localhost:3000/onboarding, sv: 0.1.3, sdkn: @vercel/analytics/next, sdkv: 2.0.1, ts: 1785002049786} /_vercel/insights/view @ http://localhost:3000/_next/static/chunks/node_modules_next_dist_1ybzpk2._.js:2477
[  362749ms] [LOG] %c[Vercel Web Analytics]%c [view] http://localhost:3000/dashboard color: rgb(120, 120, 120) color: inherit {o: http://localhost:3000/dashboard, sv: 0.1.3, sdkn: @vercel/analytics/next, sdkv: 2.0.1, ts: 1785002049881} /_vercel/insights/view @ http://localhost:3000/_next/static/chunks/node_modules_next_dist_1ybzpk2._.js:2477
[  363102ms] [LOG] %c[Vercel Web Analytics]%c [view] http://localhost:3000/onboarding color: rgb(120, 120, 120) color: inherit {o: http://localhost:3000/onboarding, sv: 0.1.3, sdkn: @vercel/analytics/next, sdkv: 2.0.1, ts: 1785002050235} /_vercel/insights/view @ http://localhost:3000/_next/static/chunks/node_modules_next_dist_1ybzpk2._.js:2477
[  363173ms] [LOG] %c[Vercel Web Analytics]%c [view] http://localhost:3000/dashboard color: rgb(120, 120, 120) color: inherit {o: http://localhost:3000/dashboard, sv: 0.1.3, sdkn: @vercel/analytics/next, sdkv: 2.0.1, ts: 1785002050306} /_vercel/insights/view @ http://localhost:3000/_next/static/chunks/node_modules_next_dist_1ybzpk2._.js:2477
[  363507ms] [LOG] %c[Vercel Web Analytics]%c [view] http://localhost:3000/onboarding color: rgb(120, 120, 120) color: inherit {o: http://localhost:3000/onboarding, sv: 0.1.3, sdkn: @vercel/analytics/next, sdkv: 2.0.1, ts: 1785002050640} /_vercel/insights/view @ http://localhost:3000/_next/static/chunks/node_modules_next_dist_1ybzpk2._.js:2477
[  363579ms] [LOG] %c[Vercel Web Analytics]%c [view] http://localhost:3000/dashboard color: rgb(120, 120, 120) color: inherit {o: http://localhost:3000/dashboard, sv: 0.1.3, sdkn: @vercel/analytics/next, sdkv: 2.0.1, ts: 1785002050711} /_vercel/insights/view @ http://localhost:3000/_next/static/chunks/node_modules_next_dist_1ybzpk2._.js:2477
[  363930ms] [LOG] %c[Vercel Web Analytics]%c [view] http://localhost:3000/onboarding color: rgb(120, 120, 120) color: inherit {o: http://localhost:3000/onboarding, sv: 0.1.3, sdkn: @vercel/analytics/next, sdkv: 2.0.1, ts: 1785002051063} /_vercel/insights/view @ http://localhost:3000/_next/static/chunks/node_modules_next_dist_1ybzpk2._.js:2477
[  364010ms] [LOG] %c[Vercel Web Analytics]%c [view] http://localhost:3000/dashboard color: rgb(120, 120, 120) color: inherit {o: http://localhost:3000/dashboard, sv: 0.1.3, sdkn: @vercel/analytics/next, sdkv: 2.0.1, ts: 1785002051143} /_vercel/insights/view @ http://localhost:3000/_next/static/chunks/node_modules_next_dist_1ybzpk2._.js:2477
[  364356ms] [LOG] %c[Vercel Web Analytics]%c [view] http://localhost:3000/onboarding color: rgb(120, 120, 120) color: inherit {o: http://localhost:3000/onboarding, sv: 0.1.3, sdkn: @vercel/analytics/next, sdkv: 2.0.1, ts: 1785002051489} /_vercel/insights/view @ http://localhost:3000/_next/static/chunks/node_modules_next_dist_1ybzpk2._.js:2477
[  364429ms] [LOG] %c[Vercel Web Analytics]%c [view] http://localhost:3000/dashboard color: rgb(120, 120, 120) color: inherit {o: http://localhost:3000/dashboard, sv: 0.1.3, sdkn: @vercel/analytics/next, sdkv: 2.0.1, ts: 1785002051562} /_vercel/insights/view @ http://localhost:3000/_next/static/chunks/node_modules_next_dist_1ybzpk2._.js:2477
[  364788ms] [LOG] %c[Vercel Web Analytics]%c [view] http://localhost:3000/onboarding color: rgb(120, 120, 120) color: inherit {o: http://localhost:3000/onboarding, sv: 0.1.3, sdkn: @vercel/analytics/next, sdkv: 2.0.1, ts: 1785002051921} /_vercel/insights/view @ http://localhost:3000/_next/static/chunks/node_modules_next_dist_1ybzpk2._.js:2477
[  364880ms] [LOG] %c[Vercel Web Analytics]%c [view] http://localhost:3000/dashboard color: rgb(120, 120, 120) color: inherit {o: http://localhost:3000/dashboard, sv: 0.1.3, sdkn: @vercel/analytics/next, sdkv: 2.0.1, ts: 1785002052013} /_vercel/insights/view @ http://localhost:3000/_next/static/chunks/node_modules_next_dist_1ybzpk2._.js:2477
[  365238ms] [LOG] %c[Vercel Web Analytics]%c [view] http://localhost:3000/onboarding color: rgb(120, 120, 120) color: inherit {o: http://localhost:3000/onboarding, sv: 0.1.3, sdkn: @vercel/analytics/next, sdkv: 2.0.1, ts: 1785002052371} /_vercel/insights/view @ http://localhost:3000/_next/static/chunks/node_modules_next_dist_1ybzpk2._.js:2477
[  365319ms] [LOG] %c[Vercel Web Analytics]%c [view] http://localhost:3000/dashboard color: rgb(120, 120, 120) color: inherit {o: http://localhost:3000/dashboard, sv: 0.1.3, sdkn: @vercel/analytics/next, sdkv: 2.0.1, ts: 1785002052452} /_vercel/insights/view @ http://localhost:3000/_next/static/chunks/node_modules_next_dist_1ybzpk2._.js:2477
[  365688ms] [LOG] %c[Vercel Web Analytics]%c [view] http://localhost:3000/onboarding color: rgb(120, 120, 120) color: inherit {o: http://localhost:3000/onboarding, sv: 0.1.3, sdkn: @vercel/analytics/next, sdkv: 2.0.1, ts: 1785002052820} /_vercel/insights/view @ http://localhost:3000/_next/static/chunks/node_modules_next_dist_1ybzpk2._.js:2477
[  365777ms] [LOG] %c[Vercel Web Analytics]%c [view] http://localhost:3000/dashboard color: rgb(120, 120, 120) color: inherit {o: http://localhost:3000/dashboard, sv: 0.1.3, sdkn: @vercel/analytics/next, sdkv: 2.0.1, ts: 1785002052910} /_vercel/insights/view @ http://localhost:3000/_next/static/chunks/node_modules_next_dist_1ybzpk2._.js:2477
[  366099ms] [LOG] %c[Vercel Web Analytics]%c [view] http://localhost:3000/onboarding color: rgb(120, 120, 120) color: inherit {o: http://localhost:3000/onboarding, sv: 0.1.3, sdkn: @vercel/analytics/next, sdkv: 2.0.1, ts: 1785002053232} /_vercel/insights/view @ http://localhost:3000/_next/static/chunks/node_modules_next_dist_1ybzpk2._.js:2477
[  366172ms] [LOG] %c[Vercel Web Analytics]%c [view] http://localhost:3000/dashboard color: rgb(120, 120, 120) color: inherit {o: http://localhost:3000/dashboard, sv: 0.1.3, sdkn: @vercel/analytics/next, sdkv: 2.0.1, ts: 1785002053305} /_vercel/insights/view @ http://localhost:3000/_next/static/chunks/node_modules_next_dist_1ybzpk2._.js:2477
[  366520ms] [LOG] %c[Vercel Web Analytics]%c [view] http://localhost:3000/onboarding color: rgb(120, 120, 120) color: inherit {o: http://localhost:3000/onboarding, sv: 0.1.3, sdkn: @vercel/analytics/next, sdkv: 2.0.1, ts: 1785002053652} /_vercel/insights/view @ http://localhost:3000/_next/static/chunks/node_modules_next_dist_1ybzpk2._.js:2477
[  366618ms] [LOG] %c[Vercel Web Analytics]%c [view] http://localhost:3000/dashboard color: rgb(120, 120, 120) color: inherit {o: http://localhost:3000/dashboard, sv: 0.1.3, sdkn: @vercel/analytics/next, sdkv: 2.0.1, ts: 1785002053751} /_vercel/insights/view @ http://localhost:3000/_next/static/chunks/node_modules_next_dist_1ybzpk2._.js:2477
[  366961ms] [LOG] %c[Vercel Web Analytics]%c [view] http://localhost:3000/onboarding color: rgb(120, 120, 120) color: inherit {o: http://localhost:3000/onboarding, sv: 0.1.3, sdkn: @vercel/analytics/next, sdkv: 2.0.1, ts: 1785002054094} /_vercel/insights/view @ http://localhost:3000/_next/static/chunks/node_modules_next_dist_1ybzpk2._.js:2477
[  367040ms] [LOG] %c[Vercel Web Analytics]%c [view] http://localhost:3000/dashboard color: rgb(120, 120, 120) color: inherit {o: http://localhost:3000/dashboard, sv: 0.1.3, sdkn: @vercel/analytics/next, sdkv: 2.0.1, ts: 1785002054173} /_vercel/insights/view @ http://localhost:3000/_next/static/chunks/node_modules_next_dist_1ybzpk2._.js:2477
[  367397ms] [LOG] %c[Vercel Web Analytics]%c [view] http://localhost:3000/onboarding color: rgb(120, 120, 120) color: inherit {o: http://localhost:3000/onboarding, sv: 0.1.3, sdkn: @vercel/analytics/next, sdkv: 2.0.1, ts: 1785002054530} /_vercel/insights/view @ http://localhost:3000/_next/static/chunks/node_modules_next_dist_1ybzpk2._.js:2477
[  367470ms] [LOG] %c[Vercel Web Analytics]%c [view] http://localhost:3000/dashboard color: rgb(120, 120, 120) color: inherit {o: http://localhost:3000/dashboard, sv: 0.1.3, sdkn: @vercel/analytics/next, sdkv: 2.0.1, ts: 1785002054602} /_vercel/insights/view @ http://localhost:3000/_next/static/chunks/node_modules_next_dist_1ybzpk2._.js:2477
[  367817ms] [LOG] %c[Vercel Web Analytics]%c [view] http://localhost:3000/onboarding color: rgb(120, 120, 120) color: inherit {o: http://localhost:3000/onboarding, sv: 0.1.3, sdkn: @vercel/analytics/next, sdkv: 2.0.1, ts: 1785002054949} /_vercel/insights/view @ http://localhost:3000/_next/static/chunks/node_modules_next_dist_1ybzpk2._.js:2477
[  367893ms] [LOG] %c[Vercel Web Analytics]%c [view] http://localhost:3000/dashboard color: rgb(120, 120, 120) color: inherit {o: http://localhost:3000/dashboard, sv: 0.1.3, sdkn: @vercel/analytics/next, sdkv: 2.0.1, ts: 1785002055026} /_vercel/insights/view @ http://localhost:3000/_next/static/chunks/node_modules_next_dist_1ybzpk2._.js:2477
[  368237ms] [LOG] %c[Vercel Web Analytics]%c [view] http://localhost:3000/onboarding color: rgb(120, 120, 120) color: inherit {o: http://localhost:3000/onboarding, sv: 0.1.3, sdkn: @vercel/analytics/next, sdkv: 2.0.1, ts: 1785002055370} /_vercel/insights/view @ http://localhost:3000/_next/static/chunks/node_modules_next_dist_1ybzpk2._.js:2477
[  368318ms] [LOG] %c[Vercel Web Analytics]%c [view] http://localhost:3000/dashboard color: rgb(120, 120, 120) color: inherit {o: http://localhost:3000/dashboard, sv: 0.1.3, sdkn: @vercel/analytics/next, sdkv: 2.0.1, ts: 1785002055451} /_vercel/insights/view @ http://localhost:3000/_next/static/chunks/node_modules_next_dist_1ybzpk2._.js:2477
[  368647ms] [LOG] %c[Vercel Web Analytics]%c [view] http://localhost:3000/onboarding color: rgb(120, 120, 120) color: inherit {o: http://localhost:3000/onboarding, sv: 0.1.3, sdkn: @vercel/analytics/next, sdkv: 2.0.1, ts: 1785002055779} /_vercel/insights/view @ http://localhost:3000/_next/static/chunks/node_modules_next_dist_1ybzpk2._.js:2477
[  368734ms] [LOG] %c[Vercel Web Analytics]%c [view] http://localhost:3000/dashboard color: rgb(120, 120, 120) color: inherit {o: http://localhost:3000/dashboard, sv: 0.1.3, sdkn: @vercel/analytics/next, sdkv: 2.0.1, ts: 1785002055865} /_vercel/insights/view @ http://localhost:3000/_next/static/chunks/node_modules_next_dist_1ybzpk2._.js:2477
[  369082ms] [LOG] %c[Vercel Web Analytics]%c [view] http://localhost:3000/onboarding color: rgb(120, 120, 120) color: inherit {o: http://localhost:3000/onboarding, sv: 0.1.3, sdkn: @vercel/analytics/next, sdkv: 2.0.1, ts: 1785002056215} /_vercel/insights/view @ http://localhost:3000/_next/static/chunks/node_modules_next_dist_1ybzpk2._.js:2477
[  369168ms] [LOG] %c[Vercel Web Analytics]%c [view] http://localhost:3000/dashboard color: rgb(120, 120, 120) color: inherit {o: http://localhost:3000/dashboard, sv: 0.1.3, sdkn: @vercel/analytics/next, sdkv: 2.0.1, ts: 1785002056300} /_vercel/insights/view @ http://localhost:3000/_next/static/chunks/node_modules_next_dist_1ybzpk2._.js:2477
[  369501ms] [LOG] %c[Vercel Web Analytics]%c [view] http://localhost:3000/onboarding color: rgb(120, 120, 120) color: inherit {o: http://localhost:3000/onboarding, sv: 0.1.3, sdkn: @vercel/analytics/next, sdkv: 2.0.1, ts: 1785002056634} /_vercel/insights/view @ http://localhost:3000/_next/static/chunks/node_modules_next_dist_1ybzpk2._.js:2477
[  369619ms] [LOG] %c[Vercel Web Analytics]%c [view] http://localhost:3000/dashboard color: rgb(120, 120, 120) color: inherit {o: http://localhost:3000/dashboard, sv: 0.1.3, sdkn: @vercel/analytics/next, sdkv: 2.0.1, ts: 1785002056751} /_vercel/insights/view @ http://localhost:3000/_next/static/chunks/node_modules_next_dist_1ybzpk2._.js:2477
[  369960ms] [LOG] %c[Vercel Web Analytics]%c [view] http://localhost:3000/onboarding color: rgb(120, 120, 120) color: inherit {o: http://localhost:3000/onboarding, sv: 0.1.3, sdkn: @vercel/analytics/next, sdkv: 2.0.1, ts: 1785002057093} /_vercel/insights/view @ http://localhost:3000/_next/static/chunks/node_modules_next_dist_1ybzpk2._.js:2477
[  370053ms] [LOG] %c[Vercel Web Analytics]%c [view] http://localhost:3000/dashboard color: rgb(120, 120, 120) color: inherit {o: http://localhost:3000/dashboard, sv: 0.1.3, sdkn: @vercel/analytics/next, sdkv: 2.0.1, ts: 1785002057185} /_vercel/insights/view @ http://localhost:3000/_next/static/chunks/node_modules_next_dist_1ybzpk2._.js:2477
[  370390ms] [LOG] %c[Vercel Web Analytics]%c [view] http://localhost:3000/onboarding color: rgb(120, 120, 120) color: inherit {o: http://localhost:3000/onboarding, sv: 0.1.3, sdkn: @vercel/analytics/next, sdkv: 2.0.1, ts: 1785002057523} /_vercel/insights/view @ http://localhost:3000/_next/static/chunks/node_modules_next_dist_1ybzpk2._.js:2477
[  370472ms] [LOG] %c[Vercel Web Analytics]%c [view] http://localhost:3000/dashboard color: rgb(120, 120, 120) color: inherit {o: http://localhost:3000/dashboard, sv: 0.1.3, sdkn: @vercel/analytics/next, sdkv: 2.0.1, ts: 1785002057605} /_vercel/insights/view @ http://localhost:3000/_next/static/chunks/node_modules_next_dist_1ybzpk2._.js:2477
[  370814ms] [LOG] %c[Vercel Web Analytics]%c [view] http://localhost:3000/onboarding color: rgb(120, 120, 120) color: inherit {o: http://localhost:3000/onboarding, sv: 0.1.3, sdkn: @vercel/analytics/next, sdkv: 2.0.1, ts: 1785002057946} /_vercel/insights/view @ http://localhost:3000/_next/static/chunks/node_modules_next_dist_1ybzpk2._.js:2477
[  370896ms] [LOG] %c[Vercel Web Analytics]%c [view] http://localhost:3000/dashboard color: rgb(120, 120, 120) color: inherit {o: http://localhost:3000/dashboard, sv: 0.1.3, sdkn: @vercel/analytics/next, sdkv: 2.0.1, ts: 1785002058029} /_vercel/insights/view @ http://localhost:3000/_next/static/chunks/node_modules_next_dist_1ybzpk2._.js:2477
[  370972ms] [LOG] [Fast Refresh] rebuilding @ http://localhost:3000/_next/static/chunks/node_modules_next_dist_1ybzpk2._.js:2477
[  371025ms] [LOG] [Fast Refresh] done in 153ms @ http://localhost:3000/_next/static/chunks/node_modules_next_dist_1ybzpk2._.js:2477
[  371218ms] [LOG] %c[Vercel Web Analytics]%c [view] http://localhost:3000/onboarding color: rgb(120, 120, 120) color: inherit {o: http://localhost:3000/onboarding, sv: 0.1.3, sdkn: @vercel/analytics/next, sdkv: 2.0.1, ts: 1785002058351} /_vercel/insights/view @ http://localhost:3000/_next/static/chunks/node_modules_next_dist_1ybzpk2._.js:2477
[  371302ms] [LOG] %c[Vercel Web Analytics]%c [view] http://localhost:3000/dashboard color: rgb(120, 120, 120) color: inherit {o: http://localhost:3000/dashboard, sv: 0.1.3, sdkn: @vercel/analytics/next, sdkv: 2.0.1, ts: 1785002058434} /_vercel/insights/view @ http://localhost:3000/_next/static/chunks/node_modules_next_dist_1ybzpk2._.js:2477
[  371661ms] [LOG] %c[Vercel Web Analytics]%c [view] http://localhost:3000/onboarding color: rgb(120, 120, 120) color: inherit {o: http://localhost:3000/onboarding, sv: 0.1.3, sdkn: @vercel/analytics/next, sdkv: 2.0.1, ts: 1785002058793} /_vercel/insights/view @ http://localhost:3000/_next/static/chunks/node_modules_next_dist_1ybzpk2._.js:2477
[  371758ms] [LOG] %c[Vercel Web Analytics]%c [view] http://localhost:3000/dashboard color: rgb(120, 120, 120) color: inherit {o: http://localhost:3000/dashboard, sv: 0.1.3, sdkn: @vercel/analytics/next, sdkv: 2.0.1, ts: 1785002058890} /_vercel/insights/view @ http://localhost:3000/_next/static/chunks/node_modules_next_dist_1ybzpk2._.js:2477
[  371830ms] [LOG] [Fast Refresh] rebuilding @ http://localhost:3000/_next/static/chunks/node_modules_next_dist_1ybzpk2._.js:2477
[  371847ms] [LOG] [Fast Refresh] done in 118ms @ http://localhost:3000/_next/static/chunks/node_modules_next_dist_1ybzpk2._.js:2477
[  372092ms] [LOG] %c[Vercel Web Analytics]%c [view] http://localhost:3000/onboarding color: rgb(120, 120, 120) color: inherit {o: http://localhost:3000/onboarding, sv: 0.1.3, sdkn: @vercel/analytics/next, sdkv: 2.0.1, ts: 1785002059224} /_vercel/insights/view @ http://localhost:3000/_next/static/chunks/node_modules_next_dist_1ybzpk2._.js:2477
[  372168ms] [LOG] %c[Vercel Web Analytics]%c [view] http://localhost:3000/dashboard color: rgb(120, 120, 120) color: inherit {o: http://localhost:3000/dashboard, sv: 0.1.3, sdkn: @vercel/analytics/next, sdkv: 2.0.1, ts: 1785002059301} /_vercel/insights/view @ http://localhost:3000/_next/static/chunks/node_modules_next_dist_1ybzpk2._.js:2477
[  372518ms] [LOG] %c[Vercel Web Analytics]%c [view] http://localhost:3000/onboarding color: rgb(120, 120, 120) color: inherit {o: http://localhost:3000/onboarding, sv: 0.1.3, sdkn: @vercel/analytics/next, sdkv: 2.0.1, ts: 1785002059651} /_vercel/insights/view @ http://localhost:3000/_next/static/chunks/node_modules_next_dist_1ybzpk2._.js:2477
[  372612ms] [LOG] %c[Vercel Web Analytics]%c [view] http://localhost:3000/dashboard color: rgb(120, 120, 120) color: inherit {o: http://localhost:3000/dashboard, sv: 0.1.3, sdkn: @vercel/analytics/next, sdkv: 2.0.1, ts: 1785002059745} /_vercel/insights/view @ http://localhost:3000/_next/static/chunks/node_modules_next_dist_1ybzpk2._.js:2477
[  372951ms] [LOG] %c[Vercel Web Analytics]%c [view] http://localhost:3000/onboarding color: rgb(120, 120, 120) color: inherit {o: http://localhost:3000/onboarding, sv: 0.1.3, sdkn: @vercel/analytics/next, sdkv: 2.0.1, ts: 1785002060083} /_vercel/insights/view @ http://localhost:3000/_next/static/chunks/node_modules_next_dist_1ybzpk2._.js:2477
[  373031ms] [LOG] %c[Vercel Web Analytics]%c [view] http://localhost:3000/dashboard color: rgb(120, 120, 120) color: inherit {o: http://localhost:3000/dashboard, sv: 0.1.3, sdkn: @vercel/analytics/next, sdkv: 2.0.1, ts: 1785002060164} /_vercel/insights/view @ http://localhost:3000/_next/static/chunks/node_modules_next_dist_1ybzpk2._.js:2477
[  373402ms] [LOG] %c[Vercel Web Analytics]%c [view] http://localhost:3000/onboarding color: rgb(120, 120, 120) color: inherit {o: http://localhost:3000/onboarding, sv: 0.1.3, sdkn: @vercel/analytics/next, sdkv: 2.0.1, ts: 1785002060535} /_vercel/insights/view @ http://localhost:3000/_next/static/chunks/node_modules_next_dist_1ybzpk2._.js:2477
[  373470ms] [LOG] %c[Vercel Web Analytics]%c [view] http://localhost:3000/dashboard color: rgb(120, 120, 120) color: inherit {o: http://localhost:3000/dashboard, sv: 0.1.3, sdkn: @vercel/analytics/next, sdkv: 2.0.1, ts: 1785002060603} /_vercel/insights/view @ http://localhost:3000/_next/static/chunks/node_modules_next_dist_1ybzpk2._.js:2477
[  373832ms] [LOG] %c[Vercel Web Analytics]%c [view] http://localhost:3000/onboarding color: rgb(120, 120, 120) color: inherit {o: http://localhost:3000/onboarding, sv: 0.1.3, sdkn: @vercel/analytics/next, sdkv: 2.0.1, ts: 1785002060965} /_vercel/insights/view @ http://localhost:3000/_next/static/chunks/node_modules_next_dist_1ybzpk2._.js:2477
[  373922ms] [LOG] %c[Vercel Web Analytics]%c [view] http://localhost:3000/dashboard color: rgb(120, 120, 120) color: inherit {o: http://localhost:3000/dashboard, sv: 0.1.3, sdkn: @vercel/analytics/next, sdkv: 2.0.1, ts: 1785002061054} /_vercel/insights/view @ http://localhost:3000/_next/static/chunks/node_modules_next_dist_1ybzpk2._.js:2477
[  374321ms] [LOG] %c[Vercel Web Analytics]%c [view] http://localhost:3000/onboarding color: rgb(120, 120, 120) color: inherit {o: http://localhost:3000/onboarding, sv: 0.1.3, sdkn: @vercel/analytics/next, sdkv: 2.0.1, ts: 1785002061453} /_vercel/insights/view @ http://localhost:3000/_next/static/chunks/node_modules_next_dist_1ybzpk2._.js:2477
[  374397ms] [LOG] %c[Vercel Web Analytics]%c [view] http://localhost:3000/dashboard color: rgb(120, 120, 120) color: inherit {o: http://localhost:3000/dashboard, sv: 0.1.3, sdkn: @vercel/analytics/next, sdkv: 2.0.1, ts: 1785002061530} /_vercel/insights/view @ http://localhost:3000/_next/static/chunks/node_modules_next_dist_1ybzpk2._.js:2477
[  374436ms] [LOG] [Fast Refresh] rebuilding @ http://localhost:3000/_next/static/chunks/node_modules_next_dist_1ybzpk2._.js:2477
[  374490ms] [LOG] [Fast Refresh] done in 155ms @ http://localhost:3000/_next/static/chunks/node_modules_next_dist_1ybzpk2._.js:2477
[  374726ms] [LOG] %c[Vercel Web Analytics]%c [view] http://localhost:3000/onboarding color: rgb(120, 120, 120) color: inherit {o: http://localhost:3000/onboarding, sv: 0.1.3, sdkn: @vercel/analytics/next, sdkv: 2.0.1, ts: 1785002061859} /_vercel/insights/view @ http://localhost:3000/_next/static/chunks/node_modules_next_dist_1ybzpk2._.js:2477
[  374797ms] [LOG] %c[Vercel Web Analytics]%c [view] http://localhost:3000/dashboard color: rgb(120, 120, 120) color: inherit {o: http://localhost:3000/dashboard, sv: 0.1.3, sdkn: @vercel/analytics/next, sdkv: 2.0.1, ts: 1785002061930} /_vercel/insights/view @ http://localhost:3000/_next/static/chunks/node_modules_next_dist_1ybzpk2._.js:2477
[  375144ms] [LOG] %c[Vercel Web Analytics]%c [view] http://localhost:3000/onboarding color: rgb(120, 120, 120) color: inherit {o: http://localhost:3000/onboarding, sv: 0.1.3, sdkn: @vercel/analytics/next, sdkv: 2.0.1, ts: 1785002062276} /_vercel/insights/view @ http://localhost:3000/_next/static/chunks/node_modules_next_dist_1ybzpk2._.js:2477
[  375236ms] [LOG] %c[Vercel Web Analytics]%c [view] http://localhost:3000/dashboard color: rgb(120, 120, 120) color: inherit {o: http://localhost:3000/dashboard, sv: 0.1.3, sdkn: @vercel/analytics/next, sdkv: 2.0.1, ts: 1785002062369} /_vercel/insights/view @ http://localhost:3000/_next/static/chunks/node_modules_next_dist_1ybzpk2._.js:2477
[  375559ms] [LOG] %c[Vercel Web Analytics]%c [view] http://localhost:3000/onboarding color: rgb(120, 120, 120) color: inherit {o: http://localhost:3000/onboarding, sv: 0.1.3, sdkn: @vercel/analytics/next, sdkv: 2.0.1, ts: 1785002062692} /_vercel/insights/view @ http://localhost:3000/_next/static/chunks/node_modules_next_dist_1ybzpk2._.js:2477
[  375637ms] [LOG] %c[Vercel Web Analytics]%c [view] http://localhost:3000/dashboard color: rgb(120, 120, 120) color: inherit {o: http://localhost:3000/dashboard, sv: 0.1.3, sdkn: @vercel/analytics/next, sdkv: 2.0.1, ts: 1785002062770} /_vercel/insights/view @ http://localhost:3000/_next/static/chunks/node_modules_next_dist_1ybzpk2._.js:2477
[  375986ms] [LOG] %c[Vercel Web Analytics]%c [view] http://localhost:3000/onboarding color: rgb(120, 120, 120) color: inherit {o: http://localhost:3000/onboarding, sv: 0.1.3, sdkn: @vercel/analytics/next, sdkv: 2.0.1, ts: 1785002063119} /_vercel/insights/view @ http://localhost:3000/_next/static/chunks/node_modules_next_dist_1ybzpk2._.js:2477
[  376064ms] [LOG] %c[Vercel Web Analytics]%c [view] http://localhost:3000/dashboard color: rgb(120, 120, 120) color: inherit {o: http://localhost:3000/dashboard, sv: 0.1.3, sdkn: @vercel/analytics/next, sdkv: 2.0.1, ts: 1785002063196} /_vercel/insights/view @ http://localhost:3000/_next/static/chunks/node_modules_next_dist_1ybzpk2._.js:2477
[  376401ms] [LOG] %c[Vercel Web Analytics]%c [view] http://localhost:3000/onboarding color: rgb(120, 120, 120) color: inherit {o: http://localhost:3000/onboarding, sv: 0.1.3, sdkn: @vercel/analytics/next, sdkv: 2.0.1, ts: 1785002063534} /_vercel/insights/view @ http://localhost:3000/_next/static/chunks/node_modules_next_dist_1ybzpk2._.js:2477
[  376488ms] [LOG] %c[Vercel Web Analytics]%c [view] http://localhost:3000/dashboard color: rgb(120, 120, 120) color: inherit {o: http://localhost:3000/dashboard, sv: 0.1.3, sdkn: @vercel/analytics/next, sdkv: 2.0.1, ts: 1785002063621} /_vercel/insights/view @ http://localhost:3000/_next/static/chunks/node_modules_next_dist_1ybzpk2._.js:2477
[  376840ms] [LOG] %c[Vercel Web Analytics]%c [view] http://localhost:3000/onboarding color: rgb(120, 120, 120) color: inherit {o: http://localhost:3000/onboarding, sv: 0.1.3, sdkn: @vercel/analytics/next, sdkv: 2.0.1, ts: 1785002063973} /_vercel/insights/view @ http://localhost:3000/_next/static/chunks/node_modules_next_dist_1ybzpk2._.js:2477
[  376936ms] [LOG] %c[Vercel Web Analytics]%c [view] http://localhost:3000/dashboard color: rgb(120, 120, 120) color: inherit {o: http://localhost:3000/dashboard, sv: 0.1.3, sdkn: @vercel/analytics/next, sdkv: 2.0.1, ts: 1785002064068} /_vercel/insights/view @ http://localhost:3000/_next/static/chunks/node_modules_next_dist_1ybzpk2._.js:2477
[  377312ms] [LOG] %c[Vercel Web Analytics]%c [view] http://localhost:3000/onboarding color: rgb(120, 120, 120) color: inherit {o: http://localhost:3000/onboarding, sv: 0.1.3, sdkn: @vercel/analytics/next, sdkv: 2.0.1, ts: 1785002064445} /_vercel/insights/view @ http://localhost:3000/_next/static/chunks/node_modules_next_dist_1ybzpk2._.js:2477
[  377388ms] [LOG] %c[Vercel Web Analytics]%c [view] http://localhost:3000/dashboard color: rgb(120, 120, 120) color: inherit {o: http://localhost:3000/dashboard, sv: 0.1.3, sdkn: @vercel/analytics/next, sdkv: 2.0.1, ts: 1785002064521} /_vercel/insights/view @ http://localhost:3000/_next/static/chunks/node_modules_next_dist_1ybzpk2._.js:2477
[  377725ms] [LOG] %c[Vercel Web Analytics]%c [view] http://localhost:3000/onboarding color: rgb(120, 120, 120) color: inherit {o: http://localhost:3000/onboarding, sv: 0.1.3, sdkn: @vercel/analytics/next, sdkv: 2.0.1, ts: 1785002064858} /_vercel/insights/view @ http://localhost:3000/_next/static/chunks/node_modules_next_dist_1ybzpk2._.js:2477
[  377808ms] [LOG] %c[Vercel Web Analytics]%c [view] http://localhost:3000/dashboard color: rgb(120, 120, 120) color: inherit {o: http://localhost:3000/dashboard, sv: 0.1.3, sdkn: @vercel/analytics/next, sdkv: 2.0.1, ts: 1785002064941} /_vercel/insights/view @ http://localhost:3000/_next/static/chunks/node_modules_next_dist_1ybzpk2._.js:2477
[  378133ms] [LOG] %c[Vercel Web Analytics]%c [view] http://localhost:3000/onboarding color: rgb(120, 120, 120) color: inherit {o: http://localhost:3000/onboarding, sv: 0.1.3, sdkn: @vercel/analytics/next, sdkv: 2.0.1, ts: 1785002065265} /_vercel/insights/view @ http://localhost:3000/_next/static/chunks/node_modules_next_dist_1ybzpk2._.js:2477
[  378219ms] [LOG] %c[Vercel Web Analytics]%c [view] http://localhost:3000/dashboard color: rgb(120, 120, 120) color: inherit {o: http://localhost:3000/dashboard, sv: 0.1.3, sdkn: @vercel/analytics/next, sdkv: 2.0.1, ts: 1785002065351} /_vercel/insights/view @ http://localhost:3000/_next/static/chunks/node_modules_next_dist_1ybzpk2._.js:2477
[  378582ms] [LOG] %c[Vercel Web Analytics]%c [view] http://localhost:3000/onboarding color: rgb(120, 120, 120) color: inherit {o: http://localhost:3000/onboarding, sv: 0.1.3, sdkn: @vercel/analytics/next, sdkv: 2.0.1, ts: 1785002065715} /_vercel/insights/view @ http://localhost:3000/_next/static/chunks/node_modules_next_dist_1ybzpk2._.js:2477
[  378667ms] [LOG] %c[Vercel Web Analytics]%c [view] http://localhost:3000/dashboard color: rgb(120, 120, 120) color: inherit {o: http://localhost:3000/dashboard, sv: 0.1.3, sdkn: @vercel/analytics/next, sdkv: 2.0.1, ts: 1785002065800} /_vercel/insights/view @ http://localhost:3000/_next/static/chunks/node_modules_next_dist_1ybzpk2._.js:2477
[  378989ms] [LOG] %c[Vercel Web Analytics]%c [view] http://localhost:3000/onboarding color: rgb(120, 120, 120) color: inherit {o: http://localhost:3000/onboarding, sv: 0.1.3, sdkn: @vercel/analytics/next, sdkv: 2.0.1, ts: 1785002066122} /_vercel/insights/view @ http://localhost:3000/_next/static/chunks/node_modules_next_dist_1ybzpk2._.js:2477
[  379062ms] [LOG] %c[Vercel Web Analytics]%c [view] http://localhost:3000/dashboard color: rgb(120, 120, 120) color: inherit {o: http://localhost:3000/dashboard, sv: 0.1.3, sdkn: @vercel/analytics/next, sdkv: 2.0.1, ts: 1785002066195} /_vercel/insights/view @ http://localhost:3000/_next/static/chunks/node_modules_next_dist_1ybzpk2._.js:2477
[  379102ms] [LOG] [Fast Refresh] rebuilding @ http://localhost:3000/_next/static/chunks/node_modules_next_dist_1ybzpk2._.js:2477
[  379155ms] [LOG] [Fast Refresh] done in 153ms @ http://localhost:3000/_next/static/chunks/node_modules_next_dist_1ybzpk2._.js:2477
[  379402ms] [LOG] %c[Vercel Web Analytics]%c [view] http://localhost:3000/onboarding color: rgb(120, 120, 120) color: inherit {o: http://localhost:3000/onboarding, sv: 0.1.3, sdkn: @vercel/analytics/next, sdkv: 2.0.1, ts: 1785002066534} /_vercel/insights/view @ http://localhost:3000/_next/static/chunks/node_modules_next_dist_1ybzpk2._.js:2477
[  379493ms] [LOG] %c[Vercel Web Analytics]%c [view] http://localhost:3000/dashboard color: rgb(120, 120, 120) color: inherit {o: http://localhost:3000/dashboard, sv: 0.1.3, sdkn: @vercel/analytics/next, sdkv: 2.0.1, ts: 1785002066625} /_vercel/insights/view @ http://localhost:3000/_next/static/chunks/node_modules_next_dist_1ybzpk2._.js:2477
[  379848ms] [LOG] %c[Vercel Web Analytics]%c [view] http://localhost:3000/onboarding color: rgb(120, 120, 120) color: inherit {o: http://localhost:3000/onboarding, sv: 0.1.3, sdkn: @vercel/analytics/next, sdkv: 2.0.1, ts: 1785002066981} /_vercel/insights/view @ http://localhost:3000/_next/static/chunks/node_modules_next_dist_1ybzpk2._.js:2477
[  379931ms] [LOG] %c[Vercel Web Analytics]%c [view] http://localhost:3000/dashboard color: rgb(120, 120, 120) color: inherit {o: http://localhost:3000/dashboard, sv: 0.1.3, sdkn: @vercel/analytics/next, sdkv: 2.0.1, ts: 1785002067064} /_vercel/insights/view @ http://localhost:3000/_next/static/chunks/node_modules_next_dist_1ybzpk2._.js:2477
[  380271ms] [LOG] %c[Vercel Web Analytics]%c [view] http://localhost:3000/onboarding color: rgb(120, 120, 120) color: inherit {o: http://localhost:3000/onboarding, sv: 0.1.3, sdkn: @vercel/analytics/next, sdkv: 2.0.1, ts: 1785002067403} /_vercel/insights/view @ http://localhost:3000/_next/static/chunks/node_modules_next_dist_1ybzpk2._.js:2477
[  380357ms] [LOG] %c[Vercel Web Analytics]%c [view] http://localhost:3000/dashboard color: rgb(120, 120, 120) color: inherit {o: http://localhost:3000/dashboard, sv: 0.1.3, sdkn: @vercel/analytics/next, sdkv: 2.0.1, ts: 1785002067489} /_vercel/insights/view @ http://localhost:3000/_next/static/chunks/node_modules_next_dist_1ybzpk2._.js:2477
[  380687ms] [LOG] %c[Vercel Web Analytics]%c [view] http://localhost:3000/onboarding color: rgb(120, 120, 120) color: inherit {o: http://localhost:3000/onboarding, sv: 0.1.3, sdkn: @vercel/analytics/next, sdkv: 2.0.1, ts: 1785002067820} /_vercel/insights/view @ http://localhost:3000/_next/static/chunks/node_modules_next_dist_1ybzpk2._.js:2477
[  380778ms] [LOG] %c[Vercel Web Analytics]%c [view] http://localhost:3000/dashboard color: rgb(120, 120, 120) color: inherit {o: http://localhost:3000/dashboard, sv: 0.1.3, sdkn: @vercel/analytics/next, sdkv: 2.0.1, ts: 1785002067911} /_vercel/insights/view @ http://localhost:3000/_next/static/chunks/node_modules_next_dist_1ybzpk2._.js:2477
[  380990ms] [LOG] [Fast Refresh] rebuilding @ http://localhost:3000/_next/static/chunks/node_modules_next_dist_1ybzpk2._.js:2477
[  381018ms] [LOG] [Fast Refresh] done in 134ms @ http://localhost:3000/_next/static/chunks/node_modules_next_dist_1ybzpk2._.js:2477
[  381129ms] [LOG] %c[Vercel Web Analytics]%c [view] http://localhost:3000/onboarding color: rgb(120, 120, 120) color: inherit {o: http://localhost:3000/onboarding, sv: 0.1.3, sdkn: @vercel/analytics/next, sdkv: 2.0.1, ts: 1785002068262} /_vercel/insights/view @ http://localhost:3000/_next/static/chunks/node_modules_next_dist_1ybzpk2._.js:2477
[  381226ms] [LOG] %c[Vercel Web Analytics]%c [view] http://localhost:3000/dashboard color: rgb(120, 120, 120) color: inherit {o: http://localhost:3000/dashboard, sv: 0.1.3, sdkn: @vercel/analytics/next, sdkv: 2.0.1, ts: 1785002068359} /_vercel/insights/view @ http://localhost:3000/_next/static/chunks/node_modules_next_dist_1ybzpk2._.js:2477
[  381554ms] [LOG] %c[Vercel Web Analytics]%c [view] http://localhost:3000/onboarding color: rgb(120, 120, 120) color: inherit {o: http://localhost:3000/onboarding, sv: 0.1.3, sdkn: @vercel/analytics/next, sdkv: 2.0.1, ts: 1785002068686} /_vercel/insights/view @ http://localhost:3000/_next/static/chunks/node_modules_next_dist_1ybzpk2._.js:2477
[  381643ms] [LOG] %c[Vercel Web Analytics]%c [view] http://localhost:3000/dashboard color: rgb(120, 120, 120) color: inherit {o: http://localhost:3000/dashboard, sv: 0.1.3, sdkn: @vercel/analytics/next, sdkv: 2.0.1, ts: 1785002068775} /_vercel/insights/view @ http://localhost:3000/_next/static/chunks/node_modules_next_dist_1ybzpk2._.js:2477
[  382001ms] [LOG] %c[Vercel Web Analytics]%c [view] http://localhost:3000/onboarding color: rgb(120, 120, 120) color: inherit {o: http://localhost:3000/onboarding, sv: 0.1.3, sdkn: @vercel/analytics/next, sdkv: 2.0.1, ts: 1785002069134} /_vercel/insights/view @ http://localhost:3000/_next/static/chunks/node_modules_next_dist_1ybzpk2._.js:2477
[  382078ms] [LOG] %c[Vercel Web Analytics]%c [view] http://localhost:3000/dashboard color: rgb(120, 120, 120) color: inherit {o: http://localhost:3000/dashboard, sv: 0.1.3, sdkn: @vercel/analytics/next, sdkv: 2.0.1, ts: 1785002069211} /_vercel/insights/view @ http://localhost:3000/_next/static/chunks/node_modules_next_dist_1ybzpk2._.js:2477
[  382427ms] [LOG] %c[Vercel Web Analytics]%c [view] http://localhost:3000/onboarding color: rgb(120, 120, 120) color: inherit {o: http://localhost:3000/onboarding, sv: 0.1.3, sdkn: @vercel/analytics/next, sdkv: 2.0.1, ts: 1785002069559} /_vercel/insights/view @ http://localhost:3000/_next/static/chunks/node_modules_next_dist_1ybzpk2._.js:2477
[  382520ms] [LOG] %c[Vercel Web Analytics]%c [view] http://localhost:3000/dashboard color: rgb(120, 120, 120) color: inherit {o: http://localhost:3000/dashboard, sv: 0.1.3, sdkn: @vercel/analytics/next, sdkv: 2.0.1, ts: 1785002069653} /_vercel/insights/view @ http://localhost:3000/_next/static/chunks/node_modules_next_dist_1ybzpk2._.js:2477
[  382871ms] [LOG] %c[Vercel Web Analytics]%c [view] http://localhost:3000/onboarding color: rgb(120, 120, 120) color: inherit {o: http://localhost:3000/onboarding, sv: 0.1.3, sdkn: @vercel/analytics/next, sdkv: 2.0.1, ts: 1785002070004} /_vercel/insights/view @ http://localhost:3000/_next/static/chunks/node_modules_next_dist_1ybzpk2._.js:2477
[  382951ms] [LOG] %c[Vercel Web Analytics]%c [view] http://localhost:3000/dashboard color: rgb(120, 120, 120) color: inherit {o: http://localhost:3000/dashboard, sv: 0.1.3, sdkn: @vercel/analytics/next, sdkv: 2.0.1, ts: 1785002070084} /_vercel/insights/view @ http://localhost:3000/_next/static/chunks/node_modules_next_dist_1ybzpk2._.js:2477
[  383290ms] [LOG] %c[Vercel Web Analytics]%c [view] http://localhost:3000/onboarding color: rgb(120, 120, 120) color: inherit {o: http://localhost:3000/onboarding, sv: 0.1.3, sdkn: @vercel/analytics/next, sdkv: 2.0.1, ts: 1785002070423} /_vercel/insights/view @ http://localhost:3000/_next/static/chunks/node_modules_next_dist_1ybzpk2._.js:2477
[  383368ms] [LOG] %c[Vercel Web Analytics]%c [view] http://localhost:3000/dashboard color: rgb(120, 120, 120) color: inherit {o: http://localhost:3000/dashboard, sv: 0.1.3, sdkn: @vercel/analytics/next, sdkv: 2.0.1, ts: 1785002070501} /_vercel/insights/view @ http://localhost:3000/_next/static/chunks/node_modules_next_dist_1ybzpk2._.js:2477
[  383718ms] [LOG] %c[Vercel Web Analytics]%c [view] http://localhost:3000/onboarding color: rgb(120, 120, 120) color: inherit {o: http://localhost:3000/onboarding, sv: 0.1.3, sdkn: @vercel/analytics/next, sdkv: 2.0.1, ts: 1785002070850} /_vercel/insights/view @ http://localhost:3000/_next/static/chunks/node_modules_next_dist_1ybzpk2._.js:2477
[  383806ms] [LOG] %c[Vercel Web Analytics]%c [view] http://localhost:3000/dashboard color: rgb(120, 120, 120) color: inherit {o: http://localhost:3000/dashboard, sv: 0.1.3, sdkn: @vercel/analytics/next, sdkv: 2.0.1, ts: 1785002070938} /_vercel/insights/view @ http://localhost:3000/_next/static/chunks/node_modules_next_dist_1ybzpk2._.js:2477
[  384139ms] [LOG] %c[Vercel Web Analytics]%c [view] http://localhost:3000/onboarding color: rgb(120, 120, 120) color: inherit {o: http://localhost:3000/onboarding, sv: 0.1.3, sdkn: @vercel/analytics/next, sdkv: 2.0.1, ts: 1785002071272} /_vercel/insights/view @ http://localhost:3000/_next/static/chunks/node_modules_next_dist_1ybzpk2._.js:2477
[  384213ms] [LOG] %c[Vercel Web Analytics]%c [view] http://localhost:3000/dashboard color: rgb(120, 120, 120) color: inherit {o: http://localhost:3000/dashboard, sv: 0.1.3, sdkn: @vercel/analytics/next, sdkv: 2.0.1, ts: 1785002071346} /_vercel/insights/view @ http://localhost:3000/_next/static/chunks/node_modules_next_dist_1ybzpk2._.js:2477
[  384566ms] [LOG] %c[Vercel Web Analytics]%c [view] http://localhost:3000/onboarding color: rgb(120, 120, 120) color: inherit {o: http://localhost:3000/onboarding, sv: 0.1.3, sdkn: @vercel/analytics/next, sdkv: 2.0.1, ts: 1785002071698} /_vercel/insights/view @ http://localhost:3000/_next/static/chunks/node_modules_next_dist_1ybzpk2._.js:2477
[  384640ms] [LOG] %c[Vercel Web Analytics]%c [view] http://localhost:3000/dashboard color: rgb(120, 120, 120) color: inherit {o: http://localhost:3000/dashboard, sv: 0.1.3, sdkn: @vercel/analytics/next, sdkv: 2.0.1, ts: 1785002071772} /_vercel/insights/view @ http://localhost:3000/_next/static/chunks/node_modules_next_dist_1ybzpk2._.js:2477
[  384979ms] [LOG] %c[Vercel Web Analytics]%c [view] http://localhost:3000/onboarding color: rgb(120, 120, 120) color: inherit {o: http://localhost:3000/onboarding, sv: 0.1.3, sdkn: @vercel/analytics/next, sdkv: 2.0.1, ts: 1785002072112} /_vercel/insights/view @ http://localhost:3000/_next/static/chunks/node_modules_next_dist_1ybzpk2._.js:2477
[  385066ms] [LOG] %c[Vercel Web Analytics]%c [view] http://localhost:3000/dashboard color: rgb(120, 120, 120) color: inherit {o: http://localhost:3000/dashboard, sv: 0.1.3, sdkn: @vercel/analytics/next, sdkv: 2.0.1, ts: 1785002072198} /_vercel/insights/view @ http://localhost:3000/_next/static/chunks/node_modules_next_dist_1ybzpk2._.js:2477
[  385410ms] [LOG] %c[Vercel Web Analytics]%c [view] http://localhost:3000/onboarding color: rgb(120, 120, 120) color: inherit {o: http://localhost:3000/onboarding, sv: 0.1.3, sdkn: @vercel/analytics/next, sdkv: 2.0.1, ts: 1785002072543} /_vercel/insights/view @ http://localhost:3000/_next/static/chunks/node_modules_next_dist_1ybzpk2._.js:2477
[  385498ms] [LOG] %c[Vercel Web Analytics]%c [view] http://localhost:3000/dashboard color: rgb(120, 120, 120) color: inherit {o: http://localhost:3000/dashboard, sv: 0.1.3, sdkn: @vercel/analytics/next, sdkv: 2.0.1, ts: 1785002072631} /_vercel/insights/view @ http://localhost:3000/_next/static/chunks/node_modules_next_dist_1ybzpk2._.js:2477
[  385840ms] [LOG] %c[Vercel Web Analytics]%c [view] http://localhost:3000/onboarding color: rgb(120, 120, 120) color: inherit {o: http://localhost:3000/onboarding, sv: 0.1.3, sdkn: @vercel/analytics/next, sdkv: 2.0.1, ts: 1785002072973} /_vercel/insights/view @ http://localhost:3000/_next/static/chunks/node_modules_next_dist_1ybzpk2._.js:2477
[  385932ms] [LOG] %c[Vercel Web Analytics]%c [view] http://localhost:3000/dashboard color: rgb(120, 120, 120) color: inherit {o: http://localhost:3000/dashboard, sv: 0.1.3, sdkn: @vercel/analytics/next, sdkv: 2.0.1, ts: 1785002073065} /_vercel/insights/view @ http://localhost:3000/_next/static/chunks/node_modules_next_dist_1ybzpk2._.js:2477
[  386291ms] [LOG] %c[Vercel Web Analytics]%c [view] http://localhost:3000/onboarding color: rgb(120, 120, 120) color: inherit {o: http://localhost:3000/onboarding, sv: 0.1.3, sdkn: @vercel/analytics/next, sdkv: 2.0.1, ts: 1785002073424} /_vercel/insights/view @ http://localhost:3000/_next/static/chunks/node_modules_next_dist_1ybzpk2._.js:2477
[  386389ms] [LOG] %c[Vercel Web Analytics]%c [view] http://localhost:3000/dashboard color: rgb(120, 120, 120) color: inherit {o: http://localhost:3000/dashboard, sv: 0.1.3, sdkn: @vercel/analytics/next, sdkv: 2.0.1, ts: 1785002073522} /_vercel/insights/view @ http://localhost:3000/_next/static/chunks/node_modules_next_dist_1ybzpk2._.js:2477
[  386729ms] [LOG] %c[Vercel Web Analytics]%c [view] http://localhost:3000/onboarding color: rgb(120, 120, 120) color: inherit {o: http://localhost:3000/onboarding, sv: 0.1.3, sdkn: @vercel/analytics/next, sdkv: 2.0.1, ts: 1785002073861} /_vercel/insights/view @ http://localhost:3000/_next/static/chunks/node_modules_next_dist_1ybzpk2._.js:2477
[  386823ms] [LOG] %c[Vercel Web Analytics]%c [view] http://localhost:3000/dashboard color: rgb(120, 120, 120) color: inherit {o: http://localhost:3000/dashboard, sv: 0.1.3, sdkn: @vercel/analytics/next, sdkv: 2.0.1, ts: 1785002073955} /_vercel/insights/view @ http://localhost:3000/_next/static/chunks/node_modules_next_dist_1ybzpk2._.js:2477
[  387188ms] [LOG] %c[Vercel Web Analytics]%c [view] http://localhost:3000/onboarding color: rgb(120, 120, 120) color: inherit {o: http://localhost:3000/onboarding, sv: 0.1.3, sdkn: @vercel/analytics/next, sdkv: 2.0.1, ts: 1785002074320} /_vercel/insights/view @ http://localhost:3000/_next/static/chunks/node_modules_next_dist_1ybzpk2._.js:2477
[  387281ms] [LOG] %c[Vercel Web Analytics]%c [view] http://localhost:3000/dashboard color: rgb(120, 120, 120) color: inherit {o: http://localhost:3000/dashboard, sv: 0.1.3, sdkn: @vercel/analytics/next, sdkv: 2.0.1, ts: 1785002074413} /_vercel/insights/view @ http://localhost:3000/_next/static/chunks/node_modules_next_dist_1ybzpk2._.js:2477
[  387660ms] [LOG] %c[Vercel Web Analytics]%c [view] http://localhost:3000/onboarding color: rgb(120, 120, 120) color: inherit {o: http://localhost:3000/onboarding, sv: 0.1.3, sdkn: @vercel/analytics/next, sdkv: 2.0.1, ts: 1785002074793} /_vercel/insights/view @ http://localhost:3000/_next/static/chunks/node_modules_next_dist_1ybzpk2._.js:2477
[  387773ms] [LOG] %c[Vercel Web Analytics]%c [view] http://localhost:3000/dashboard color: rgb(120, 120, 120) color: inherit {o: http://localhost:3000/dashboard, sv: 0.1.3, sdkn: @vercel/analytics/next, sdkv: 2.0.1, ts: 1785002074905} /_vercel/insights/view @ http://localhost:3000/_next/static/chunks/node_modules_next_dist_1ybzpk2._.js:2477
[  388121ms] [LOG] %c[Vercel Web Analytics]%c [view] http://localhost:3000/onboarding color: rgb(120, 120, 120) color: inherit {o: http://localhost:3000/onboarding, sv: 0.1.3, sdkn: @vercel/analytics/next, sdkv: 2.0.1, ts: 1785002075254} /_vercel/insights/view @ http://localhost:3000/_next/static/chunks/node_modules_next_dist_1ybzpk2._.js:2477
[  388209ms] [LOG] %c[Vercel Web Analytics]%c [view] http://localhost:3000/dashboard color: rgb(120, 120, 120) color: inherit {o: http://localhost:3000/dashboard, sv: 0.1.3, sdkn: @vercel/analytics/next, sdkv: 2.0.1, ts: 1785002075342} /_vercel/insights/view @ http://localhost:3000/_next/static/chunks/node_modules_next_dist_1ybzpk2._.js:2477
[  388546ms] [LOG] %c[Vercel Web Analytics]%c [view] http://localhost:3000/onboarding color: rgb(120, 120, 120) color: inherit {o: http://localhost:3000/onboarding, sv: 0.1.3, sdkn: @vercel/analytics/next, sdkv: 2.0.1, ts: 1785002075679} /_vercel/insights/view @ http://localhost:3000/_next/static/chunks/node_modules_next_dist_1ybzpk2._.js:2477
[  388628ms] [LOG] %c[Vercel Web Analytics]%c [view] http://localhost:3000/dashboard color: rgb(120, 120, 120) color: inherit {o: http://localhost:3000/dashboard, sv: 0.1.3, sdkn: @vercel/analytics/next, sdkv: 2.0.1, ts: 1785002075760} /_vercel/insights/view @ http://localhost:3000/_next/static/chunks/node_modules_next_dist_1ybzpk2._.js:2477
[  388993ms] [LOG] %c[Vercel Web Analytics]%c [view] http://localhost:3000/onboarding color: rgb(120, 120, 120) color: inherit {o: http://localhost:3000/onboarding, sv: 0.1.3, sdkn: @vercel/analytics/next, sdkv: 2.0.1, ts: 1785002076125} /_vercel/insights/view @ http://localhost:3000/_next/static/chunks/node_modules_next_dist_1ybzpk2._.js:2477
[  389098ms] [LOG] %c[Vercel Web Analytics]%c [view] http://localhost:3000/dashboard color: rgb(120, 120, 120) color: inherit {o: http://localhost:3000/dashboard, sv: 0.1.3, sdkn: @vercel/analytics/next, sdkv: 2.0.1, ts: 1785002076229} /_vercel/insights/view @ http://localhost:3000/_next/static/chunks/node_modules_next_dist_1ybzpk2._.js:2477
[  389433ms] [LOG] %c[Vercel Web Analytics]%c [view] http://localhost:3000/onboarding color: rgb(120, 120, 120) color: inherit {o: http://localhost:3000/onboarding, sv: 0.1.3, sdkn: @vercel/analytics/next, sdkv: 2.0.1, ts: 1785002076566} /_vercel/insights/view @ http://localhost:3000/_next/static/chunks/node_modules_next_dist_1ybzpk2._.js:2477
[  389530ms] [LOG] %c[Vercel Web Analytics]%c [view] http://localhost:3000/dashboard color: rgb(120, 120, 120) color: inherit {o: http://localhost:3000/dashboard, sv: 0.1.3, sdkn: @vercel/analytics/next, sdkv: 2.0.1, ts: 1785002076663} /_vercel/insights/view @ http://localhost:3000/_next/static/chunks/node_modules_next_dist_1ybzpk2._.js:2477
[  389898ms] [LOG] %c[Vercel Web Analytics]%c [view] http://localhost:3000/onboarding color: rgb(120, 120, 120) color: inherit {o: http://localhost:3000/onboarding, sv: 0.1.3, sdkn: @vercel/analytics/next, sdkv: 2.0.1, ts: 1785002077030} /_vercel/insights/view @ http://localhost:3000/_next/static/chunks/node_modules_next_dist_1ybzpk2._.js:2477
[  389998ms] [LOG] %c[Vercel Web Analytics]%c [view] http://localhost:3000/dashboard color: rgb(120, 120, 120) color: inherit {o: http://localhost:3000/dashboard, sv: 0.1.3, sdkn: @vercel/analytics/next, sdkv: 2.0.1, ts: 1785002077130} /_vercel/insights/view @ http://localhost:3000/_next/static/chunks/node_modules_next_dist_1ybzpk2._.js:2477
[  390340ms] [LOG] %c[Vercel Web Analytics]%c [view] http://localhost:3000/onboarding color: rgb(120, 120, 120) color: inherit {o: http://localhost:3000/onboarding, sv: 0.1.3, sdkn: @vercel/analytics/next, sdkv: 2.0.1, ts: 1785002077473} /_vercel/insights/view @ http://localhost:3000/_next/static/chunks/node_modules_next_dist_1ybzpk2._.js:2477
[  390439ms] [LOG] %c[Vercel Web Analytics]%c [view] http://localhost:3000/dashboard color: rgb(120, 120, 120) color: inherit {o: http://localhost:3000/dashboard, sv: 0.1.3, sdkn: @vercel/analytics/next, sdkv: 2.0.1, ts: 1785002077572} /_vercel/insights/view @ http://localhost:3000/_next/static/chunks/node_modules_next_dist_1ybzpk2._.js:2477
[  390510ms] [LOG] [Fast Refresh] rebuilding @ http://localhost:3000/_next/static/chunks/node_modules_next_dist_1ybzpk2._.js:2477
[  390577ms] [LOG] [Fast Refresh] done in 168ms @ http://localhost:3000/_next/static/chunks/node_modules_next_dist_1ybzpk2._.js:2477
[  390791ms] [LOG] %c[Vercel Web Analytics]%c [view] http://localhost:3000/onboarding color: rgb(120, 120, 120) color: inherit {o: http://localhost:3000/onboarding, sv: 0.1.3, sdkn: @vercel/analytics/next, sdkv: 2.0.1, ts: 1785002077924} /_vercel/insights/view @ http://localhost:3000/_next/static/chunks/node_modules_next_dist_1ybzpk2._.js:2477
[  390878ms] [LOG] %c[Vercel Web Analytics]%c [view] http://localhost:3000/dashboard color: rgb(120, 120, 120) color: inherit {o: http://localhost:3000/dashboard, sv: 0.1.3, sdkn: @vercel/analytics/next, sdkv: 2.0.1, ts: 1785002078011} /_vercel/insights/view @ http://localhost:3000/_next/static/chunks/node_modules_next_dist_1ybzpk2._.js:2477
[  391212ms] [LOG] %c[Vercel Web Analytics]%c [view] http://localhost:3000/onboarding color: rgb(120, 120, 120) color: inherit {o: http://localhost:3000/onboarding, sv: 0.1.3, sdkn: @vercel/analytics/next, sdkv: 2.0.1, ts: 1785002078344} /_vercel/insights/view @ http://localhost:3000/_next/static/chunks/node_modules_next_dist_1ybzpk2._.js:2477
[  391300ms] [LOG] %c[Vercel Web Analytics]%c [view] http://localhost:3000/dashboard color: rgb(120, 120, 120) color: inherit {o: http://localhost:3000/dashboard, sv: 0.1.3, sdkn: @vercel/analytics/next, sdkv: 2.0.1, ts: 1785002078433} /_vercel/insights/view @ http://localhost:3000/_next/static/chunks/node_modules_next_dist_1ybzpk2._.js:2477
[  391649ms] [LOG] %c[Vercel Web Analytics]%c [view] http://localhost:3000/onboarding color: rgb(120, 120, 120) color: inherit {o: http://localhost:3000/onboarding, sv: 0.1.3, sdkn: @vercel/analytics/next, sdkv: 2.0.1, ts: 1785002078782} /_vercel/insights/view @ http://localhost:3000/_next/static/chunks/node_modules_next_dist_1ybzpk2._.js:2477
[  391747ms] [LOG] %c[Vercel Web Analytics]%c [view] http://localhost:3000/dashboard color: rgb(120, 120, 120) color: inherit {o: http://localhost:3000/dashboard, sv: 0.1.3, sdkn: @vercel/analytics/next, sdkv: 2.0.1, ts: 1785002078880} /_vercel/insights/view @ http://localhost:3000/_next/static/chunks/node_modules_next_dist_1ybzpk2._.js:2477
[  392092ms] [LOG] %c[Vercel Web Analytics]%c [view] http://localhost:3000/onboarding color: rgb(120, 120, 120) color: inherit {o: http://localhost:3000/onboarding, sv: 0.1.3, sdkn: @vercel/analytics/next, sdkv: 2.0.1, ts: 1785002079225} /_vercel/insights/view @ http://localhost:3000/_next/static/chunks/node_modules_next_dist_1ybzpk2._.js:2477
[  392181ms] [LOG] %c[Vercel Web Analytics]%c [view] http://localhost:3000/dashboard color: rgb(120, 120, 120) color: inherit {o: http://localhost:3000/dashboard, sv: 0.1.3, sdkn: @vercel/analytics/next, sdkv: 2.0.1, ts: 1785002079313} /_vercel/insights/view @ http://localhost:3000/_next/static/chunks/node_modules_next_dist_1ybzpk2._.js:2477
[  392550ms] [LOG] %c[Vercel Web Analytics]%c [view] http://localhost:3000/onboarding color: rgb(120, 120, 120) color: inherit {o: http://localhost:3000/onboarding, sv: 0.1.3, sdkn: @vercel/analytics/next, sdkv: 2.0.1, ts: 1785002079683} /_vercel/insights/view @ http://localhost:3000/_next/static/chunks/node_modules_next_dist_1ybzpk2._.js:2477
[  392631ms] [LOG] %c[Vercel Web Analytics]%c [view] http://localhost:3000/dashboard color: rgb(120, 120, 120) color: inherit {o: http://localhost:3000/dashboard, sv: 0.1.3, sdkn: @vercel/analytics/next, sdkv: 2.0.1, ts: 1785002079764} /_vercel/insights/view @ http://localhost:3000/_next/static/chunks/node_modules_next_dist_1ybzpk2._.js:2477
[  392969ms] [LOG] %c[Vercel Web Analytics]%c [view] http://localhost:3000/onboarding color: rgb(120, 120, 120) color: inherit {o: http://localhost:3000/onboarding, sv: 0.1.3, sdkn: @vercel/analytics/next, sdkv: 2.0.1, ts: 1785002080102} /_vercel/insights/view @ http://localhost:3000/_next/static/chunks/node_modules_next_dist_1ybzpk2._.js:2477
[  393050ms] [LOG] %c[Vercel Web Analytics]%c [view] http://localhost:3000/dashboard color: rgb(120, 120, 120) color: inherit {o: http://localhost:3000/dashboard, sv: 0.1.3, sdkn: @vercel/analytics/next, sdkv: 2.0.1, ts: 1785002080183} /_vercel/insights/view @ http://localhost:3000/_next/static/chunks/node_modules_next_dist_1ybzpk2._.js:2477
[  393409ms] [LOG] %c[Vercel Web Analytics]%c [view] http://localhost:3000/onboarding color: rgb(120, 120, 120) color: inherit {o: http://localhost:3000/onboarding, sv: 0.1.3, sdkn: @vercel/analytics/next, sdkv: 2.0.1, ts: 1785002080542} /_vercel/insights/view @ http://localhost:3000/_next/static/chunks/node_modules_next_dist_1ybzpk2._.js:2477
[  393502ms] [LOG] %c[Vercel Web Analytics]%c [view] http://localhost:3000/dashboard color: rgb(120, 120, 120) color: inherit {o: http://localhost:3000/dashboard, sv: 0.1.3, sdkn: @vercel/analytics/next, sdkv: 2.0.1, ts: 1785002080635} /_vercel/insights/view @ http://localhost:3000/_next/static/chunks/node_modules_next_dist_1ybzpk2._.js:2477
[  393842ms] [LOG] %c[Vercel Web Analytics]%c [view] http://localhost:3000/onboarding color: rgb(120, 120, 120) color: inherit {o: http://localhost:3000/onboarding, sv: 0.1.3, sdkn: @vercel/analytics/next, sdkv: 2.0.1, ts: 1785002080975} /_vercel/insights/view @ http://localhost:3000/_next/static/chunks/node_modules_next_dist_1ybzpk2._.js:2477
[  393937ms] [LOG] %c[Vercel Web Analytics]%c [view] http://localhost:3000/dashboard color: rgb(120, 120, 120) color: inherit {o: http://localhost:3000/dashboard, sv: 0.1.3, sdkn: @vercel/analytics/next, sdkv: 2.0.1, ts: 1785002081070} /_vercel/insights/view @ http://localhost:3000/_next/static/chunks/node_modules_next_dist_1ybzpk2._.js:2477
[  394282ms] [LOG] %c[Vercel Web Analytics]%c [view] http://localhost:3000/onboarding color: rgb(120, 120, 120) color: inherit {o: http://localhost:3000/onboarding, sv: 0.1.3, sdkn: @vercel/analytics/next, sdkv: 2.0.1, ts: 1785002081414} /_vercel/insights/view @ http://localhost:3000/_next/static/chunks/node_modules_next_dist_1ybzpk2._.js:2477
[  394370ms] [LOG] %c[Vercel Web Analytics]%c [view] http://localhost:3000/dashboard color: rgb(120, 120, 120) color: inherit {o: http://localhost:3000/dashboard, sv: 0.1.3, sdkn: @vercel/analytics/next, sdkv: 2.0.1, ts: 1785002081502} /_vercel/insights/view @ http://localhost:3000/_next/static/chunks/node_modules_next_dist_1ybzpk2._.js:2477
[  394699ms] [LOG] %c[Vercel Web Analytics]%c [view] http://localhost:3000/onboarding color: rgb(120, 120, 120) color: inherit {o: http://localhost:3000/onboarding, sv: 0.1.3, sdkn: @vercel/analytics/next, sdkv: 2.0.1, ts: 1785002081832} /_vercel/insights/view @ http://localhost:3000/_next/static/chunks/node_modules_next_dist_1ybzpk2._.js:2477
[  394779ms] [LOG] %c[Vercel Web Analytics]%c [view] http://localhost:3000/dashboard color: rgb(120, 120, 120) color: inherit {o: http://localhost:3000/dashboard, sv: 0.1.3, sdkn: @vercel/analytics/next, sdkv: 2.0.1, ts: 1785002081911} /_vercel/insights/view @ http://localhost:3000/_next/static/chunks/node_modules_next_dist_1ybzpk2._.js:2477
[  395139ms] [LOG] %c[Vercel Web Analytics]%c [view] http://localhost:3000/onboarding color: rgb(120, 120, 120) color: inherit {o: http://localhost:3000/onboarding, sv: 0.1.3, sdkn: @vercel/analytics/next, sdkv: 2.0.1, ts: 1785002082272} /_vercel/insights/view @ http://localhost:3000/_next/static/chunks/node_modules_next_dist_1ybzpk2._.js:2477
[  395217ms] [LOG] %c[Vercel Web Analytics]%c [view] http://localhost:3000/dashboard color: rgb(120, 120, 120) color: inherit {o: http://localhost:3000/dashboard, sv: 0.1.3, sdkn: @vercel/analytics/next, sdkv: 2.0.1, ts: 1785002082350} /_vercel/insights/view @ http://localhost:3000/_next/static/chunks/node_modules_next_dist_1ybzpk2._.js:2477
[  395559ms] [LOG] %c[Vercel Web Analytics]%c [view] http://localhost:3000/onboarding color: rgb(120, 120, 120) color: inherit {o: http://localhost:3000/onboarding, sv: 0.1.3, sdkn: @vercel/analytics/next, sdkv: 2.0.1, ts: 1785002082692} /_vercel/insights/view @ http://localhost:3000/_next/static/chunks/node_modules_next_dist_1ybzpk2._.js:2477
[  395631ms] [LOG] %c[Vercel Web Analytics]%c [view] http://localhost:3000/dashboard color: rgb(120, 120, 120) color: inherit {o: http://localhost:3000/dashboard, sv: 0.1.3, sdkn: @vercel/analytics/next, sdkv: 2.0.1, ts: 1785002082764} /_vercel/insights/view @ http://localhost:3000/_next/static/chunks/node_modules_next_dist_1ybzpk2._.js:2477
[  395976ms] [LOG] %c[Vercel Web Analytics]%c [view] http://localhost:3000/onboarding color: rgb(120, 120, 120) color: inherit {o: http://localhost:3000/onboarding, sv: 0.1.3, sdkn: @vercel/analytics/next, sdkv: 2.0.1, ts: 1785002083109} /_vercel/insights/view @ http://localhost:3000/_next/static/chunks/node_modules_next_dist_1ybzpk2._.js:2477
[  396059ms] [LOG] %c[Vercel Web Analytics]%c [view] http://localhost:3000/dashboard color: rgb(120, 120, 120) color: inherit {o: http://localhost:3000/dashboard, sv: 0.1.3, sdkn: @vercel/analytics/next, sdkv: 2.0.1, ts: 1785002083192} /_vercel/insights/view @ http://localhost:3000/_next/static/chunks/node_modules_next_dist_1ybzpk2._.js:2477
[  396400ms] [LOG] %c[Vercel Web Analytics]%c [view] http://localhost:3000/onboarding color: rgb(120, 120, 120) color: inherit {o: http://localhost:3000/onboarding, sv: 0.1.3, sdkn: @vercel/analytics/next, sdkv: 2.0.1, ts: 1785002083533} /_vercel/insights/view @ http://localhost:3000/_next/static/chunks/node_modules_next_dist_1ybzpk2._.js:2477
[  396481ms] [LOG] %c[Vercel Web Analytics]%c [view] http://localhost:3000/dashboard color: rgb(120, 120, 120) color: inherit {o: http://localhost:3000/dashboard, sv: 0.1.3, sdkn: @vercel/analytics/next, sdkv: 2.0.1, ts: 1785002083613} /_vercel/insights/view @ http://localhost:3000/_next/static/chunks/node_modules_next_dist_1ybzpk2._.js:2477
[  396830ms] [LOG] %c[Vercel Web Analytics]%c [view] http://localhost:3000/onboarding color: rgb(120, 120, 120) color: inherit {o: http://localhost:3000/onboarding, sv: 0.1.3, sdkn: @vercel/analytics/next, sdkv: 2.0.1, ts: 1785002083963} /_vercel/insights/view @ http://localhost:3000/_next/static/chunks/node_modules_next_dist_1ybzpk2._.js:2477
[  396912ms] [LOG] %c[Vercel Web Analytics]%c [view] http://localhost:3000/dashboard color: rgb(120, 120, 120) color: inherit {o: http://localhost:3000/dashboard, sv: 0.1.3, sdkn: @vercel/analytics/next, sdkv: 2.0.1, ts: 1785002084045} /_vercel/insights/view @ http://localhost:3000/_next/static/chunks/node_modules_next_dist_1ybzpk2._.js:2477
[  397247ms] [LOG] %c[Vercel Web Analytics]%c [view] http://localhost:3000/onboarding color: rgb(120, 120, 120) color: inherit {o: http://localhost:3000/onboarding, sv: 0.1.3, sdkn: @vercel/analytics/next, sdkv: 2.0.1, ts: 1785002084380} /_vercel/insights/view @ http://localhost:3000/_next/static/chunks/node_modules_next_dist_1ybzpk2._.js:2477
[  397340ms] [LOG] %c[Vercel Web Analytics]%c [view] http://localhost:3000/dashboard color: rgb(120, 120, 120) color: inherit {o: http://localhost:3000/dashboard, sv: 0.1.3, sdkn: @vercel/analytics/next, sdkv: 2.0.1, ts: 1785002084473} /_vercel/insights/view @ http://localhost:3000/_next/static/chunks/node_modules_next_dist_1ybzpk2._.js:2477
[  397696ms] [LOG] %c[Vercel Web Analytics]%c [view] http://localhost:3000/onboarding color: rgb(120, 120, 120) color: inherit {o: http://localhost:3000/onboarding, sv: 0.1.3, sdkn: @vercel/analytics/next, sdkv: 2.0.1, ts: 1785002084828} /_vercel/insights/view @ http://localhost:3000/_next/static/chunks/node_modules_next_dist_1ybzpk2._.js:2477
[  397776ms] [LOG] %c[Vercel Web Analytics]%c [view] http://localhost:3000/dashboard color: rgb(120, 120, 120) color: inherit {o: http://localhost:3000/dashboard, sv: 0.1.3, sdkn: @vercel/analytics/next, sdkv: 2.0.1, ts: 1785002084908} /_vercel/insights/view @ http://localhost:3000/_next/static/chunks/node_modules_next_dist_1ybzpk2._.js:2477
[  398108ms] [LOG] %c[Vercel Web Analytics]%c [view] http://localhost:3000/onboarding color: rgb(120, 120, 120) color: inherit {o: http://localhost:3000/onboarding, sv: 0.1.3, sdkn: @vercel/analytics/next, sdkv: 2.0.1, ts: 1785002085241} /_vercel/insights/view @ http://localhost:3000/_next/static/chunks/node_modules_next_dist_1ybzpk2._.js:2477
[  398197ms] [LOG] %c[Vercel Web Analytics]%c [view] http://localhost:3000/dashboard color: rgb(120, 120, 120) color: inherit {o: http://localhost:3000/dashboard, sv: 0.1.3, sdkn: @vercel/analytics/next, sdkv: 2.0.1, ts: 1785002085329} /_vercel/insights/view @ http://localhost:3000/_next/static/chunks/node_modules_next_dist_1ybzpk2._.js:2477
[  398556ms] [LOG] %c[Vercel Web Analytics]%c [view] http://localhost:3000/onboarding color: rgb(120, 120, 120) color: inherit {o: http://localhost:3000/onboarding, sv: 0.1.3, sdkn: @vercel/analytics/next, sdkv: 2.0.1, ts: 1785002085687} /_vercel/insights/view @ http://localhost:3000/_next/static/chunks/node_modules_next_dist_1ybzpk2._.js:2477
[  398649ms] [LOG] %c[Vercel Web Analytics]%c [view] http://localhost:3000/dashboard color: rgb(120, 120, 120) color: inherit {o: http://localhost:3000/dashboard, sv: 0.1.3, sdkn: @vercel/analytics/next, sdkv: 2.0.1, ts: 1785002085781} /_vercel/insights/view @ http://localhost:3000/_next/static/chunks/node_modules_next_dist_1ybzpk2._.js:2477
[  398989ms] [LOG] %c[Vercel Web Analytics]%c [view] http://localhost:3000/onboarding color: rgb(120, 120, 120) color: inherit {o: http://localhost:3000/onboarding, sv: 0.1.3, sdkn: @vercel/analytics/next, sdkv: 2.0.1, ts: 1785002086122} /_vercel/insights/view @ http://localhost:3000/_next/static/chunks/node_modules_next_dist_1ybzpk2._.js:2477
[  399070ms] [LOG] %c[Vercel Web Analytics]%c [view] http://localhost:3000/dashboard color: rgb(120, 120, 120) color: inherit {o: http://localhost:3000/dashboard, sv: 0.1.3, sdkn: @vercel/analytics/next, sdkv: 2.0.1, ts: 1785002086203} /_vercel/insights/view @ http://localhost:3000/_next/static/chunks/node_modules_next_dist_1ybzpk2._.js:2477
[  399426ms] [LOG] %c[Vercel Web Analytics]%c [view] http://localhost:3000/onboarding color: rgb(120, 120, 120) color: inherit {o: http://localhost:3000/onboarding, sv: 0.1.3, sdkn: @vercel/analytics/next, sdkv: 2.0.1, ts: 1785002086558} /_vercel/insights/view @ http://localhost:3000/_next/static/chunks/node_modules_next_dist_1ybzpk2._.js:2477
[  399507ms] [LOG] %c[Vercel Web Analytics]%c [view] http://localhost:3000/dashboard color: rgb(120, 120, 120) color: inherit {o: http://localhost:3000/dashboard, sv: 0.1.3, sdkn: @vercel/analytics/next, sdkv: 2.0.1, ts: 1785002086640} /_vercel/insights/view @ http://localhost:3000/_next/static/chunks/node_modules_next_dist_1ybzpk2._.js:2477
[  399840ms] [LOG] %c[Vercel Web Analytics]%c [view] http://localhost:3000/onboarding color: rgb(120, 120, 120) color: inherit {o: http://localhost:3000/onboarding, sv: 0.1.3, sdkn: @vercel/analytics/next, sdkv: 2.0.1, ts: 1785002086972} /_vercel/insights/view @ http://localhost:3000/_next/static/chunks/node_modules_next_dist_1ybzpk2._.js:2477
[  399930ms] [LOG] %c[Vercel Web Analytics]%c [view] http://localhost:3000/dashboard color: rgb(120, 120, 120) color: inherit {o: http://localhost:3000/dashboard, sv: 0.1.3, sdkn: @vercel/analytics/next, sdkv: 2.0.1, ts: 1785002087062} /_vercel/insights/view @ http://localhost:3000/_next/static/chunks/node_modules_next_dist_1ybzpk2._.js:2477
[  400285ms] [LOG] %c[Vercel Web Analytics]%c [view] http://localhost:3000/onboarding color: rgb(120, 120, 120) color: inherit {o: http://localhost:3000/onboarding, sv: 0.1.3, sdkn: @vercel/analytics/next, sdkv: 2.0.1, ts: 1785002087417} /_vercel/insights/view @ http://localhost:3000/_next/static/chunks/node_modules_next_dist_1ybzpk2._.js:2477
[  400367ms] [LOG] %c[Vercel Web Analytics]%c [view] http://localhost:3000/dashboard color: rgb(120, 120, 120) color: inherit {o: http://localhost:3000/dashboard, sv: 0.1.3, sdkn: @vercel/analytics/next, sdkv: 2.0.1, ts: 1785002087500} /_vercel/insights/view @ http://localhost:3000/_next/static/chunks/node_modules_next_dist_1ybzpk2._.js:2477
[  400710ms] [LOG] %c[Vercel Web Analytics]%c [view] http://localhost:3000/onboarding color: rgb(120, 120, 120) color: inherit {o: http://localhost:3000/onboarding, sv: 0.1.3, sdkn: @vercel/analytics/next, sdkv: 2.0.1, ts: 1785002087843} /_vercel/insights/view @ http://localhost:3000/_next/static/chunks/node_modules_next_dist_1ybzpk2._.js:2477
[  400793ms] [LOG] %c[Vercel Web Analytics]%c [view] http://localhost:3000/dashboard color: rgb(120, 120, 120) color: inherit {o: http://localhost:3000/dashboard, sv: 0.1.3, sdkn: @vercel/analytics/next, sdkv: 2.0.1, ts: 1785002087925} /_vercel/insights/view @ http://localhost:3000/_next/static/chunks/node_modules_next_dist_1ybzpk2._.js:2477
[  401142ms] [LOG] %c[Vercel Web Analytics]%c [view] http://localhost:3000/onboarding color: rgb(120, 120, 120) color: inherit {o: http://localhost:3000/onboarding, sv: 0.1.3, sdkn: @vercel/analytics/next, sdkv: 2.0.1, ts: 1785002088275} /_vercel/insights/view @ http://localhost:3000/_next/static/chunks/node_modules_next_dist_1ybzpk2._.js:2477
[  401287ms] [LOG] %c[Vercel Web Analytics]%c [view] http://localhost:3000/dashboard color: rgb(120, 120, 120) color: inherit {o: http://localhost:3000/dashboard, sv: 0.1.3, sdkn: @vercel/analytics/next, sdkv: 2.0.1, ts: 1785002088419} /_vercel/insights/view @ http://localhost:3000/_next/static/chunks/node_modules_next_dist_1ybzpk2._.js:2477
[  401611ms] [LOG] %c[Vercel Web Analytics]%c [view] http://localhost:3000/onboarding color: rgb(120, 120, 120) color: inherit {o: http://localhost:3000/onboarding, sv: 0.1.3, sdkn: @vercel/analytics/next, sdkv: 2.0.1, ts: 1785002088744} /_vercel/insights/view @ http://localhost:3000/_next/static/chunks/node_modules_next_dist_1ybzpk2._.js:2477
[  401687ms] [LOG] %c[Vercel Web Analytics]%c [view] http://localhost:3000/dashboard color: rgb(120, 120, 120) color: inherit {o: http://localhost:3000/dashboard, sv: 0.1.3, sdkn: @vercel/analytics/next, sdkv: 2.0.1, ts: 1785002088820} /_vercel/insights/view @ http://localhost:3000/_next/static/chunks/node_modules_next_dist_1ybzpk2._.js:2477
[  402047ms] [LOG] %c[Vercel Web Analytics]%c [view] http://localhost:3000/onboarding color: rgb(120, 120, 120) color: inherit {o: http://localhost:3000/onboarding, sv: 0.1.3, sdkn: @vercel/analytics/next, sdkv: 2.0.1, ts: 1785002089179} /_vercel/insights/view @ http://localhost:3000/_next/static/chunks/node_modules_next_dist_1ybzpk2._.js:2477
[  402121ms] [LOG] %c[Vercel Web Analytics]%c [view] http://localhost:3000/dashboard color: rgb(120, 120, 120) color: inherit {o: http://localhost:3000/dashboard, sv: 0.1.3, sdkn: @vercel/analytics/next, sdkv: 2.0.1, ts: 1785002089254} /_vercel/insights/view @ http://localhost:3000/_next/static/chunks/node_modules_next_dist_1ybzpk2._.js:2477
[  402451ms] [LOG] %c[Vercel Web Analytics]%c [view] http://localhost:3000/onboarding color: rgb(120, 120, 120) color: inherit {o: http://localhost:3000/onboarding, sv: 0.1.3, sdkn: @vercel/analytics/next, sdkv: 2.0.1, ts: 1785002089584} /_vercel/insights/view @ http://localhost:3000/_next/static/chunks/node_modules_next_dist_1ybzpk2._.js:2477
[  402537ms] [LOG] %c[Vercel Web Analytics]%c [view] http://localhost:3000/dashboard color: rgb(120, 120, 120) color: inherit {o: http://localhost:3000/dashboard, sv: 0.1.3, sdkn: @vercel/analytics/next, sdkv: 2.0.1, ts: 1785002089670} /_vercel/insights/view @ http://localhost:3000/_next/static/chunks/node_modules_next_dist_1ybzpk2._.js:2477
[  402900ms] [LOG] %c[Vercel Web Analytics]%c [view] http://localhost:3000/onboarding color: rgb(120, 120, 120) color: inherit {o: http://localhost:3000/onboarding, sv: 0.1.3, sdkn: @vercel/analytics/next, sdkv: 2.0.1, ts: 1785002090033} /_vercel/insights/view @ http://localhost:3000/_next/static/chunks/node_modules_next_dist_1ybzpk2._.js:2477
[  402981ms] [LOG] %c[Vercel Web Analytics]%c [view] http://localhost:3000/dashboard color: rgb(120, 120, 120) color: inherit {o: http://localhost:3000/dashboard, sv: 0.1.3, sdkn: @vercel/analytics/next, sdkv: 2.0.1, ts: 1785002090114} /_vercel/insights/view @ http://localhost:3000/_next/static/chunks/node_modules_next_dist_1ybzpk2._.js:2477
[  403318ms] [LOG] %c[Vercel Web Analytics]%c [view] http://localhost:3000/onboarding color: rgb(120, 120, 120) color: inherit {o: http://localhost:3000/onboarding, sv: 0.1.3, sdkn: @vercel/analytics/next, sdkv: 2.0.1, ts: 1785002090451} /_vercel/insights/view @ http://localhost:3000/_next/static/chunks/node_modules_next_dist_1ybzpk2._.js:2477
[  403413ms] [LOG] %c[Vercel Web Analytics]%c [view] http://localhost:3000/dashboard color: rgb(120, 120, 120) color: inherit {o: http://localhost:3000/dashboard, sv: 0.1.3, sdkn: @vercel/analytics/next, sdkv: 2.0.1, ts: 1785002090546} /_vercel/insights/view @ http://localhost:3000/_next/static/chunks/node_modules_next_dist_1ybzpk2._.js:2477
[  403763ms] [LOG] %c[Vercel Web Analytics]%c [view] http://localhost:3000/onboarding color: rgb(120, 120, 120) color: inherit {o: http://localhost:3000/onboarding, sv: 0.1.3, sdkn: @vercel/analytics/next, sdkv: 2.0.1, ts: 1785002090895} /_vercel/insights/view @ http://localhost:3000/_next/static/chunks/node_modules_next_dist_1ybzpk2._.js:2477
[  403839ms] [LOG] %c[Vercel Web Analytics]%c [view] http://localhost:3000/dashboard color: rgb(120, 120, 120) color: inherit {o: http://localhost:3000/dashboard, sv: 0.1.3, sdkn: @vercel/analytics/next, sdkv: 2.0.1, ts: 1785002090972} /_vercel/insights/view @ http://localhost:3000/_next/static/chunks/node_modules_next_dist_1ybzpk2._.js:2477
[  404177ms] [LOG] %c[Vercel Web Analytics]%c [view] http://localhost:3000/onboarding color: rgb(120, 120, 120) color: inherit {o: http://localhost:3000/onboarding, sv: 0.1.3, sdkn: @vercel/analytics/next, sdkv: 2.0.1, ts: 1785002091310} /_vercel/insights/view @ http://localhost:3000/_next/static/chunks/node_modules_next_dist_1ybzpk2._.js:2477
[  404265ms] [LOG] %c[Vercel Web Analytics]%c [view] http://localhost:3000/dashboard color: rgb(120, 120, 120) color: inherit {o: http://localhost:3000/dashboard, sv: 0.1.3, sdkn: @vercel/analytics/next, sdkv: 2.0.1, ts: 1785002091398} /_vercel/insights/view @ http://localhost:3000/_next/static/chunks/node_modules_next_dist_1ybzpk2._.js:2477
