[     137ms] [LOG] [Fast Refresh] rebuilding @ http://localhost:3000/_next/static/chunks/node_modules_next_dist_1ybzpk2._.js:2477
[     415ms] [LOG] [Fast Refresh] done in 385ms @ http://localhost:3000/_next/static/chunks/node_modules_next_dist_1ybzpk2._.js:2477
[     509ms] [INFO] %cDownload the React DevTools for a better development experience: https://react.dev/link/react-devtools font-weight:bold @ http://localhost:3000/_next/static/chunks/node_modules_next_dist_1ybzpk2._.js:2477
[     539ms] [LOG] [HMR] connected @ http://localhost:3000/_next/static/chunks/node_modules_next_dist_1ybzpk2._.js:2477
[     576ms] [LOG] %c[Vercel Web Analytics]%c Debug mode is enabled by default in development. No requests will be sent to the server. color: rgb(120, 120, 120) color: inherit @ http://localhost:3000/_next/static/chunks/node_modules_next_dist_1ybzpk2._.js:2477
[     576ms] [LOG] %c[Vercel Web Analytics]%c Running queued event color: rgb(120, 120, 120) color: inherit pageview {route: /dashboard, path: /dashboard} @ http://localhost:3000/_next/static/chunks/node_modules_next_dist_1ybzpk2._.js:2477
[     576ms] [LOG] %c[Vercel Web Analytics]%c [view] http://localhost:3000/dashboard color: rgb(120, 120, 120) color: inherit {o: http://localhost:3000/dashboard, sv: 0.1.3, sdkn: @vercel/analytics/next, sdkv: 2.0.1, ts: 1785559321209} /_vercel/insights/view @ http://localhost:3000/_next/static/chunks/node_modules_next_dist_1ybzpk2._.js:2477
[     576ms] [LOG] %c[Vercel Speed Insights]%c Debug mode is enabled by default in development. No requests will be sent to the server. color: rgb(120, 120, 120) color: inherit @ http://localhost:3000/_next/static/chunks/node_modules_next_dist_1ybzpk2._.js:2477
[     659ms] [WARNING] Clerk: Clerk has been loaded with development keys. Development instances have strict usage limits and should not be used when deploying your application to production. Learn more: https://clerk.com/docs/deployments/overview @ http://localhost:3000/_next/static/chunks/node_modules_next_dist_1ybzpk2._.js:2477
[     709ms] [LOG] [Fast Refresh] rebuilding @ http://localhost:3000/_next/static/chunks/node_modules_next_dist_1ybzpk2._.js:2477
[     777ms] [LOG] [Fast Refresh] done in 170ms @ http://localhost:3000/_next/static/chunks/node_modules_next_dist_1ybzpk2._.js:2477
[    1058ms] [LOG] [Fast Refresh] rebuilding @ http://localhost:3000/_next/static/chunks/node_modules_next_dist_1ybzpk2._.js:2477
[    1092ms] [LOG] [Fast Refresh] done in 136ms @ http://localhost:3000/_next/static/chunks/node_modules_next_dist_1ybzpk2._.js:2477
[    2496ms] [WARNING] Image with src "http://localhost:3000/logo.svg" has either width or height modified, but not the other. If you use CSS to change the size of your image, also include the styles 'width: "auto"' or 'height: "auto"' to maintain the aspect ratio. @ http://localhost:3000/_next/static/chunks/node_modules_next_dist_1ybzpk2._.js:2477
[    6816ms] [WARNING] The resource https://enjoyed-mudfish-95.clerk.accounts.dev/npm/@clerk/ui@1/dist/ui.browser.js was preloaded using link preload but not used within a few seconds from the window's load event. Please make sure it has an appropriate `as` value and it is preloaded intentionally. @ http://localhost:3000/dashboard:0
[   40019ms] [LOG] [Fast Refresh] rebuilding @ http://localhost:3000/_next/static/chunks/node_modules_next_dist_1ybzpk2._.js:2477
[   40019ms] [LOG] [Fast Refresh] done in 108ms @ http://localhost:3000/_next/static/chunks/node_modules_next_dist_1ybzpk2._.js:2477
[   49387ms] [WARNING] The resource https://enjoyed-mudfish-95.clerk.accounts.dev/npm/@clerk/ui@1/dist/ui.browser.js was preloaded using link preload but not used within a few seconds from the window's load event. Please make sure it has an appropriate `as` value and it is preloaded intentionally. @ http://localhost:3000/dashboard:0
[   70816ms] [LOG] [Fast Refresh] rebuilding @ http://localhost:3000/_next/static/chunks/node_modules_next_dist_1ybzpk2._.js:2477
[   70817ms] [LOG] [Fast Refresh] done in 109ms @ http://localhost:3000/_next/static/chunks/node_modules_next_dist_1ybzpk2._.js:2477
[   94082ms] [WARNING] The resource https://enjoyed-mudfish-95.clerk.accounts.dev/npm/@clerk/ui@1/dist/ui.browser.js was preloaded using link preload but not used within a few seconds from the window's load event. Please make sure it has an appropriate `as` value and it is preloaded intentionally. @ http://localhost:3000/dashboard:0
[  139259ms] [WARNING] The resource https://enjoyed-mudfish-95.clerk.accounts.dev/npm/@clerk/ui@1/dist/ui.browser.js was preloaded using link preload but not used within a few seconds from the window's load event. Please make sure it has an appropriate `as` value and it is preloaded intentionally. @ http://localhost:3000/dashboard:0
[  183991ms] [WARNING] The resource https://enjoyed-mudfish-95.clerk.accounts.dev/npm/@clerk/ui@1/dist/ui.browser.js was preloaded using link preload but not used within a few seconds from the window's load event. Please make sure it has an appropriate `as` value and it is preloaded intentionally. @ http://localhost:3000/dashboard:0
[  229086ms] [WARNING] The resource https://enjoyed-mudfish-95.clerk.accounts.dev/npm/@clerk/ui@1/dist/ui.browser.js was preloaded using link preload but not used within a few seconds from the window's load event. Please make sure it has an appropriate `as` value and it is preloaded intentionally. @ http://localhost:3000/dashboard:0
[  274596ms] [WARNING] The resource https://enjoyed-mudfish-95.clerk.accounts.dev/npm/@clerk/ui@1/dist/ui.browser.js was preloaded using link preload but not used within a few seconds from the window's load event. Please make sure it has an appropriate `as` value and it is preloaded intentionally. @ http://localhost:3000/dashboard:0
[  318939ms] [WARNING] The resource https://enjoyed-mudfish-95.clerk.accounts.dev/npm/@clerk/ui@1/dist/ui.browser.js was preloaded using link preload but not used within a few seconds from the window's load event. Please make sure it has an appropriate `as` value and it is preloaded intentionally. @ http://localhost:3000/dashboard:0
[  363700ms] [WARNING] The resource https://enjoyed-mudfish-95.clerk.accounts.dev/npm/@clerk/ui@1/dist/ui.browser.js was preloaded using link preload but not used within a few seconds from the window's load event. Please make sure it has an appropriate `as` value and it is preloaded intentionally. @ http://localhost:3000/dashboard:0
[  409394ms] [WARNING] The resource https://enjoyed-mudfish-95.clerk.accounts.dev/npm/@clerk/ui@1/dist/ui.browser.js was preloaded using link preload but not used within a few seconds from the window's load event. Please make sure it has an appropriate `as` value and it is preloaded intentionally. @ http://localhost:3000/dashboard:0
[  452766ms] [WARNING] The resource https://enjoyed-mudfish-95.clerk.accounts.dev/npm/@clerk/ui@1/dist/ui.browser.js was preloaded using link preload but not used within a few seconds from the window's load event. Please make sure it has an appropriate `as` value and it is preloaded intentionally. @ http://localhost:3000/dashboard:0
[  497043ms] [WARNING] The resource https://enjoyed-mudfish-95.clerk.accounts.dev/npm/@clerk/ui@1/dist/ui.browser.js was preloaded using link preload but not used within a few seconds from the window's load event. Please make sure it has an appropriate `as` value and it is preloaded intentionally. @ http://localhost:3000/dashboard:0
[  542661ms] [WARNING] The resource https://enjoyed-mudfish-95.clerk.accounts.dev/npm/@clerk/ui@1/dist/ui.browser.js was preloaded using link preload but not used within a few seconds from the window's load event. Please make sure it has an appropriate `as` value and it is preloaded intentionally. @ http://localhost:3000/dashboard:0
[  587007ms] [WARNING] The resource https://enjoyed-mudfish-95.clerk.accounts.dev/npm/@clerk/ui@1/dist/ui.browser.js was preloaded using link preload but not used within a few seconds from the window's load event. Please make sure it has an appropriate `as` value and it is preloaded intentionally. @ http://localhost:3000/dashboard:0
[  631424ms] [WARNING] The resource https://enjoyed-mudfish-95.clerk.accounts.dev/npm/@clerk/ui@1/dist/ui.browser.js was preloaded using link preload but not used within a few seconds from the window's load event. Please make sure it has an appropriate `as` value and it is preloaded intentionally. @ http://localhost:3000/dashboard:0
[  675641ms] [WARNING] The resource https://enjoyed-mudfish-95.clerk.accounts.dev/npm/@clerk/ui@1/dist/ui.browser.js was preloaded using link preload but not used within a few seconds from the window's load event. Please make sure it has an appropriate `as` value and it is preloaded intentionally. @ http://localhost:3000/dashboard:0
[  720896ms] [WARNING] The resource https://enjoyed-mudfish-95.clerk.accounts.dev/npm/@clerk/ui@1/dist/ui.browser.js was preloaded using link preload but not used within a few seconds from the window's load event. Please make sure it has an appropriate `as` value and it is preloaded intentionally. @ http://localhost:3000/dashboard:0
[  766187ms] [WARNING] The resource https://enjoyed-mudfish-95.clerk.accounts.dev/npm/@clerk/ui@1/dist/ui.browser.js was preloaded using link preload but not used within a few seconds from the window's load event. Please make sure it has an appropriate `as` value and it is preloaded intentionally. @ http://localhost:3000/dashboard:0
[  811073ms] [WARNING] The resource https://enjoyed-mudfish-95.clerk.accounts.dev/npm/@clerk/ui@1/dist/ui.browser.js was preloaded using link preload but not used within a few seconds from the window's load event. Please make sure it has an appropriate `as` value and it is preloaded intentionally. @ http://localhost:3000/dashboard:0
[  855982ms] [WARNING] The resource https://enjoyed-mudfish-95.clerk.accounts.dev/npm/@clerk/ui@1/dist/ui.browser.js was preloaded using link preload but not used within a few seconds from the window's load event. Please make sure it has an appropriate `as` value and it is preloaded intentionally. @ http://localhost:3000/dashboard:0
[  900729ms] [WARNING] The resource https://enjoyed-mudfish-95.clerk.accounts.dev/npm/@clerk/ui@1/dist/ui.browser.js was preloaded using link preload but not used within a few seconds from the window's load event. Please make sure it has an appropriate `as` value and it is preloaded intentionally. @ http://localhost:3000/dashboard:0
[  939267ms] [LOG] [Fast Refresh] rebuilding @ http://localhost:3000/_next/static/chunks/node_modules_next_dist_1ybzpk2._.js:2477
[  939373ms] [LOG] [Fast Refresh] done in 185ms @ http://localhost:3000/_next/static/chunks/node_modules_next_dist_1ybzpk2._.js:2477
[  939625ms] [LOG] [Fast Refresh] rebuilding @ http://localhost:3000/_next/static/chunks/node_modules_next_dist_1ybzpk2._.js:2477
[  939748ms] [LOG] [Fast Refresh] done in 227ms @ http://localhost:3000/_next/static/chunks/node_modules_next_dist_1ybzpk2._.js:2477
[  939884ms] [LOG] [Fast Refresh] rebuilding @ http://localhost:3000/_next/static/chunks/node_modules_next_dist_1ybzpk2._.js:2477
[  939938ms] [LOG] [Fast Refresh] done in 156ms @ http://localhost:3000/_next/static/chunks/node_modules_next_dist_1ybzpk2._.js:2477
[  942150ms] [LOG] [Fast Refresh] rebuilding @ http://localhost:3000/_next/static/chunks/node_modules_next_dist_1ybzpk2._.js:2477
[  942227ms] [LOG] [Fast Refresh] done in 170ms @ http://localhost:3000/_next/static/chunks/node_modules_next_dist_1ybzpk2._.js:2477
[  942434ms] [LOG] [Fast Refresh] rebuilding @ http://localhost:3000/_next/static/chunks/node_modules_next_dist_1ybzpk2._.js:2477
[  942569ms] [LOG] [Fast Refresh] done in 241ms @ http://localhost:3000/_next/static/chunks/node_modules_next_dist_1ybzpk2._.js:2477
[  945666ms] [WARNING] The resource https://enjoyed-mudfish-95.clerk.accounts.dev/npm/@clerk/ui@1/dist/ui.browser.js was preloaded using link preload but not used within a few seconds from the window's load event. Please make sure it has an appropriate `as` value and it is preloaded intentionally. @ http://localhost:3000/dashboard:0
[  967087ms] [LOG] [Fast Refresh] rebuilding @ http://localhost:3000/_next/static/chunks/node_modules_next_dist_1ybzpk2._.js:2477
[  967165ms] [LOG] [Fast Refresh] done in 168ms @ http://localhost:3000/_next/static/chunks/node_modules_next_dist_1ybzpk2._.js:2477
[  967425ms] [LOG] [Fast Refresh] rebuilding @ http://localhost:3000/_next/static/chunks/node_modules_next_dist_1ybzpk2._.js:2477
[  967537ms] [LOG] [Fast Refresh] done in 220ms @ http://localhost:3000/_next/static/chunks/node_modules_next_dist_1ybzpk2._.js:2477
[  967763ms] [LOG] [Fast Refresh] rebuilding @ http://localhost:3000/_next/static/chunks/node_modules_next_dist_1ybzpk2._.js:2477
[  967792ms] [LOG] [Fast Refresh] done in 132ms @ http://localhost:3000/_next/static/chunks/node_modules_next_dist_1ybzpk2._.js:2477
[  970150ms] [LOG] [Fast Refresh] rebuilding @ http://localhost:3000/_next/static/chunks/node_modules_next_dist_1ybzpk2._.js:2477
[  970259ms] [LOG] [Fast Refresh] done in 195ms @ http://localhost:3000/_next/static/chunks/node_modules_next_dist_1ybzpk2._.js:2477
[  970462ms] [LOG] [Fast Refresh] rebuilding @ http://localhost:3000/_next/static/chunks/node_modules_next_dist_1ybzpk2._.js:2477
[  970577ms] [LOG] [Fast Refresh] done in 219ms @ http://localhost:3000/_next/static/chunks/node_modules_next_dist_1ybzpk2._.js:2477
[  970682ms] [LOG] [Fast Refresh] rebuilding @ http://localhost:3000/_next/static/chunks/node_modules_next_dist_1ybzpk2._.js:2477
[  970725ms] [LOG] [Fast Refresh] done in 147ms @ http://localhost:3000/_next/static/chunks/node_modules_next_dist_1ybzpk2._.js:2477
[  973992ms] [WARNING] The resource https://enjoyed-mudfish-95.clerk.accounts.dev/npm/@clerk/ui@1/dist/ui.browser.js was preloaded using link preload but not used within a few seconds from the window's load event. Please make sure it has an appropriate `as` value and it is preloaded intentionally. @ http://localhost:3000/dashboard:0
[  975068ms] [LOG] [Fast Refresh] rebuilding @ http://localhost:3000/_next/static/chunks/node_modules_next_dist_1ybzpk2._.js:2477
[  975141ms] [LOG] [Fast Refresh] done in 162ms @ http://localhost:3000/_next/static/chunks/node_modules_next_dist_1ybzpk2._.js:2477
[  975396ms] [LOG] [Fast Refresh] rebuilding @ http://localhost:3000/_next/static/chunks/node_modules_next_dist_1ybzpk2._.js:2477
[  975512ms] [LOG] [Fast Refresh] done in 215ms @ http://localhost:3000/_next/static/chunks/node_modules_next_dist_1ybzpk2._.js:2477
[  978577ms] [WARNING] The resource https://enjoyed-mudfish-95.clerk.accounts.dev/npm/@clerk/ui@1/dist/ui.browser.js was preloaded using link preload but not used within a few seconds from the window's load event. Please make sure it has an appropriate `as` value and it is preloaded intentionally. @ http://localhost:3000/dashboard:0
[  988934ms] [LOG] [Fast Refresh] rebuilding @ http://localhost:3000/_next/static/chunks/node_modules_next_dist_1ybzpk2._.js:2477
[  989136ms] [LOG] [Fast Refresh] done in 290ms @ http://localhost:3000/_next/static/chunks/node_modules_next_dist_1ybzpk2._.js:2477
[  989684ms] [LOG] [Fast Refresh] rebuilding @ http://localhost:3000/_next/static/chunks/node_modules_next_dist_1ybzpk2._.js:2477
[  989818ms] [LOG] [Fast Refresh] done in 238ms @ http://localhost:3000/_next/static/chunks/node_modules_next_dist_1ybzpk2._.js:2477
[  991640ms] [LOG] [Fast Refresh] rebuilding @ http://localhost:3000/_next/static/chunks/node_modules_next_dist_1ybzpk2._.js:2477
[  991711ms] [LOG] [Fast Refresh] done in 166ms @ http://localhost:3000/_next/static/chunks/node_modules_next_dist_1ybzpk2._.js:2477
[  991910ms] [LOG] [Fast Refresh] rebuilding @ http://localhost:3000/_next/static/chunks/node_modules_next_dist_1ybzpk2._.js:2477
[  992027ms] [LOG] [Fast Refresh] done in 219ms @ http://localhost:3000/_next/static/chunks/node_modules_next_dist_1ybzpk2._.js:2477
[  995168ms] [WARNING] The resource https://enjoyed-mudfish-95.clerk.accounts.dev/npm/@clerk/ui@1/dist/ui.browser.js was preloaded using link preload but not used within a few seconds from the window's load event. Please make sure it has an appropriate `as` value and it is preloaded intentionally. @ http://localhost:3000/dashboard:0
[ 1036111ms] [WARNING] The resource https://enjoyed-mudfish-95.clerk.accounts.dev/npm/@clerk/ui@1/dist/ui.browser.js was preloaded using link preload but not used within a few seconds from the window's load event. Please make sure it has an appropriate `as` value and it is preloaded intentionally. @ http://localhost:3000/dashboard:0
[ 1080831ms] [WARNING] The resource https://enjoyed-mudfish-95.clerk.accounts.dev/npm/@clerk/ui@1/dist/ui.browser.js was preloaded using link preload but not used within a few seconds from the window's load event. Please make sure it has an appropriate `as` value and it is preloaded intentionally. @ http://localhost:3000/dashboard:0
[ 1126526ms] [WARNING] The resource https://enjoyed-mudfish-95.clerk.accounts.dev/npm/@clerk/ui@1/dist/ui.browser.js was preloaded using link preload but not used within a few seconds from the window's load event. Please make sure it has an appropriate `as` value and it is preloaded intentionally. @ http://localhost:3000/dashboard:0
[ 1171057ms] [WARNING] The resource https://enjoyed-mudfish-95.clerk.accounts.dev/npm/@clerk/ui@1/dist/ui.browser.js was preloaded using link preload but not used within a few seconds from the window's load event. Please make sure it has an appropriate `as` value and it is preloaded intentionally. @ http://localhost:3000/dashboard:0
[ 1215498ms] [WARNING] The resource https://enjoyed-mudfish-95.clerk.accounts.dev/npm/@clerk/ui@1/dist/ui.browser.js was preloaded using link preload but not used within a few seconds from the window's load event. Please make sure it has an appropriate `as` value and it is preloaded intentionally. @ http://localhost:3000/dashboard:0
[ 1259218ms] [WARNING] The resource https://enjoyed-mudfish-95.clerk.accounts.dev/npm/@clerk/ui@1/dist/ui.browser.js was preloaded using link preload but not used within a few seconds from the window's load event. Please make sure it has an appropriate `as` value and it is preloaded intentionally. @ http://localhost:3000/dashboard:0
[ 1259716ms] [LOG] [Fast Refresh] rebuilding @ http://localhost:3000/_next/static/chunks/node_modules_next_dist_1ybzpk2._.js:2477
[ 1259809ms] [LOG] [Fast Refresh] done in 196ms @ http://localhost:3000/_next/static/chunks/node_modules_next_dist_1ybzpk2._.js:2477
[ 1303967ms] [WARNING] The resource https://enjoyed-mudfish-95.clerk.accounts.dev/npm/@clerk/ui@1/dist/ui.browser.js was preloaded using link preload but not used within a few seconds from the window's load event. Please make sure it has an appropriate `as` value and it is preloaded intentionally. @ http://localhost:3000/dashboard:0
[ 1349644ms] [WARNING] The resource https://enjoyed-mudfish-95.clerk.accounts.dev/npm/@clerk/ui@1/dist/ui.browser.js was preloaded using link preload but not used within a few seconds from the window's load event. Please make sure it has an appropriate `as` value and it is preloaded intentionally. @ http://localhost:3000/dashboard:0
[ 1394848ms] [WARNING] The resource https://enjoyed-mudfish-95.clerk.accounts.dev/npm/@clerk/ui@1/dist/ui.browser.js was preloaded using link preload but not used within a few seconds from the window's load event. Please make sure it has an appropriate `as` value and it is preloaded intentionally. @ http://localhost:3000/dashboard:0
[ 1439274ms] [WARNING] The resource https://enjoyed-mudfish-95.clerk.accounts.dev/npm/@clerk/ui@1/dist/ui.browser.js was preloaded using link preload but not used within a few seconds from the window's load event. Please make sure it has an appropriate `as` value and it is preloaded intentionally. @ http://localhost:3000/dashboard:0
[ 1479291ms] [LOG] [Fast Refresh] rebuilding @ http://localhost:3000/_next/static/chunks/node_modules_next_dist_1ybzpk2._.js:2477
[ 1479370ms] [LOG] [Fast Refresh] done in 189ms @ http://localhost:3000/_next/static/chunks/node_modules_next_dist_1ybzpk2._.js:2477
[ 1484266ms] [WARNING] The resource https://enjoyed-mudfish-95.clerk.accounts.dev/npm/@clerk/ui@1/dist/ui.browser.js was preloaded using link preload but not used within a few seconds from the window's load event. Please make sure it has an appropriate `as` value and it is preloaded intentionally. @ http://localhost:3000/dashboard:0
[ 1484764ms] [LOG] [Fast Refresh] rebuilding @ http://localhost:3000/_next/static/chunks/node_modules_next_dist_1ybzpk2._.js:2477
[ 1484780ms] [LOG] [Fast Refresh] done in 124ms @ http://localhost:3000/_next/static/chunks/node_modules_next_dist_1ybzpk2._.js:2477
[ 1485981ms] [LOG] [Fast Refresh] rebuilding @ http://localhost:3000/_next/static/chunks/node_modules_next_dist_1ybzpk2._.js:2477
[ 1485981ms] [LOG] [Fast Refresh] done in 111ms @ http://localhost:3000/_next/static/chunks/node_modules_next_dist_1ybzpk2._.js:2477
[ 1488410ms] [LOG] [Fast Refresh] rebuilding @ http://localhost:3000/_next/static/chunks/node_modules_next_dist_1ybzpk2._.js:2477
[ 1488426ms] [LOG] [Fast Refresh] done in 124ms @ http://localhost:3000/_next/static/chunks/node_modules_next_dist_1ybzpk2._.js:2477
[ 1489672ms] [LOG] [Fast Refresh] rebuilding @ http://localhost:3000/_next/static/chunks/node_modules_next_dist_1ybzpk2._.js:2477
[ 1489672ms] [LOG] [Fast Refresh] done in 113ms @ http://localhost:3000/_next/static/chunks/node_modules_next_dist_1ybzpk2._.js:2477
[ 1493839ms] [LOG] [Fast Refresh] rebuilding @ http://localhost:3000/_next/static/chunks/node_modules_next_dist_1ybzpk2._.js:2477
[ 1493902ms] [LOG] [Fast Refresh] done in 167ms @ http://localhost:3000/_next/static/chunks/node_modules_next_dist_1ybzpk2._.js:2477
[ 1496448ms] [LOG] [Fast Refresh] rebuilding @ http://localhost:3000/_next/static/chunks/node_modules_next_dist_1ybzpk2._.js:2477
[ 1496449ms] [LOG] [Fast Refresh] done in 114ms @ http://localhost:3000/_next/static/chunks/node_modules_next_dist_1ybzpk2._.js:2477
[ 1506017ms] [LOG] [Fast Refresh] rebuilding @ http://localhost:3000/_next/static/chunks/node_modules_next_dist_1ybzpk2._.js:2477
[ 1506584ms] [LOG] [Fast Refresh] done in 665ms @ http://localhost:3000/_next/static/chunks/node_modules_next_dist_1ybzpk2._.js:2477
[ 1507507ms] [LOG] [Fast Refresh] rebuilding @ http://localhost:3000/_next/static/chunks/node_modules_next_dist_1ybzpk2._.js:2477
[ 1507552ms] [LOG] [Fast Refresh] done in 148ms @ http://localhost:3000/_next/static/chunks/node_modules_next_dist_1ybzpk2._.js:2477
[ 1507656ms] [LOG] [Fast Refresh] rebuilding @ http://localhost:3000/_next/static/chunks/node_modules_next_dist_1ybzpk2._.js:2477
[ 1507827ms] [LOG] [Fast Refresh] done in 274ms @ http://localhost:3000/_next/static/chunks/node_modules_next_dist_1ybzpk2._.js:2477
[ 1508087ms] [LOG] [Fast Refresh] rebuilding @ http://localhost:3000/_next/static/chunks/node_modules_next_dist_1ybzpk2._.js:2477
[ 1508130ms] [LOG] [Fast Refresh] done in 146ms @ http://localhost:3000/_next/static/chunks/node_modules_next_dist_1ybzpk2._.js:2477
[ 1512397ms] [WARNING] The resource https://enjoyed-mudfish-95.clerk.accounts.dev/npm/@clerk/ui@1/dist/ui.browser.js was preloaded using link preload but not used within a few seconds from the window's load event. Please make sure it has an appropriate `as` value and it is preloaded intentionally. @ http://localhost:3000/dashboard:0
[ 1525777ms] [LOG] [Fast Refresh] rebuilding @ http://localhost:3000/_next/static/chunks/node_modules_next_dist_1ybzpk2._.js:2477
[ 1525854ms] [LOG] [Fast Refresh] done in 184ms @ http://localhost:3000/_next/static/chunks/node_modules_next_dist_1ybzpk2._.js:2477
[ 1526404ms] [LOG] [Fast Refresh] rebuilding @ http://localhost:3000/_next/static/chunks/node_modules_next_dist_1ybzpk2._.js:2477
[ 1526555ms] [LOG] [Fast Refresh] done in 251ms @ http://localhost:3000/_next/static/chunks/node_modules_next_dist_1ybzpk2._.js:2477
[ 1527015ms] [LOG] [Fast Refresh] rebuilding @ http://localhost:3000/_next/static/chunks/node_modules_next_dist_1ybzpk2._.js:2477
[ 1527042ms] [LOG] [Fast Refresh] done in 128ms @ http://localhost:3000/_next/static/chunks/node_modules_next_dist_1ybzpk2._.js:2477
[ 1528244ms] [LOG] [Fast Refresh] rebuilding @ http://localhost:3000/_next/static/chunks/node_modules_next_dist_1ybzpk2._.js:2477
[ 1528245ms] [LOG] [Fast Refresh] done in 113ms @ http://localhost:3000/_next/static/chunks/node_modules_next_dist_1ybzpk2._.js:2477
[ 1529477ms] [LOG] [Fast Refresh] rebuilding @ http://localhost:3000/_next/static/chunks/node_modules_next_dist_1ybzpk2._.js:2477
[ 1529478ms] [LOG] [Fast Refresh] done in 112ms @ http://localhost:3000/_next/static/chunks/node_modules_next_dist_1ybzpk2._.js:2477
[ 1529930ms] [WARNING] The resource https://enjoyed-mudfish-95.clerk.accounts.dev/npm/@clerk/ui@1/dist/ui.browser.js was preloaded using link preload but not used within a few seconds from the window's load event. Please make sure it has an appropriate `as` value and it is preloaded intentionally. @ http://localhost:3000/dashboard:0
[ 1533110ms] [LOG] [Fast Refresh] rebuilding @ http://localhost:3000/_next/static/chunks/node_modules_next_dist_1ybzpk2._.js:2477
[ 1533142ms] [LOG] [Fast Refresh] done in 137ms @ http://localhost:3000/_next/static/chunks/node_modules_next_dist_1ybzpk2._.js:2477
[ 1534279ms] [LOG] [Fast Refresh] rebuilding @ http://localhost:3000/_next/static/chunks/node_modules_next_dist_1ybzpk2._.js:2477
[ 1534280ms] [LOG] [Fast Refresh] done in 110ms @ http://localhost:3000/_next/static/chunks/node_modules_next_dist_1ybzpk2._.js:2477
[ 1539573ms] [LOG] [Fast Refresh] rebuilding @ http://localhost:3000/_next/static/chunks/node_modules_next_dist_1ybzpk2._.js:2477
[ 1539589ms] [LOG] [Fast Refresh] done in 129ms @ http://localhost:3000/_next/static/chunks/node_modules_next_dist_1ybzpk2._.js:2477
[ 1541998ms] [LOG] [Fast Refresh] rebuilding @ http://localhost:3000/_next/static/chunks/node_modules_next_dist_1ybzpk2._.js:2477
[ 1542014ms] [LOG] [Fast Refresh] done in 125ms @ http://localhost:3000/_next/static/chunks/node_modules_next_dist_1ybzpk2._.js:2477
[ 1544615ms] [LOG] [Fast Refresh] rebuilding @ http://localhost:3000/_next/static/chunks/node_modules_next_dist_1ybzpk2._.js:2477
[ 1546119ms] [ERROR] ./app/dashboard/_components/DashboardHome/components/SkillOverviewCard/SkillOverviewCard.tsx:34:10
the name `OwnerOverview` is defined multiple times
  32 | }
  33 |
> 34 | function OwnerOverview() {
     |          ^^^^^^^^^^^^^
  35 |   const today = new Date();
  36 |   const from = subDays(today, OWNER_RANGE_DAYS - 1);
  37 |   const { data: days = [] } = useOwnerReservationSummary(from, today);

Ecmascript file had an error

Generated code of loaders [@locator/webpack-loader] transform of file content of app/dashboard/_components/DashboardHome/components/SkillOverviewCard/SkillOverviewCard.tsx:
./app/dashboard/_components/DashboardHome/components/SkillOverviewCard/SkillOverviewCard.tsx:34:10
  32 | }
  33 |
> 34 | function OwnerOverview() {
     |          ^^^^^^^^^^^^^
  35 |   const today = new Date();
  36 |   const from = subDays(today, OWNER_RANGE_DAYS - 1);
  37 |   const { data: days = [] } = useOwnerReservationSummary(from, today);

Import traces:
  Client Component Browser:
    ./app/dashboard/_components/DashboardHome/components/SkillOverviewCard/SkillOverviewCard.tsx [Client Component Browser]
    ./app/dashboard/_components/DashboardHome/DashboardHome.tsx [Client Component Browser]
    ./app/dashboard/page.tsx [Client Component Browser]
    ./app/dashboard/page.tsx [Server Component]

  Client Component SSR:
    ./app/dashboard/_components/DashboardHome/components/SkillOverviewCard/SkillOverviewCard.tsx [Client Component SSR]
    ./app/dashboard/_components/DashboardHome/DashboardHome.tsx [Client Component SSR]
    ./app/dashboard/page.tsx [Client Component SSR]
    ./app/dashboard/page.tsx [Server Component] @ http://localhost:3000/_next/static/chunks/node_modules_next_dist_1ybzpk2._.js:3318
[ 1546119ms] [ERROR] ./app/dashboard/_components/DashboardHome/components/SkillOverviewCard/SkillOverviewCard.tsx:65:10
the name `PlayerOverview` is defined multiple times
  63 | }
  64 |
> 65 | function PlayerOverview() {
     |          ^^^^^^^^^^^^^^
  66 |   const { user } = useAuth();
  67 |   const { data: history = [] } = useMyReservations(true);
  68 |   const nonCancelled = history.filter((r) => r.status !== "CANCELLED");

Ecmascript file had an error

Generated code of loaders [@locator/webpack-loader] transform of file content of app/dashboard/_components/DashboardHome/components/SkillOverviewCard/SkillOverviewCard.tsx:
./app/dashboard/_components/DashboardHome/components/SkillOverviewCard/SkillOverviewCard.tsx:65:10
  63 | }
  64 |
> 65 | function PlayerOverview() {
     |          ^^^^^^^^^^^^^^
  66 |   const { user } = useAuth();
  67 |   const { data: history = [] } = useMyReservations(true);
  68 |   const nonCancelled = history.filter((r) => r.status !== "CANCELLED");

Import traces:
  Client Component Browser:
    ./app/dashboard/_components/DashboardHome/components/SkillOverviewCard/SkillOverviewCard.tsx [Client Component Browser]
    ./app/dashboard/_components/DashboardHome/DashboardHome.tsx [Client Component Browser]
    ./app/dashboard/page.tsx [Client Component Browser]
    ./app/dashboard/page.tsx [Server Component]

  Client Component SSR:
    ./app/dashboard/_components/DashboardHome/components/SkillOverviewCard/SkillOverviewCard.tsx [Client Component SSR]
    ./app/dashboard/_components/DashboardHome/DashboardHome.tsx [Client Component SSR]
    ./app/dashboard/page.tsx [Client Component SSR]
    ./app/dashboard/page.tsx [Server Component] @ http://localhost:3000/_next/static/chunks/node_modules_next_dist_1ybzpk2._.js:3318
[ 1546204ms] [ERROR] ./app/dashboard/_components/DashboardHome/components/SkillOverviewCard/SkillOverviewCard.tsx:34:10
the name `OwnerOverview` is defined multiple times
  32 | }
  33 |
> 34 | function OwnerOverview() {
     |          ^^^^^^^^^^^^^
  35 |   const today = new Date();
  36 |   const from = subDays(today, OWNER_RANGE_DAYS - 1);
  37 |   const { data: days = [] } = useOwnerReservationSummary(from, today);

Ecmascript file had an error

Generated code of loaders [@locator/webpack-loader] transform of file content of app/dashboard/_components/DashboardHome/components/SkillOverviewCard/SkillOverviewCard.tsx:
./app/dashboard/_components/DashboardHome/components/SkillOverviewCard/SkillOverviewCard.tsx:34:10
  32 | }
  33 |
> 34 | function OwnerOverview() {
     |          ^^^^^^^^^^^^^
  35 |   const today = new Date();
  36 |   const from = subDays(today, OWNER_RANGE_DAYS - 1);
  37 |   const { data: days = [] } = useOwnerReservationSummary(from, today);

Import traces:
  Client Component Browser:
    ./app/dashboard/_components/DashboardHome/components/SkillOverviewCard/SkillOverviewCard.tsx [Client Component Browser]
    ./app/dashboard/_components/DashboardHome/DashboardHome.tsx [Client Component Browser]
    ./app/dashboard/page.tsx [Client Component Browser]
    ./app/dashboard/page.tsx [Server Component]

  Client Component SSR:
    ./app/dashboard/_components/DashboardHome/components/SkillOverviewCard/SkillOverviewCard.tsx [Client Component SSR]
    ./app/dashboard/_components/DashboardHome/DashboardHome.tsx [Client Component SSR]
    ./app/dashboard/page.tsx [Client Component SSR]
    ./app/dashboard/page.tsx [Server Component] @ http://localhost:3000/_next/static/chunks/node_modules_next_dist_1ybzpk2._.js:3318
[ 1546204ms] [ERROR] ./app/dashboard/_components/DashboardHome/components/SkillOverviewCard/SkillOverviewCard.tsx:65:10
the name `PlayerOverview` is defined multiple times
  63 | }
  64 |
> 65 | function PlayerOverview() {
     |          ^^^^^^^^^^^^^^
  66 |   const { user } = useAuth();
  67 |   const { data: history = [] } = useMyReservations(true);
  68 |   const nonCancelled = history.filter((r) => r.status !== "CANCELLED");

Ecmascript file had an error

Generated code of loaders [@locator/webpack-loader] transform of file content of app/dashboard/_components/DashboardHome/components/SkillOverviewCard/SkillOverviewCard.tsx:
./app/dashboard/_components/DashboardHome/components/SkillOverviewCard/SkillOverviewCard.tsx:65:10
  63 | }
  64 |
> 65 | function PlayerOverview() {
     |          ^^^^^^^^^^^^^^
  66 |   const { user } = useAuth();
  67 |   const { data: history = [] } = useMyReservations(true);
  68 |   const nonCancelled = history.filter((r) => r.status !== "CANCELLED");

Import traces:
  Client Component Browser:
    ./app/dashboard/_components/DashboardHome/components/SkillOverviewCard/SkillOverviewCard.tsx [Client Component Browser]
    ./app/dashboard/_components/DashboardHome/DashboardHome.tsx [Client Component Browser]
    ./app/dashboard/page.tsx [Client Component Browser]
    ./app/dashboard/page.tsx [Server Component]

  Client Component SSR:
    ./app/dashboard/_components/DashboardHome/components/SkillOverviewCard/SkillOverviewCard.tsx [Client Component SSR]
    ./app/dashboard/_components/DashboardHome/DashboardHome.tsx [Client Component SSR]
    ./app/dashboard/page.tsx [Client Component SSR]
    ./app/dashboard/page.tsx [Server Component] @ http://localhost:3000/_next/static/chunks/node_modules_next_dist_1ybzpk2._.js:3318
[ 1546274ms] [ERROR] ./app/dashboard/_components/DashboardHome/components/SkillOverviewCard/SkillOverviewCard.tsx:34:10
the name `OwnerOverview` is defined multiple times
  32 | }
  33 |
> 34 | function OwnerOverview() {
     |          ^^^^^^^^^^^^^
  35 |   const today = new Date();
  36 |   const from = subDays(today, OWNER_RANGE_DAYS - 1);
  37 |   const { data: days = [] } = useOwnerReservationSummary(from, today);

Ecmascript file had an error

Generated code of loaders [@locator/webpack-loader] transform of file content of app/dashboard/_components/DashboardHome/components/SkillOverviewCard/SkillOverviewCard.tsx:
./app/dashboard/_components/DashboardHome/components/SkillOverviewCard/SkillOverviewCard.tsx:34:10
  32 | }
  33 |
> 34 | function OwnerOverview() {
     |          ^^^^^^^^^^^^^
  35 |   const today = new Date();
  36 |   const from = subDays(today, OWNER_RANGE_DAYS - 1);
  37 |   const { data: days = [] } = useOwnerReservationSummary(from, today);

Import traces:
  Client Component Browser:
    ./app/dashboard/_components/DashboardHome/components/SkillOverviewCard/SkillOverviewCard.tsx [Client Component Browser]
    ./app/dashboard/_components/DashboardHome/DashboardHome.tsx [Client Component Browser]
    ./app/dashboard/page.tsx [Client Component Browser]
    ./app/dashboard/page.tsx [Server Component]

  Client Component SSR:
    ./app/dashboard/_components/DashboardHome/components/SkillOverviewCard/SkillOverviewCard.tsx [Client Component SSR]
    ./app/dashboard/_components/DashboardHome/DashboardHome.tsx [Client Component SSR]
    ./app/dashboard/page.tsx [Client Component SSR]
    ./app/dashboard/page.tsx [Server Component] @ http://localhost:3000/_next/static/chunks/node_modules_next_dist_1ybzpk2._.js:3318
[ 1546274ms] [ERROR] ./app/dashboard/_components/DashboardHome/components/SkillOverviewCard/SkillOverviewCard.tsx:65:10
the name `PlayerOverview` is defined multiple times
  63 | }
  64 |
> 65 | function PlayerOverview() {
     |          ^^^^^^^^^^^^^^
  66 |   const { user } = useAuth();
  67 |   const { data: history = [] } = useMyReservations(true);
  68 |   const nonCancelled = history.filter((r) => r.status !== "CANCELLED");

Ecmascript file had an error

Generated code of loaders [@locator/webpack-loader] transform of file content of app/dashboard/_components/DashboardHome/components/SkillOverviewCard/SkillOverviewCard.tsx:
./app/dashboard/_components/DashboardHome/components/SkillOverviewCard/SkillOverviewCard.tsx:65:10
  63 | }
  64 |
> 65 | function PlayerOverview() {
     |          ^^^^^^^^^^^^^^
  66 |   const { user } = useAuth();
  67 |   const { data: history = [] } = useMyReservations(true);
  68 |   const nonCancelled = history.filter((r) => r.status !== "CANCELLED");

Import traces:
  Client Component Browser:
    ./app/dashboard/_components/DashboardHome/components/SkillOverviewCard/SkillOverviewCard.tsx [Client Component Browser]
    ./app/dashboard/_components/DashboardHome/DashboardHome.tsx [Client Component Browser]
    ./app/dashboard/page.tsx [Client Component Browser]
    ./app/dashboard/page.tsx [Server Component]

  Client Component SSR:
    ./app/dashboard/_components/DashboardHome/components/SkillOverviewCard/SkillOverviewCard.tsx [Client Component SSR]
    ./app/dashboard/_components/DashboardHome/DashboardHome.tsx [Client Component SSR]
    ./app/dashboard/page.tsx [Client Component SSR]
    ./app/dashboard/page.tsx [Server Component] @ http://localhost:3000/_next/static/chunks/node_modules_next_dist_1ybzpk2._.js:3318
[ 1546415ms] [LOG] [Fast Refresh] rebuilding @ http://localhost:3000/_next/static/chunks/node_modules_next_dist_1ybzpk2._.js:2477
[ 1546425ms] [ERROR] ./app/dashboard/_components/DashboardHome/components/SkillOverviewCard/SkillOverviewCard.tsx:34:10
the name `OwnerOverview` is defined multiple times
  32 | }
  33 |
> 34 | function OwnerOverview() {
     |          ^^^^^^^^^^^^^
  35 |   const today = new Date();
  36 |   const from = subDays(today, OWNER_RANGE_DAYS - 1);
  37 |   const { data: days = [] } = useOwnerReservationSummary(from, today);

Ecmascript file had an error

Generated code of loaders [@locator/webpack-loader] transform of file content of app/dashboard/_components/DashboardHome/components/SkillOverviewCard/SkillOverviewCard.tsx:
./app/dashboard/_components/DashboardHome/components/SkillOverviewCard/SkillOverviewCard.tsx:34:10
  32 | }
  33 |
> 34 | function OwnerOverview() {
     |          ^^^^^^^^^^^^^
  35 |   const today = new Date();
  36 |   const from = subDays(today, OWNER_RANGE_DAYS - 1);
  37 |   const { data: days = [] } = useOwnerReservationSummary(from, today);

Import traces:
  Client Component Browser:
    ./app/dashboard/_components/DashboardHome/components/SkillOverviewCard/SkillOverviewCard.tsx [Client Component Browser]
    ./app/dashboard/_components/DashboardHome/DashboardHome.tsx [Client Component Browser]
    ./app/dashboard/page.tsx [Client Component Browser]
    ./app/dashboard/page.tsx [Server Component]

  Client Component SSR:
    ./app/dashboard/_components/DashboardHome/components/SkillOverviewCard/SkillOverviewCard.tsx [Client Component SSR]
    ./app/dashboard/_components/DashboardHome/DashboardHome.tsx [Client Component SSR]
    ./app/dashboard/page.tsx [Client Component SSR]
    ./app/dashboard/page.tsx [Server Component] @ http://localhost:3000/_next/static/chunks/node_modules_next_dist_1ybzpk2._.js:3318
[ 1546425ms] [ERROR] ./app/dashboard/_components/DashboardHome/components/SkillOverviewCard/SkillOverviewCard.tsx:65:10
the name `PlayerOverview` is defined multiple times
  63 | }
  64 |
> 65 | function PlayerOverview() {
     |          ^^^^^^^^^^^^^^
  66 |   const { user } = useAuth();
  67 |   const { data: history = [] } = useMyReservations(true);
  68 |   const nonCancelled = history.filter((r) => r.status !== "CANCELLED");

Ecmascript file had an error

Generated code of loaders [@locator/webpack-loader] transform of file content of app/dashboard/_components/DashboardHome/components/SkillOverviewCard/SkillOverviewCard.tsx:
./app/dashboard/_components/DashboardHome/components/SkillOverviewCard/SkillOverviewCard.tsx:65:10
  63 | }
  64 |
> 65 | function PlayerOverview() {
     |          ^^^^^^^^^^^^^^
  66 |   const { user } = useAuth();
  67 |   const { data: history = [] } = useMyReservations(true);
  68 |   const nonCancelled = history.filter((r) => r.status !== "CANCELLED");

Import traces:
  Client Component Browser:
    ./app/dashboard/_components/DashboardHome/components/SkillOverviewCard/SkillOverviewCard.tsx [Client Component Browser]
    ./app/dashboard/_components/DashboardHome/DashboardHome.tsx [Client Component Browser]
    ./app/dashboard/page.tsx [Client Component Browser]
    ./app/dashboard/page.tsx [Server Component]

  Client Component SSR:
    ./app/dashboard/_components/DashboardHome/components/SkillOverviewCard/SkillOverviewCard.tsx [Client Component SSR]
    ./app/dashboard/_components/DashboardHome/DashboardHome.tsx [Client Component SSR]
    ./app/dashboard/page.tsx [Client Component SSR]
    ./app/dashboard/page.tsx [Server Component] @ http://localhost:3000/_next/static/chunks/node_modules_next_dist_1ybzpk2._.js:3318
[ 1546540ms] [LOG] [Fast Refresh] rebuilding @ http://localhost:3000/_next/static/chunks/node_modules_next_dist_1ybzpk2._.js:2477
[ 1546777ms] [ERROR] ./app/dashboard/_components/DashboardHome/components/SkillOverviewCard/SkillOverviewCard.tsx:34:10
the name `OwnerOverview` is defined multiple times
  32 | }
  33 |
> 34 | function OwnerOverview() {
     |          ^^^^^^^^^^^^^
  35 |   const today = new Date();
  36 |   const from = subDays(today, OWNER_RANGE_DAYS - 1);
  37 |   const { data: days = [] } = useOwnerReservationSummary(from, today);

Ecmascript file had an error

Generated code of loaders [@locator/webpack-loader] transform of file content of app/dashboard/_components/DashboardHome/components/SkillOverviewCard/SkillOverviewCard.tsx:
./app/dashboard/_components/DashboardHome/components/SkillOverviewCard/SkillOverviewCard.tsx:34:10
  32 | }
  33 |
> 34 | function OwnerOverview() {
     |          ^^^^^^^^^^^^^
  35 |   const today = new Date();
  36 |   const from = subDays(today, OWNER_RANGE_DAYS - 1);
  37 |   const { data: days = [] } = useOwnerReservationSummary(from, today);

Import traces:
  Client Component Browser:
    ./app/dashboard/_components/DashboardHome/components/SkillOverviewCard/SkillOverviewCard.tsx [Client Component Browser]
    ./app/dashboard/_components/DashboardHome/DashboardHome.tsx [Client Component Browser]
    ./app/dashboard/page.tsx [Client Component Browser]
    ./app/dashboard/page.tsx [Server Component]

  Client Component SSR:
    ./app/dashboard/_components/DashboardHome/components/SkillOverviewCard/SkillOverviewCard.tsx [Client Component SSR]
    ./app/dashboard/_components/DashboardHome/DashboardHome.tsx [Client Component SSR]
    ./app/dashboard/page.tsx [Client Component SSR]
    ./app/dashboard/page.tsx [Server Component] @ http://localhost:3000/_next/static/chunks/node_modules_next_dist_1ybzpk2._.js:3318
[ 1546777ms] [ERROR] ./app/dashboard/_components/DashboardHome/components/SkillOverviewCard/SkillOverviewCard.tsx:65:10
the name `PlayerOverview` is defined multiple times
  63 | }
  64 |
> 65 | function PlayerOverview() {
     |          ^^^^^^^^^^^^^^
  66 |   const { user } = useAuth();
  67 |   const { data: history = [] } = useMyReservations(true);
  68 |   const nonCancelled = history.filter((r) => r.status !== "CANCELLED");

Ecmascript file had an error

Generated code of loaders [@locator/webpack-loader] transform of file content of app/dashboard/_components/DashboardHome/components/SkillOverviewCard/SkillOverviewCard.tsx:
./app/dashboard/_components/DashboardHome/components/SkillOverviewCard/SkillOverviewCard.tsx:65:10
  63 | }
  64 |
> 65 | function PlayerOverview() {
     |          ^^^^^^^^^^^^^^
  66 |   const { user } = useAuth();
  67 |   const { data: history = [] } = useMyReservations(true);
  68 |   const nonCancelled = history.filter((r) => r.status !== "CANCELLED");

Import traces:
  Client Component Browser:
    ./app/dashboard/_components/DashboardHome/components/SkillOverviewCard/SkillOverviewCard.tsx [Client Component Browser]
    ./app/dashboard/_components/DashboardHome/DashboardHome.tsx [Client Component Browser]
    ./app/dashboard/page.tsx [Client Component Browser]
    ./app/dashboard/page.tsx [Server Component]

  Client Component SSR:
    ./app/dashboard/_components/DashboardHome/components/SkillOverviewCard/SkillOverviewCard.tsx [Client Component SSR]
    ./app/dashboard/_components/DashboardHome/DashboardHome.tsx [Client Component SSR]
    ./app/dashboard/page.tsx [Client Component SSR]
    ./app/dashboard/page.tsx [Server Component] @ http://localhost:3000/_next/static/chunks/node_modules_next_dist_1ybzpk2._.js:3318
[ 1546778ms] [ERROR] ./app/dashboard/_components/DashboardHome/components/SkillOverviewCard/SkillOverviewCard.tsx:34:10
the name `OwnerOverview` is defined multiple times
  32 | }
  33 |
> 34 | function OwnerOverview() {
     |          ^^^^^^^^^^^^^
  35 |   const today = new Date();
  36 |   const from = subDays(today, OWNER_RANGE_DAYS - 1);
  37 |   const { data: days = [] } = useOwnerReservationSummary(from, today);

Ecmascript file had an error

Generated code of loaders [@locator/webpack-loader] transform of file content of app/dashboard/_components/DashboardHome/components/SkillOverviewCard/SkillOverviewCard.tsx:
./app/dashboard/_components/DashboardHome/components/SkillOverviewCard/SkillOverviewCard.tsx:34:10
  32 | }
  33 |
> 34 | function OwnerOverview() {
     |          ^^^^^^^^^^^^^
  35 |   const today = new Date();
  36 |   const from = subDays(today, OWNER_RANGE_DAYS - 1);
  37 |   const { data: days = [] } = useOwnerReservationSummary(from, today);

Import traces:
  Client Component Browser:
    ./app/dashboard/_components/DashboardHome/components/SkillOverviewCard/SkillOverviewCard.tsx [Client Component Browser]
    ./app/dashboard/_components/DashboardHome/DashboardHome.tsx [Client Component Browser]
    ./app/dashboard/page.tsx [Client Component Browser]
    ./app/dashboard/page.tsx [Server Component]

  Client Component SSR:
    ./app/dashboard/_components/DashboardHome/components/SkillOverviewCard/SkillOverviewCard.tsx [Client Component SSR]
    ./app/dashboard/_components/DashboardHome/DashboardHome.tsx [Client Component SSR]
    ./app/dashboard/page.tsx [Client Component SSR]
    ./app/dashboard/page.tsx [Server Component] @ http://localhost:3000/_next/static/chunks/node_modules_next_dist_1ybzpk2._.js:3318
[ 1546778ms] [ERROR] ./app/dashboard/_components/DashboardHome/components/SkillOverviewCard/SkillOverviewCard.tsx:65:10
the name `PlayerOverview` is defined multiple times
  63 | }
  64 |
> 65 | function PlayerOverview() {
     |          ^^^^^^^^^^^^^^
  66 |   const { user } = useAuth();
  67 |   const { data: history = [] } = useMyReservations(true);
  68 |   const nonCancelled = history.filter((r) => r.status !== "CANCELLED");

Ecmascript file had an error

Generated code of loaders [@locator/webpack-loader] transform of file content of app/dashboard/_components/DashboardHome/components/SkillOverviewCard/SkillOverviewCard.tsx:
./app/dashboard/_components/DashboardHome/components/SkillOverviewCard/SkillOverviewCard.tsx:65:10
  63 | }
  64 |
> 65 | function PlayerOverview() {
     |          ^^^^^^^^^^^^^^
  66 |   const { user } = useAuth();
  67 |   const { data: history = [] } = useMyReservations(true);
  68 |   const nonCancelled = history.filter((r) => r.status !== "CANCELLED");

Import traces:
  Client Component Browser:
    ./app/dashboard/_components/DashboardHome/components/SkillOverviewCard/SkillOverviewCard.tsx [Client Component Browser]
    ./app/dashboard/_components/DashboardHome/DashboardHome.tsx [Client Component Browser]
    ./app/dashboard/page.tsx [Client Component Browser]
    ./app/dashboard/page.tsx [Server Component]

  Client Component SSR:
    ./app/dashboard/_components/DashboardHome/components/SkillOverviewCard/SkillOverviewCard.tsx [Client Component SSR]
    ./app/dashboard/_components/DashboardHome/DashboardHome.tsx [Client Component SSR]
    ./app/dashboard/page.tsx [Client Component SSR]
    ./app/dashboard/page.tsx [Server Component] @ http://localhost:3000/_next/static/chunks/node_modules_next_dist_1ybzpk2._.js:3318
[ 1546779ms] [ERROR] Failed to load resource: the server responded with a status of 500 (Internal Server Error) @ http://localhost:3000/dashboard?_rsc=baRm8Hg-bKr8antF:0
[ 1546871ms] [ERROR] Failed to load resource: the server responded with a status of 500 (Internal Server Error) @ http://localhost:3000/dashboard?_rsc=baRm8Hg-bKr8antF:0
[ 1546943ms] [ERROR] Failed to load resource: the server responded with a status of 500 (Internal Server Error) @ http://localhost:3000/dashboard:0
[ 1547131ms] [INFO] %cDownload the React DevTools for a better development experience: https://react.dev/link/react-devtools font-weight:bold @ http://localhost:3000/_next/static/chunks/node_modules_react-dom_0kla17-._.js:15305
[ 1547203ms] Error: ./app/dashboard/_components/DashboardHome/components/SkillOverviewCard/SkillOverviewCard.tsx:34:10
the name `OwnerOverview` is defined multiple times
  32 | }
  33 |
> 34 | function OwnerOverview() {
     |          ^^^^^^^^^^^^^
  35 |   const today = new Date();
  36 |   const from = subDays(today, OWNER_RANGE_DAYS - 1);
  37 |   const { data: days = [] } = useOwnerReservationSummary(from, today);

Ecmascript file had an error

Generated code of loaders [@locator/webpack-loader] transform of file content of app/dashboard/_components/DashboardHome/components/SkillOverviewCard/SkillOverviewCard.tsx:
./app/dashboard/_components/DashboardHome/components/SkillOverviewCard/SkillOverviewCard.tsx:34:10
  32 | }
  33 |
> 34 | function OwnerOverview() {
     |          ^^^^^^^^^^^^^
  35 |   const today = new Date();
  36 |   const from = subDays(today, OWNER_RANGE_DAYS - 1);
  37 |   const { data: days = [] } = useOwnerReservationSummary(from, today);

Import traces:
  Client Component Browser:
    ./app/dashboard/_components/DashboardHome/components/SkillOverviewCard/SkillOverviewCard.tsx [Client Component Browser]
    ./app/dashboard/_components/DashboardHome/DashboardHome.tsx [Client Component Browser]
    ./app/dashboard/page.tsx [Client Component Browser]
    ./app/dashboard/page.tsx [Server Component]

  Client Component SSR:
    ./app/dashboard/_components/DashboardHome/components/SkillOverviewCard/SkillOverviewCard.tsx [Client Component SSR]
    ./app/dashboard/_components/DashboardHome/DashboardHome.tsx [Client Component SSR]
    ./app/dashboard/page.tsx [Client Component SSR]
    ./app/dashboard/page.tsx [Server Component]


    at <unknown> (Error: ./app/dashboard/_components/DashboardHome/components/SkillOverviewCard/SkillOverviewCard.tsx:34:10)
    at <unknown> (./app/dashboard/_components/DashboardHome/components/SkillOverviewCard/SkillOverviewCard.tsx:34:10)
    at Object.getCompilationErrors (file://C:\Users\Nico\Desktop\play-padel\node_modules\next\dist\server\dev\hot-reloader-turbopack.js:1186:59)
    at DevBundlerService.getCompilationError (file://C:\Users\Nico\Desktop\play-padel\node_modules\next\dist\server\lib\dev-bundler-service.js:44:55)
    at DevServer.getCompilationError (file://C:\Users\Nico\Desktop\play-padel\node_modules\next\dist\server\dev\next-dev-server.js:720:42)
    at DevServer.findPageComponents (file://C:\Users\Nico\Desktop\play-padel\node_modules\next\dist\server\dev\next-dev-server.js:690:43)
    at async DevServer.renderErrorToResponseImpl (file://C:\Users\Nico\Desktop\play-padel\node_modules\next\dist\server\base-server.js:1753:26)
[ 1547204ms] [LOG] [HMR] connected @ http://localhost:3000/_next/static/chunks/node_modules_next_dist_1gdrd03._.js:1226
[ 1547238ms] [ERROR] ./app/dashboard/_components/DashboardHome/components/SkillOverviewCard/SkillOverviewCard.tsx:34:10
the name `OwnerOverview` is defined multiple times
  32 | }
  33 |
> 34 | function OwnerOverview() {
     |          ^^^^^^^^^^^^^
  35 |   const today = new Date();
  36 |   const from = subDays(today, OWNER_RANGE_DAYS - 1);
  37 |   const { data: days = [] } = useOwnerReservationSummary(from, today);

Ecmascript file had an error

Generated code of loaders [@locator/webpack-loader] transform of file content of app/dashboard/_components/DashboardHome/components/SkillOverviewCard/SkillOverviewCard.tsx:
./app/dashboard/_components/DashboardHome/components/SkillOverviewCard/SkillOverviewCard.tsx:34:10
  32 | }
  33 |
> 34 | function OwnerOverview() {
     |          ^^^^^^^^^^^^^
  35 |   const today = new Date();
  36 |   const from = subDays(today, OWNER_RANGE_DAYS - 1);
  37 |   const { data: days = [] } = useOwnerReservationSummary(from, today);

Import traces:
  Client Component Browser:
    ./app/dashboard/_components/DashboardHome/components/SkillOverviewCard/SkillOverviewCard.tsx [Client Component Browser]
    ./app/dashboard/_components/DashboardHome/DashboardHome.tsx [Client Component Browser]
    ./app/dashboard/page.tsx [Client Component Browser]
    ./app/dashboard/page.tsx [Server Component]

  Client Component SSR:
    ./app/dashboard/_components/DashboardHome/components/SkillOverviewCard/SkillOverviewCard.tsx [Client Component SSR]
    ./app/dashboard/_components/DashboardHome/DashboardHome.tsx [Client Component SSR]
    ./app/dashboard/page.tsx [Client Component SSR]
    ./app/dashboard/page.tsx [Server Component] @ http://localhost:3000/_next/static/chunks/node_modules_next_dist_1gdrd03._.js:1945
[ 1547239ms] [ERROR] ./app/dashboard/_components/DashboardHome/components/SkillOverviewCard/SkillOverviewCard.tsx:65:10
the name `PlayerOverview` is defined multiple times
  63 | }
  64 |
> 65 | function PlayerOverview() {
     |          ^^^^^^^^^^^^^^
  66 |   const { user } = useAuth();
  67 |   const { data: history = [] } = useMyReservations(true);
  68 |   const nonCancelled = history.filter((r) => r.status !== "CANCELLED");

Ecmascript file had an error

Generated code of loaders [@locator/webpack-loader] transform of file content of app/dashboard/_components/DashboardHome/components/SkillOverviewCard/SkillOverviewCard.tsx:
./app/dashboard/_components/DashboardHome/components/SkillOverviewCard/SkillOverviewCard.tsx:65:10
  63 | }
  64 |
> 65 | function PlayerOverview() {
     |          ^^^^^^^^^^^^^^
  66 |   const { user } = useAuth();
  67 |   const { data: history = [] } = useMyReservations(true);
  68 |   const nonCancelled = history.filter((r) => r.status !== "CANCELLED");

Import traces:
  Client Component Browser:
    ./app/dashboard/_components/DashboardHome/components/SkillOverviewCard/SkillOverviewCard.tsx [Client Component Browser]
    ./app/dashboard/_components/DashboardHome/DashboardHome.tsx [Client Component Browser]
    ./app/dashboard/page.tsx [Client Component Browser]
    ./app/dashboard/page.tsx [Server Component]

  Client Component SSR:
    ./app/dashboard/_components/DashboardHome/components/SkillOverviewCard/SkillOverviewCard.tsx [Client Component SSR]
    ./app/dashboard/_components/DashboardHome/DashboardHome.tsx [Client Component SSR]
    ./app/dashboard/page.tsx [Client Component SSR]
    ./app/dashboard/page.tsx [Server Component] @ http://localhost:3000/_next/static/chunks/node_modules_next_dist_1gdrd03._.js:1945
[ 1547319ms] [ERROR] ./app/dashboard/_components/DashboardHome/components/SkillOverviewCard/SkillOverviewCard.tsx:34:10
the name `OwnerOverview` is defined multiple times
  32 | }
  33 |
> 34 | function OwnerOverview() {
     |          ^^^^^^^^^^^^^
  35 |   const today = new Date();
  36 |   const from = subDays(today, OWNER_RANGE_DAYS - 1);
  37 |   const { data: days = [] } = useOwnerReservationSummary(from, today);

Ecmascript file had an error

Generated code of loaders [@locator/webpack-loader] transform of file content of app/dashboard/_components/DashboardHome/components/SkillOverviewCard/SkillOverviewCard.tsx:
./app/dashboard/_components/DashboardHome/components/SkillOverviewCard/SkillOverviewCard.tsx:34:10
  32 | }
  33 |
> 34 | function OwnerOverview() {
     |          ^^^^^^^^^^^^^
  35 |   const today = new Date();
  36 |   const from = subDays(today, OWNER_RANGE_DAYS - 1);
  37 |   const { data: days = [] } = useOwnerReservationSummary(from, today);

Import traces:
  Client Component Browser:
    ./app/dashboard/_components/DashboardHome/components/SkillOverviewCard/SkillOverviewCard.tsx [Client Component Browser]
    ./app/dashboard/_components/DashboardHome/DashboardHome.tsx [Client Component Browser]
    ./app/dashboard/page.tsx [Client Component Browser]
    ./app/dashboard/page.tsx [Server Component]

  Client Component SSR:
    ./app/dashboard/_components/DashboardHome/components/SkillOverviewCard/SkillOverviewCard.tsx [Client Component SSR]
    ./app/dashboard/_components/DashboardHome/DashboardHome.tsx [Client Component SSR]
    ./app/dashboard/page.tsx [Client Component SSR]
    ./app/dashboard/page.tsx [Server Component] @ http://localhost:3000/_next/static/chunks/node_modules_next_dist_1gdrd03._.js:1945
[ 1547320ms] [ERROR] ./app/dashboard/_components/DashboardHome/components/SkillOverviewCard/SkillOverviewCard.tsx:65:10
the name `PlayerOverview` is defined multiple times
  63 | }
  64 |
> 65 | function PlayerOverview() {
     |          ^^^^^^^^^^^^^^
  66 |   const { user } = useAuth();
  67 |   const { data: history = [] } = useMyReservations(true);
  68 |   const nonCancelled = history.filter((r) => r.status !== "CANCELLED");

Ecmascript file had an error

Generated code of loaders [@locator/webpack-loader] transform of file content of app/dashboard/_components/DashboardHome/components/SkillOverviewCard/SkillOverviewCard.tsx:
./app/dashboard/_components/DashboardHome/components/SkillOverviewCard/SkillOverviewCard.tsx:65:10
  63 | }
  64 |
> 65 | function PlayerOverview() {
     |          ^^^^^^^^^^^^^^
  66 |   const { user } = useAuth();
  67 |   const { data: history = [] } = useMyReservations(true);
  68 |   const nonCancelled = history.filter((r) => r.status !== "CANCELLED");

Import traces:
  Client Component Browser:
    ./app/dashboard/_components/DashboardHome/components/SkillOverviewCard/SkillOverviewCard.tsx [Client Component Browser]
    ./app/dashboard/_components/DashboardHome/DashboardHome.tsx [Client Component Browser]
    ./app/dashboard/page.tsx [Client Component Browser]
    ./app/dashboard/page.tsx [Server Component]

  Client Component SSR:
    ./app/dashboard/_components/DashboardHome/components/SkillOverviewCard/SkillOverviewCard.tsx [Client Component SSR]
    ./app/dashboard/_components/DashboardHome/DashboardHome.tsx [Client Component SSR]
    ./app/dashboard/page.tsx [Client Component SSR]
    ./app/dashboard/page.tsx [Server Component] @ http://localhost:3000/_next/static/chunks/node_modules_next_dist_1gdrd03._.js:1945
[ 1547397ms] [ERROR] ./app/dashboard/_components/DashboardHome/components/SkillOverviewCard/SkillOverviewCard.tsx:34:10
the name `OwnerOverview` is defined multiple times
  32 | }
  33 |
> 34 | function OwnerOverview() {
     |          ^^^^^^^^^^^^^
  35 |   const today = new Date();
  36 |   const from = subDays(today, OWNER_RANGE_DAYS - 1);
  37 |   const { data: days = [] } = useOwnerReservationSummary(from, today);

Ecmascript file had an error

Generated code of loaders [@locator/webpack-loader] transform of file content of app/dashboard/_components/DashboardHome/components/SkillOverviewCard/SkillOverviewCard.tsx:
./app/dashboard/_components/DashboardHome/components/SkillOverviewCard/SkillOverviewCard.tsx:34:10
  32 | }
  33 |
> 34 | function OwnerOverview() {
     |          ^^^^^^^^^^^^^
  35 |   const today = new Date();
  36 |   const from = subDays(today, OWNER_RANGE_DAYS - 1);
  37 |   const { data: days = [] } = useOwnerReservationSummary(from, today);

Import traces:
  Client Component Browser:
    ./app/dashboard/_components/DashboardHome/components/SkillOverviewCard/SkillOverviewCard.tsx [Client Component Browser]
    ./app/dashboard/_components/DashboardHome/DashboardHome.tsx [Client Component Browser]
    ./app/dashboard/page.tsx [Client Component Browser]
    ./app/dashboard/page.tsx [Server Component]

  Client Component SSR:
    ./app/dashboard/_components/DashboardHome/components/SkillOverviewCard/SkillOverviewCard.tsx [Client Component SSR]
    ./app/dashboard/_components/DashboardHome/DashboardHome.tsx [Client Component SSR]
    ./app/dashboard/page.tsx [Client Component SSR]
    ./app/dashboard/page.tsx [Server Component] @ http://localhost:3000/_next/static/chunks/node_modules_next_dist_1gdrd03._.js:1945
[ 1547397ms] [ERROR] ./app/dashboard/_components/DashboardHome/components/SkillOverviewCard/SkillOverviewCard.tsx:65:10
the name `PlayerOverview` is defined multiple times
  63 | }
  64 |
> 65 | function PlayerOverview() {
     |          ^^^^^^^^^^^^^^
  66 |   const { user } = useAuth();
  67 |   const { data: history = [] } = useMyReservations(true);
  68 |   const nonCancelled = history.filter((r) => r.status !== "CANCELLED");

Ecmascript file had an error

Generated code of loaders [@locator/webpack-loader] transform of file content of app/dashboard/_components/DashboardHome/components/SkillOverviewCard/SkillOverviewCard.tsx:
./app/dashboard/_components/DashboardHome/components/SkillOverviewCard/SkillOverviewCard.tsx:65:10
  63 | }
  64 |
> 65 | function PlayerOverview() {
     |          ^^^^^^^^^^^^^^
  66 |   const { user } = useAuth();
  67 |   const { data: history = [] } = useMyReservations(true);
  68 |   const nonCancelled = history.filter((r) => r.status !== "CANCELLED");

Import traces:
  Client Component Browser:
    ./app/dashboard/_components/DashboardHome/components/SkillOverviewCard/SkillOverviewCard.tsx [Client Component Browser]
    ./app/dashboard/_components/DashboardHome/DashboardHome.tsx [Client Component Browser]
    ./app/dashboard/page.tsx [Client Component Browser]
    ./app/dashboard/page.tsx [Server Component]

  Client Component SSR:
    ./app/dashboard/_components/DashboardHome/components/SkillOverviewCard/SkillOverviewCard.tsx [Client Component SSR]
    ./app/dashboard/_components/DashboardHome/DashboardHome.tsx [Client Component SSR]
    ./app/dashboard/page.tsx [Client Component SSR]
    ./app/dashboard/page.tsx [Server Component] @ http://localhost:3000/_next/static/chunks/node_modules_next_dist_1gdrd03._.js:1945
[ 1547474ms] [ERROR] ./app/dashboard/_components/DashboardHome/components/SkillOverviewCard/SkillOverviewCard.tsx:34:10
the name `OwnerOverview` is defined multiple times
  32 | }
  33 |
> 34 | function OwnerOverview() {
     |          ^^^^^^^^^^^^^
  35 |   const today = new Date();
  36 |   const from = subDays(today, OWNER_RANGE_DAYS - 1);
  37 |   const { data: days = [] } = useOwnerReservationSummary(from, today);

Ecmascript file had an error

Generated code of loaders [@locator/webpack-loader] transform of file content of app/dashboard/_components/DashboardHome/components/SkillOverviewCard/SkillOverviewCard.tsx:
./app/dashboard/_components/DashboardHome/components/SkillOverviewCard/SkillOverviewCard.tsx:34:10
  32 | }
  33 |
> 34 | function OwnerOverview() {
     |          ^^^^^^^^^^^^^
  35 |   const today = new Date();
  36 |   const from = subDays(today, OWNER_RANGE_DAYS - 1);
  37 |   const { data: days = [] } = useOwnerReservationSummary(from, today);

Import traces:
  Client Component Browser:
    ./app/dashboard/_components/DashboardHome/components/SkillOverviewCard/SkillOverviewCard.tsx [Client Component Browser]
    ./app/dashboard/_components/DashboardHome/DashboardHome.tsx [Client Component Browser]
    ./app/dashboard/page.tsx [Client Component Browser]
    ./app/dashboard/page.tsx [Server Component]

  Client Component SSR:
    ./app/dashboard/_components/DashboardHome/components/SkillOverviewCard/SkillOverviewCard.tsx [Client Component SSR]
    ./app/dashboard/_components/DashboardHome/DashboardHome.tsx [Client Component SSR]
    ./app/dashboard/page.tsx [Client Component SSR]
    ./app/dashboard/page.tsx [Server Component] @ http://localhost:3000/_next/static/chunks/node_modules_next_dist_1gdrd03._.js:1945
[ 1547474ms] [ERROR] ./app/dashboard/_components/DashboardHome/components/SkillOverviewCard/SkillOverviewCard.tsx:65:10
the name `PlayerOverview` is defined multiple times
  63 | }
  64 |
> 65 | function PlayerOverview() {
     |          ^^^^^^^^^^^^^^
  66 |   const { user } = useAuth();
  67 |   const { data: history = [] } = useMyReservations(true);
  68 |   const nonCancelled = history.filter((r) => r.status !== "CANCELLED");

Ecmascript file had an error

Generated code of loaders [@locator/webpack-loader] transform of file content of app/dashboard/_components/DashboardHome/components/SkillOverviewCard/SkillOverviewCard.tsx:
./app/dashboard/_components/DashboardHome/components/SkillOverviewCard/SkillOverviewCard.tsx:65:10
  63 | }
  64 |
> 65 | function PlayerOverview() {
     |          ^^^^^^^^^^^^^^
  66 |   const { user } = useAuth();
  67 |   const { data: history = [] } = useMyReservations(true);
  68 |   const nonCancelled = history.filter((r) => r.status !== "CANCELLED");

Import traces:
  Client Component Browser:
    ./app/dashboard/_components/DashboardHome/components/SkillOverviewCard/SkillOverviewCard.tsx [Client Component Browser]
    ./app/dashboard/_components/DashboardHome/DashboardHome.tsx [Client Component Browser]
    ./app/dashboard/page.tsx [Client Component Browser]
    ./app/dashboard/page.tsx [Server Component]

  Client Component SSR:
    ./app/dashboard/_components/DashboardHome/components/SkillOverviewCard/SkillOverviewCard.tsx [Client Component SSR]
    ./app/dashboard/_components/DashboardHome/DashboardHome.tsx [Client Component SSR]
    ./app/dashboard/page.tsx [Client Component SSR]
    ./app/dashboard/page.tsx [Server Component] @ http://localhost:3000/_next/static/chunks/node_modules_next_dist_1gdrd03._.js:1945
[ 1547553ms] [ERROR] ./app/dashboard/_components/DashboardHome/components/SkillOverviewCard/SkillOverviewCard.tsx:34:10
the name `OwnerOverview` is defined multiple times
  32 | }
  33 |
> 34 | function OwnerOverview() {
     |          ^^^^^^^^^^^^^
  35 |   const today = new Date();
  36 |   const from = subDays(today, OWNER_RANGE_DAYS - 1);
  37 |   const { data: days = [] } = useOwnerReservationSummary(from, today);

Ecmascript file had an error

Generated code of loaders [@locator/webpack-loader] transform of file content of app/dashboard/_components/DashboardHome/components/SkillOverviewCard/SkillOverviewCard.tsx:
./app/dashboard/_components/DashboardHome/components/SkillOverviewCard/SkillOverviewCard.tsx:34:10
  32 | }
  33 |
> 34 | function OwnerOverview() {
     |          ^^^^^^^^^^^^^
  35 |   const today = new Date();
  36 |   const from = subDays(today, OWNER_RANGE_DAYS - 1);
  37 |   const { data: days = [] } = useOwnerReservationSummary(from, today);

Import traces:
  Client Component Browser:
    ./app/dashboard/_components/DashboardHome/components/SkillOverviewCard/SkillOverviewCard.tsx [Client Component Browser]
    ./app/dashboard/_components/DashboardHome/DashboardHome.tsx [Client Component Browser]
    ./app/dashboard/page.tsx [Client Component Browser]
    ./app/dashboard/page.tsx [Server Component]

  Client Component SSR:
    ./app/dashboard/_components/DashboardHome/components/SkillOverviewCard/SkillOverviewCard.tsx [Client Component SSR]
    ./app/dashboard/_components/DashboardHome/DashboardHome.tsx [Client Component SSR]
    ./app/dashboard/page.tsx [Client Component SSR]
    ./app/dashboard/page.tsx [Server Component] @ http://localhost:3000/_next/static/chunks/node_modules_next_dist_1gdrd03._.js:1945
[ 1547553ms] [ERROR] ./app/dashboard/_components/DashboardHome/components/SkillOverviewCard/SkillOverviewCard.tsx:65:10
the name `PlayerOverview` is defined multiple times
  63 | }
  64 |
> 65 | function PlayerOverview() {
     |          ^^^^^^^^^^^^^^
  66 |   const { user } = useAuth();
  67 |   const { data: history = [] } = useMyReservations(true);
  68 |   const nonCancelled = history.filter((r) => r.status !== "CANCELLED");

Ecmascript file had an error

Generated code of loaders [@locator/webpack-loader] transform of file content of app/dashboard/_components/DashboardHome/components/SkillOverviewCard/SkillOverviewCard.tsx:
./app/dashboard/_components/DashboardHome/components/SkillOverviewCard/SkillOverviewCard.tsx:65:10
  63 | }
  64 |
> 65 | function PlayerOverview() {
     |          ^^^^^^^^^^^^^^
  66 |   const { user } = useAuth();
  67 |   const { data: history = [] } = useMyReservations(true);
  68 |   const nonCancelled = history.filter((r) => r.status !== "CANCELLED");

Import traces:
  Client Component Browser:
    ./app/dashboard/_components/DashboardHome/components/SkillOverviewCard/SkillOverviewCard.tsx [Client Component Browser]
    ./app/dashboard/_components/DashboardHome/DashboardHome.tsx [Client Component Browser]
    ./app/dashboard/page.tsx [Client Component Browser]
    ./app/dashboard/page.tsx [Server Component]

  Client Component SSR:
    ./app/dashboard/_components/DashboardHome/components/SkillOverviewCard/SkillOverviewCard.tsx [Client Component SSR]
    ./app/dashboard/_components/DashboardHome/DashboardHome.tsx [Client Component SSR]
    ./app/dashboard/page.tsx [Client Component SSR]
    ./app/dashboard/page.tsx [Server Component] @ http://localhost:3000/_next/static/chunks/node_modules_next_dist_1gdrd03._.js:1945
[ 1547631ms] [ERROR] ./app/dashboard/_components/DashboardHome/components/SkillOverviewCard/SkillOverviewCard.tsx:34:10
the name `OwnerOverview` is defined multiple times
  32 | }
  33 |
> 34 | function OwnerOverview() {
     |          ^^^^^^^^^^^^^
  35 |   const today = new Date();
  36 |   const from = subDays(today, OWNER_RANGE_DAYS - 1);
  37 |   const { data: days = [] } = useOwnerReservationSummary(from, today);

Ecmascript file had an error

Generated code of loaders [@locator/webpack-loader] transform of file content of app/dashboard/_components/DashboardHome/components/SkillOverviewCard/SkillOverviewCard.tsx:
./app/dashboard/_components/DashboardHome/components/SkillOverviewCard/SkillOverviewCard.tsx:34:10
  32 | }
  33 |
> 34 | function OwnerOverview() {
     |          ^^^^^^^^^^^^^
  35 |   const today = new Date();
  36 |   const from = subDays(today, OWNER_RANGE_DAYS - 1);
  37 |   const { data: days = [] } = useOwnerReservationSummary(from, today);

Import traces:
  Client Component Browser:
    ./app/dashboard/_components/DashboardHome/components/SkillOverviewCard/SkillOverviewCard.tsx [Client Component Browser]
    ./app/dashboard/_components/DashboardHome/DashboardHome.tsx [Client Component Browser]
    ./app/dashboard/page.tsx [Client Component Browser]
    ./app/dashboard/page.tsx [Server Component]

  Client Component SSR:
    ./app/dashboard/_components/DashboardHome/components/SkillOverviewCard/SkillOverviewCard.tsx [Client Component SSR]
    ./app/dashboard/_components/DashboardHome/DashboardHome.tsx [Client Component SSR]
    ./app/dashboard/page.tsx [Client Component SSR]
    ./app/dashboard/page.tsx [Server Component] @ http://localhost:3000/_next/static/chunks/node_modules_next_dist_1gdrd03._.js:1945
[ 1547631ms] [ERROR] ./app/dashboard/_components/DashboardHome/components/SkillOverviewCard/SkillOverviewCard.tsx:65:10
the name `PlayerOverview` is defined multiple times
  63 | }
  64 |
> 65 | function PlayerOverview() {
     |          ^^^^^^^^^^^^^^
  66 |   const { user } = useAuth();
  67 |   const { data: history = [] } = useMyReservations(true);
  68 |   const nonCancelled = history.filter((r) => r.status !== "CANCELLED");

Ecmascript file had an error

Generated code of loaders [@locator/webpack-loader] transform of file content of app/dashboard/_components/DashboardHome/components/SkillOverviewCard/SkillOverviewCard.tsx:
./app/dashboard/_components/DashboardHome/components/SkillOverviewCard/SkillOverviewCard.tsx:65:10
  63 | }
  64 |
> 65 | function PlayerOverview() {
     |          ^^^^^^^^^^^^^^
  66 |   const { user } = useAuth();
  67 |   const { data: history = [] } = useMyReservations(true);
  68 |   const nonCancelled = history.filter((r) => r.status !== "CANCELLED");

Import traces:
  Client Component Browser:
    ./app/dashboard/_components/DashboardHome/components/SkillOverviewCard/SkillOverviewCard.tsx [Client Component Browser]
    ./app/dashboard/_components/DashboardHome/DashboardHome.tsx [Client Component Browser]
    ./app/dashboard/page.tsx [Client Component Browser]
    ./app/dashboard/page.tsx [Server Component]

  Client Component SSR:
    ./app/dashboard/_components/DashboardHome/components/SkillOverviewCard/SkillOverviewCard.tsx [Client Component SSR]
    ./app/dashboard/_components/DashboardHome/DashboardHome.tsx [Client Component SSR]
    ./app/dashboard/page.tsx [Client Component SSR]
    ./app/dashboard/page.tsx [Server Component] @ http://localhost:3000/_next/static/chunks/node_modules_next_dist_1gdrd03._.js:1945
[ 1547708ms] [ERROR] ./app/dashboard/_components/DashboardHome/components/SkillOverviewCard/SkillOverviewCard.tsx:34:10
the name `OwnerOverview` is defined multiple times
  32 | }
  33 |
> 34 | function OwnerOverview() {
     |          ^^^^^^^^^^^^^
  35 |   const today = new Date();
  36 |   const from = subDays(today, OWNER_RANGE_DAYS - 1);
  37 |   const { data: days = [] } = useOwnerReservationSummary(from, today);

Ecmascript file had an error

Generated code of loaders [@locator/webpack-loader] transform of file content of app/dashboard/_components/DashboardHome/components/SkillOverviewCard/SkillOverviewCard.tsx:
./app/dashboard/_components/DashboardHome/components/SkillOverviewCard/SkillOverviewCard.tsx:34:10
  32 | }
  33 |
> 34 | function OwnerOverview() {
     |          ^^^^^^^^^^^^^
  35 |   const today = new Date();
  36 |   const from = subDays(today, OWNER_RANGE_DAYS - 1);
  37 |   const { data: days = [] } = useOwnerReservationSummary(from, today);

Import traces:
  Client Component Browser:
    ./app/dashboard/_components/DashboardHome/components/SkillOverviewCard/SkillOverviewCard.tsx [Client Component Browser]
    ./app/dashboard/_components/DashboardHome/DashboardHome.tsx [Client Component Browser]
    ./app/dashboard/page.tsx [Client Component Browser]
    ./app/dashboard/page.tsx [Server Component]

  Client Component SSR:
    ./app/dashboard/_components/DashboardHome/components/SkillOverviewCard/SkillOverviewCard.tsx [Client Component SSR]
    ./app/dashboard/_components/DashboardHome/DashboardHome.tsx [Client Component SSR]
    ./app/dashboard/page.tsx [Client Component SSR]
    ./app/dashboard/page.tsx [Server Component] @ http://localhost:3000/_next/static/chunks/node_modules_next_dist_1gdrd03._.js:1945
[ 1547708ms] [ERROR] ./app/dashboard/_components/DashboardHome/components/SkillOverviewCard/SkillOverviewCard.tsx:65:10
the name `PlayerOverview` is defined multiple times
  63 | }
  64 |
> 65 | function PlayerOverview() {
     |          ^^^^^^^^^^^^^^
  66 |   const { user } = useAuth();
  67 |   const { data: history = [] } = useMyReservations(true);
  68 |   const nonCancelled = history.filter((r) => r.status !== "CANCELLED");

Ecmascript file had an error

Generated code of loaders [@locator/webpack-loader] transform of file content of app/dashboard/_components/DashboardHome/components/SkillOverviewCard/SkillOverviewCard.tsx:
./app/dashboard/_components/DashboardHome/components/SkillOverviewCard/SkillOverviewCard.tsx:65:10
  63 | }
  64 |
> 65 | function PlayerOverview() {
     |          ^^^^^^^^^^^^^^
  66 |   const { user } = useAuth();
  67 |   const { data: history = [] } = useMyReservations(true);
  68 |   const nonCancelled = history.filter((r) => r.status !== "CANCELLED");

Import traces:
  Client Component Browser:
    ./app/dashboard/_components/DashboardHome/components/SkillOverviewCard/SkillOverviewCard.tsx [Client Component Browser]
    ./app/dashboard/_components/DashboardHome/DashboardHome.tsx [Client Component Browser]
    ./app/dashboard/page.tsx [Client Component Browser]
    ./app/dashboard/page.tsx [Server Component]

  Client Component SSR:
    ./app/dashboard/_components/DashboardHome/components/SkillOverviewCard/SkillOverviewCard.tsx [Client Component SSR]
    ./app/dashboard/_components/DashboardHome/DashboardHome.tsx [Client Component SSR]
    ./app/dashboard/page.tsx [Client Component SSR]
    ./app/dashboard/page.tsx [Server Component] @ http://localhost:3000/_next/static/chunks/node_modules_next_dist_1gdrd03._.js:1945
[ 1547771ms] [ERROR] ./app/dashboard/_components/DashboardHome/components/SkillOverviewCard/SkillOverviewCard.tsx:34:10
the name `OwnerOverview` is defined multiple times
  32 | }
  33 |
> 34 | function OwnerOverview() {
     |          ^^^^^^^^^^^^^
  35 |   const today = new Date();
  36 |   const from = subDays(today, OWNER_RANGE_DAYS - 1);
  37 |   const { data: days = [] } = useOwnerReservationSummary(from, today);

Ecmascript file had an error

Generated code of loaders [@locator/webpack-loader] transform of file content of app/dashboard/_components/DashboardHome/components/SkillOverviewCard/SkillOverviewCard.tsx:
./app/dashboard/_components/DashboardHome/components/SkillOverviewCard/SkillOverviewCard.tsx:34:10
  32 | }
  33 |
> 34 | function OwnerOverview() {
     |          ^^^^^^^^^^^^^
  35 |   const today = new Date();
  36 |   const from = subDays(today, OWNER_RANGE_DAYS - 1);
  37 |   const { data: days = [] } = useOwnerReservationSummary(from, today);

Import traces:
  Client Component Browser:
    ./app/dashboard/_components/DashboardHome/components/SkillOverviewCard/SkillOverviewCard.tsx [Client Component Browser]
    ./app/dashboard/_components/DashboardHome/DashboardHome.tsx [Client Component Browser]
    ./app/dashboard/page.tsx [Client Component Browser]
    ./app/dashboard/page.tsx [Server Component]

  Client Component SSR:
    ./app/dashboard/_components/DashboardHome/components/SkillOverviewCard/SkillOverviewCard.tsx [Client Component SSR]
    ./app/dashboard/_components/DashboardHome/DashboardHome.tsx [Client Component SSR]
    ./app/dashboard/page.tsx [Client Component SSR]
    ./app/dashboard/page.tsx [Server Component] @ http://localhost:3000/_next/static/chunks/node_modules_next_dist_1gdrd03._.js:1945
[ 1547771ms] [ERROR] ./app/dashboard/_components/DashboardHome/components/SkillOverviewCard/SkillOverviewCard.tsx:65:10
the name `PlayerOverview` is defined multiple times
  63 | }
  64 |
> 65 | function PlayerOverview() {
     |          ^^^^^^^^^^^^^^
  66 |   const { user } = useAuth();
  67 |   const { data: history = [] } = useMyReservations(true);
  68 |   const nonCancelled = history.filter((r) => r.status !== "CANCELLED");

Ecmascript file had an error

Generated code of loaders [@locator/webpack-loader] transform of file content of app/dashboard/_components/DashboardHome/components/SkillOverviewCard/SkillOverviewCard.tsx:
./app/dashboard/_components/DashboardHome/components/SkillOverviewCard/SkillOverviewCard.tsx:65:10
  63 | }
  64 |
> 65 | function PlayerOverview() {
     |          ^^^^^^^^^^^^^^
  66 |   const { user } = useAuth();
  67 |   const { data: history = [] } = useMyReservations(true);
  68 |   const nonCancelled = history.filter((r) => r.status !== "CANCELLED");

Import traces:
  Client Component Browser:
    ./app/dashboard/_components/DashboardHome/components/SkillOverviewCard/SkillOverviewCard.tsx [Client Component Browser]
    ./app/dashboard/_components/DashboardHome/DashboardHome.tsx [Client Component Browser]
    ./app/dashboard/page.tsx [Client Component Browser]
    ./app/dashboard/page.tsx [Server Component]

  Client Component SSR:
    ./app/dashboard/_components/DashboardHome/components/SkillOverviewCard/SkillOverviewCard.tsx [Client Component SSR]
    ./app/dashboard/_components/DashboardHome/DashboardHome.tsx [Client Component SSR]
    ./app/dashboard/page.tsx [Client Component SSR]
    ./app/dashboard/page.tsx [Server Component] @ http://localhost:3000/_next/static/chunks/node_modules_next_dist_1gdrd03._.js:1945
[ 1547849ms] [ERROR] ./app/dashboard/_components/DashboardHome/components/SkillOverviewCard/SkillOverviewCard.tsx:34:10
the name `OwnerOverview` is defined multiple times
  32 | }
  33 |
> 34 | function OwnerOverview() {
     |          ^^^^^^^^^^^^^
  35 |   const today = new Date();
  36 |   const from = subDays(today, OWNER_RANGE_DAYS - 1);
  37 |   const { data: days = [] } = useOwnerReservationSummary(from, today);

Ecmascript file had an error

Generated code of loaders [@locator/webpack-loader] transform of file content of app/dashboard/_components/DashboardHome/components/SkillOverviewCard/SkillOverviewCard.tsx:
./app/dashboard/_components/DashboardHome/components/SkillOverviewCard/SkillOverviewCard.tsx:34:10
  32 | }
  33 |
> 34 | function OwnerOverview() {
     |          ^^^^^^^^^^^^^
  35 |   const today = new Date();
  36 |   const from = subDays(today, OWNER_RANGE_DAYS - 1);
  37 |   const { data: days = [] } = useOwnerReservationSummary(from, today);

Import traces:
  Client Component Browser:
    ./app/dashboard/_components/DashboardHome/components/SkillOverviewCard/SkillOverviewCard.tsx [Client Component Browser]
    ./app/dashboard/_components/DashboardHome/DashboardHome.tsx [Client Component Browser]
    ./app/dashboard/page.tsx [Client Component Browser]
    ./app/dashboard/page.tsx [Server Component]

  Client Component SSR:
    ./app/dashboard/_components/DashboardHome/components/SkillOverviewCard/SkillOverviewCard.tsx [Client Component SSR]
    ./app/dashboard/_components/DashboardHome/DashboardHome.tsx [Client Component SSR]
    ./app/dashboard/page.tsx [Client Component SSR]
    ./app/dashboard/page.tsx [Server Component] @ http://localhost:3000/_next/static/chunks/node_modules_next_dist_1gdrd03._.js:1945
[ 1547849ms] [ERROR] ./app/dashboard/_components/DashboardHome/components/SkillOverviewCard/SkillOverviewCard.tsx:65:10
the name `PlayerOverview` is defined multiple times
  63 | }
  64 |
> 65 | function PlayerOverview() {
     |          ^^^^^^^^^^^^^^
  66 |   const { user } = useAuth();
  67 |   const { data: history = [] } = useMyReservations(true);
  68 |   const nonCancelled = history.filter((r) => r.status !== "CANCELLED");

Ecmascript file had an error

Generated code of loaders [@locator/webpack-loader] transform of file content of app/dashboard/_components/DashboardHome/components/SkillOverviewCard/SkillOverviewCard.tsx:
./app/dashboard/_components/DashboardHome/components/SkillOverviewCard/SkillOverviewCard.tsx:65:10
  63 | }
  64 |
> 65 | function PlayerOverview() {
     |          ^^^^^^^^^^^^^^
  66 |   const { user } = useAuth();
  67 |   const { data: history = [] } = useMyReservations(true);
  68 |   const nonCancelled = history.filter((r) => r.status !== "CANCELLED");

Import traces:
  Client Component Browser:
    ./app/dashboard/_components/DashboardHome/components/SkillOverviewCard/SkillOverviewCard.tsx [Client Component Browser]
    ./app/dashboard/_components/DashboardHome/DashboardHome.tsx [Client Component Browser]
    ./app/dashboard/page.tsx [Client Component Browser]
    ./app/dashboard/page.tsx [Server Component]

  Client Component SSR:
    ./app/dashboard/_components/DashboardHome/components/SkillOverviewCard/SkillOverviewCard.tsx [Client Component SSR]
    ./app/dashboard/_components/DashboardHome/DashboardHome.tsx [Client Component SSR]
    ./app/dashboard/page.tsx [Client Component SSR]
    ./app/dashboard/page.tsx [Server Component] @ http://localhost:3000/_next/static/chunks/node_modules_next_dist_1gdrd03._.js:1945
[ 1547926ms] [ERROR] ./app/dashboard/_components/DashboardHome/components/SkillOverviewCard/SkillOverviewCard.tsx:34:10
the name `OwnerOverview` is defined multiple times
  32 | }
  33 |
> 34 | function OwnerOverview() {
     |          ^^^^^^^^^^^^^
  35 |   const today = new Date();
  36 |   const from = subDays(today, OWNER_RANGE_DAYS - 1);
  37 |   const { data: days = [] } = useOwnerReservationSummary(from, today);

Ecmascript file had an error

Generated code of loaders [@locator/webpack-loader] transform of file content of app/dashboard/_components/DashboardHome/components/SkillOverviewCard/SkillOverviewCard.tsx:
./app/dashboard/_components/DashboardHome/components/SkillOverviewCard/SkillOverviewCard.tsx:34:10
  32 | }
  33 |
> 34 | function OwnerOverview() {
     |          ^^^^^^^^^^^^^
  35 |   const today = new Date();
  36 |   const from = subDays(today, OWNER_RANGE_DAYS - 1);
  37 |   const { data: days = [] } = useOwnerReservationSummary(from, today);

Import traces:
  Client Component Browser:
    ./app/dashboard/_components/DashboardHome/components/SkillOverviewCard/SkillOverviewCard.tsx [Client Component Browser]
    ./app/dashboard/_components/DashboardHome/DashboardHome.tsx [Client Component Browser]
    ./app/dashboard/page.tsx [Client Component Browser]
    ./app/dashboard/page.tsx [Server Component]

  Client Component SSR:
    ./app/dashboard/_components/DashboardHome/components/SkillOverviewCard/SkillOverviewCard.tsx [Client Component SSR]
    ./app/dashboard/_components/DashboardHome/DashboardHome.tsx [Client Component SSR]
    ./app/dashboard/page.tsx [Client Component SSR]
    ./app/dashboard/page.tsx [Server Component] @ http://localhost:3000/_next/static/chunks/node_modules_next_dist_1gdrd03._.js:1945
[ 1547926ms] [ERROR] ./app/dashboard/_components/DashboardHome/components/SkillOverviewCard/SkillOverviewCard.tsx:65:10
the name `PlayerOverview` is defined multiple times
  63 | }
  64 |
> 65 | function PlayerOverview() {
     |          ^^^^^^^^^^^^^^
  66 |   const { user } = useAuth();
  67 |   const { data: history = [] } = useMyReservations(true);
  68 |   const nonCancelled = history.filter((r) => r.status !== "CANCELLED");

Ecmascript file had an error

Generated code of loaders [@locator/webpack-loader] transform of file content of app/dashboard/_components/DashboardHome/components/SkillOverviewCard/SkillOverviewCard.tsx:
./app/dashboard/_components/DashboardHome/components/SkillOverviewCard/SkillOverviewCard.tsx:65:10
  63 | }
  64 |
> 65 | function PlayerOverview() {
     |          ^^^^^^^^^^^^^^
  66 |   const { user } = useAuth();
  67 |   const { data: history = [] } = useMyReservations(true);
  68 |   const nonCancelled = history.filter((r) => r.status !== "CANCELLED");

Import traces:
  Client Component Browser:
    ./app/dashboard/_components/DashboardHome/components/SkillOverviewCard/SkillOverviewCard.tsx [Client Component Browser]
    ./app/dashboard/_components/DashboardHome/DashboardHome.tsx [Client Component Browser]
    ./app/dashboard/page.tsx [Client Component Browser]
    ./app/dashboard/page.tsx [Server Component]

  Client Component SSR:
    ./app/dashboard/_components/DashboardHome/components/SkillOverviewCard/SkillOverviewCard.tsx [Client Component SSR]
    ./app/dashboard/_components/DashboardHome/DashboardHome.tsx [Client Component SSR]
    ./app/dashboard/page.tsx [Client Component SSR]
    ./app/dashboard/page.tsx [Server Component] @ http://localhost:3000/_next/static/chunks/node_modules_next_dist_1gdrd03._.js:1945
[ 1548004ms] [ERROR] ./app/dashboard/_components/DashboardHome/components/SkillOverviewCard/SkillOverviewCard.tsx:34:10
the name `OwnerOverview` is defined multiple times
  32 | }
  33 |
> 34 | function OwnerOverview() {
     |          ^^^^^^^^^^^^^
  35 |   const today = new Date();
  36 |   const from = subDays(today, OWNER_RANGE_DAYS - 1);
  37 |   const { data: days = [] } = useOwnerReservationSummary(from, today);

Ecmascript file had an error

Generated code of loaders [@locator/webpack-loader] transform of file content of app/dashboard/_components/DashboardHome/components/SkillOverviewCard/SkillOverviewCard.tsx:
./app/dashboard/_components/DashboardHome/components/SkillOverviewCard/SkillOverviewCard.tsx:34:10
  32 | }
  33 |
> 34 | function OwnerOverview() {
     |          ^^^^^^^^^^^^^
  35 |   const today = new Date();
  36 |   const from = subDays(today, OWNER_RANGE_DAYS - 1);
  37 |   const { data: days = [] } = useOwnerReservationSummary(from, today);

Import traces:
  Client Component Browser:
    ./app/dashboard/_components/DashboardHome/components/SkillOverviewCard/SkillOverviewCard.tsx [Client Component Browser]
    ./app/dashboard/_components/DashboardHome/DashboardHome.tsx [Client Component Browser]
    ./app/dashboard/page.tsx [Client Component Browser]
    ./app/dashboard/page.tsx [Server Component]

  Client Component SSR:
    ./app/dashboard/_components/DashboardHome/components/SkillOverviewCard/SkillOverviewCard.tsx [Client Component SSR]
    ./app/dashboard/_components/DashboardHome/DashboardHome.tsx [Client Component SSR]
    ./app/dashboard/page.tsx [Client Component SSR]
    ./app/dashboard/page.tsx [Server Component] @ http://localhost:3000/_next/static/chunks/node_modules_next_dist_1gdrd03._.js:1945
[ 1548004ms] [ERROR] ./app/dashboard/_components/DashboardHome/components/SkillOverviewCard/SkillOverviewCard.tsx:65:10
the name `PlayerOverview` is defined multiple times
  63 | }
  64 |
> 65 | function PlayerOverview() {
     |          ^^^^^^^^^^^^^^
  66 |   const { user } = useAuth();
  67 |   const { data: history = [] } = useMyReservations(true);
  68 |   const nonCancelled = history.filter((r) => r.status !== "CANCELLED");

Ecmascript file had an error

Generated code of loaders [@locator/webpack-loader] transform of file content of app/dashboard/_components/DashboardHome/components/SkillOverviewCard/SkillOverviewCard.tsx:
./app/dashboard/_components/DashboardHome/components/SkillOverviewCard/SkillOverviewCard.tsx:65:10
  63 | }
  64 |
> 65 | function PlayerOverview() {
     |          ^^^^^^^^^^^^^^
  66 |   const { user } = useAuth();
  67 |   const { data: history = [] } = useMyReservations(true);
  68 |   const nonCancelled = history.filter((r) => r.status !== "CANCELLED");

Import traces:
  Client Component Browser:
    ./app/dashboard/_components/DashboardHome/components/SkillOverviewCard/SkillOverviewCard.tsx [Client Component Browser]
    ./app/dashboard/_components/DashboardHome/DashboardHome.tsx [Client Component Browser]
    ./app/dashboard/page.tsx [Client Component Browser]
    ./app/dashboard/page.tsx [Server Component]

  Client Component SSR:
    ./app/dashboard/_components/DashboardHome/components/SkillOverviewCard/SkillOverviewCard.tsx [Client Component SSR]
    ./app/dashboard/_components/DashboardHome/DashboardHome.tsx [Client Component SSR]
    ./app/dashboard/page.tsx [Client Component SSR]
    ./app/dashboard/page.tsx [Server Component] @ http://localhost:3000/_next/static/chunks/node_modules_next_dist_1gdrd03._.js:1945
[ 1548080ms] [ERROR] ./app/dashboard/_components/DashboardHome/components/SkillOverviewCard/SkillOverviewCard.tsx:34:10
the name `OwnerOverview` is defined multiple times
  32 | }
  33 |
> 34 | function OwnerOverview() {
     |          ^^^^^^^^^^^^^
  35 |   const today = new Date();
  36 |   const from = subDays(today, OWNER_RANGE_DAYS - 1);
  37 |   const { data: days = [] } = useOwnerReservationSummary(from, today);

Ecmascript file had an error

Generated code of loaders [@locator/webpack-loader] transform of file content of app/dashboard/_components/DashboardHome/components/SkillOverviewCard/SkillOverviewCard.tsx:
./app/dashboard/_components/DashboardHome/components/SkillOverviewCard/SkillOverviewCard.tsx:34:10
  32 | }
  33 |
> 34 | function OwnerOverview() {
     |          ^^^^^^^^^^^^^
  35 |   const today = new Date();
  36 |   const from = subDays(today, OWNER_RANGE_DAYS - 1);
  37 |   const { data: days = [] } = useOwnerReservationSummary(from, today);

Import traces:
  Client Component Browser:
    ./app/dashboard/_components/DashboardHome/components/SkillOverviewCard/SkillOverviewCard.tsx [Client Component Browser]
    ./app/dashboard/_components/DashboardHome/DashboardHome.tsx [Client Component Browser]
    ./app/dashboard/page.tsx [Client Component Browser]
    ./app/dashboard/page.tsx [Server Component]

  Client Component SSR:
    ./app/dashboard/_components/DashboardHome/components/SkillOverviewCard/SkillOverviewCard.tsx [Client Component SSR]
    ./app/dashboard/_components/DashboardHome/DashboardHome.tsx [Client Component SSR]
    ./app/dashboard/page.tsx [Client Component SSR]
    ./app/dashboard/page.tsx [Server Component] @ http://localhost:3000/_next/static/chunks/node_modules_next_dist_1gdrd03._.js:1945
[ 1548080ms] [ERROR] ./app/dashboard/_components/DashboardHome/components/SkillOverviewCard/SkillOverviewCard.tsx:65:10
the name `PlayerOverview` is defined multiple times
  63 | }
  64 |
> 65 | function PlayerOverview() {
     |          ^^^^^^^^^^^^^^
  66 |   const { user } = useAuth();
  67 |   const { data: history = [] } = useMyReservations(true);
  68 |   const nonCancelled = history.filter((r) => r.status !== "CANCELLED");

Ecmascript file had an error

Generated code of loaders [@locator/webpack-loader] transform of file content of app/dashboard/_components/DashboardHome/components/SkillOverviewCard/SkillOverviewCard.tsx:
./app/dashboard/_components/DashboardHome/components/SkillOverviewCard/SkillOverviewCard.tsx:65:10
  63 | }
  64 |
> 65 | function PlayerOverview() {
     |          ^^^^^^^^^^^^^^
  66 |   const { user } = useAuth();
  67 |   const { data: history = [] } = useMyReservations(true);
  68 |   const nonCancelled = history.filter((r) => r.status !== "CANCELLED");

Import traces:
  Client Component Browser:
    ./app/dashboard/_components/DashboardHome/components/SkillOverviewCard/SkillOverviewCard.tsx [Client Component Browser]
    ./app/dashboard/_components/DashboardHome/DashboardHome.tsx [Client Component Browser]
    ./app/dashboard/page.tsx [Client Component Browser]
    ./app/dashboard/page.tsx [Server Component]

  Client Component SSR:
    ./app/dashboard/_components/DashboardHome/components/SkillOverviewCard/SkillOverviewCard.tsx [Client Component SSR]
    ./app/dashboard/_components/DashboardHome/DashboardHome.tsx [Client Component SSR]
    ./app/dashboard/page.tsx [Client Component SSR]
    ./app/dashboard/page.tsx [Server Component] @ http://localhost:3000/_next/static/chunks/node_modules_next_dist_1gdrd03._.js:1945
[ 1548159ms] [ERROR] ./app/dashboard/_components/DashboardHome/components/SkillOverviewCard/SkillOverviewCard.tsx:34:10
the name `OwnerOverview` is defined multiple times
  32 | }
  33 |
> 34 | function OwnerOverview() {
     |          ^^^^^^^^^^^^^
  35 |   const today = new Date();
  36 |   const from = subDays(today, OWNER_RANGE_DAYS - 1);
  37 |   const { data: days = [] } = useOwnerReservationSummary(from, today);

Ecmascript file had an error

Generated code of loaders [@locator/webpack-loader] transform of file content of app/dashboard/_components/DashboardHome/components/SkillOverviewCard/SkillOverviewCard.tsx:
./app/dashboard/_components/DashboardHome/components/SkillOverviewCard/SkillOverviewCard.tsx:34:10
  32 | }
  33 |
> 34 | function OwnerOverview() {
     |          ^^^^^^^^^^^^^
  35 |   const today = new Date();
  36 |   const from = subDays(today, OWNER_RANGE_DAYS - 1);
  37 |   const { data: days = [] } = useOwnerReservationSummary(from, today);

Import traces:
  Client Component Browser:
    ./app/dashboard/_components/DashboardHome/components/SkillOverviewCard/SkillOverviewCard.tsx [Client Component Browser]
    ./app/dashboard/_components/DashboardHome/DashboardHome.tsx [Client Component Browser]
    ./app/dashboard/page.tsx [Client Component Browser]
    ./app/dashboard/page.tsx [Server Component]

  Client Component SSR:
    ./app/dashboard/_components/DashboardHome/components/SkillOverviewCard/SkillOverviewCard.tsx [Client Component SSR]
    ./app/dashboard/_components/DashboardHome/DashboardHome.tsx [Client Component SSR]
    ./app/dashboard/page.tsx [Client Component SSR]
    ./app/dashboard/page.tsx [Server Component] @ http://localhost:3000/_next/static/chunks/node_modules_next_dist_1gdrd03._.js:1945
[ 1548159ms] [ERROR] ./app/dashboard/_components/DashboardHome/components/SkillOverviewCard/SkillOverviewCard.tsx:65:10
the name `PlayerOverview` is defined multiple times
  63 | }
  64 |
> 65 | function PlayerOverview() {
     |          ^^^^^^^^^^^^^^
  66 |   const { user } = useAuth();
  67 |   const { data: history = [] } = useMyReservations(true);
  68 |   const nonCancelled = history.filter((r) => r.status !== "CANCELLED");

Ecmascript file had an error

Generated code of loaders [@locator/webpack-loader] transform of file content of app/dashboard/_components/DashboardHome/components/SkillOverviewCard/SkillOverviewCard.tsx:
./app/dashboard/_components/DashboardHome/components/SkillOverviewCard/SkillOverviewCard.tsx:65:10
  63 | }
  64 |
> 65 | function PlayerOverview() {
     |          ^^^^^^^^^^^^^^
  66 |   const { user } = useAuth();
  67 |   const { data: history = [] } = useMyReservations(true);
  68 |   const nonCancelled = history.filter((r) => r.status !== "CANCELLED");

Import traces:
  Client Component Browser:
    ./app/dashboard/_components/DashboardHome/components/SkillOverviewCard/SkillOverviewCard.tsx [Client Component Browser]
    ./app/dashboard/_components/DashboardHome/DashboardHome.tsx [Client Component Browser]
    ./app/dashboard/page.tsx [Client Component Browser]
    ./app/dashboard/page.tsx [Server Component]

  Client Component SSR:
    ./app/dashboard/_components/DashboardHome/components/SkillOverviewCard/SkillOverviewCard.tsx [Client Component SSR]
    ./app/dashboard/_components/DashboardHome/DashboardHome.tsx [Client Component SSR]
    ./app/dashboard/page.tsx [Client Component SSR]
    ./app/dashboard/page.tsx [Server Component] @ http://localhost:3000/_next/static/chunks/node_modules_next_dist_1gdrd03._.js:1945
[ 1548238ms] [ERROR] ./app/dashboard/_components/DashboardHome/components/SkillOverviewCard/SkillOverviewCard.tsx:34:10
the name `OwnerOverview` is defined multiple times
  32 | }
  33 |
> 34 | function OwnerOverview() {
     |          ^^^^^^^^^^^^^
  35 |   const today = new Date();
  36 |   const from = subDays(today, OWNER_RANGE_DAYS - 1);
  37 |   const { data: days = [] } = useOwnerReservationSummary(from, today);

Ecmascript file had an error

Generated code of loaders [@locator/webpack-loader] transform of file content of app/dashboard/_components/DashboardHome/components/SkillOverviewCard/SkillOverviewCard.tsx:
./app/dashboard/_components/DashboardHome/components/SkillOverviewCard/SkillOverviewCard.tsx:34:10
  32 | }
  33 |
> 34 | function OwnerOverview() {
     |          ^^^^^^^^^^^^^
  35 |   const today = new Date();
  36 |   const from = subDays(today, OWNER_RANGE_DAYS - 1);
  37 |   const { data: days = [] } = useOwnerReservationSummary(from, today);

Import traces:
  Client Component Browser:
    ./app/dashboard/_components/DashboardHome/components/SkillOverviewCard/SkillOverviewCard.tsx [Client Component Browser]
    ./app/dashboard/_components/DashboardHome/DashboardHome.tsx [Client Component Browser]
    ./app/dashboard/page.tsx [Client Component Browser]
    ./app/dashboard/page.tsx [Server Component]

  Client Component SSR:
    ./app/dashboard/_components/DashboardHome/components/SkillOverviewCard/SkillOverviewCard.tsx [Client Component SSR]
    ./app/dashboard/_components/DashboardHome/DashboardHome.tsx [Client Component SSR]
    ./app/dashboard/page.tsx [Client Component SSR]
    ./app/dashboard/page.tsx [Server Component] @ http://localhost:3000/_next/static/chunks/node_modules_next_dist_1gdrd03._.js:1945
[ 1548238ms] [ERROR] ./app/dashboard/_components/DashboardHome/components/SkillOverviewCard/SkillOverviewCard.tsx:65:10
the name `PlayerOverview` is defined multiple times
  63 | }
  64 |
> 65 | function PlayerOverview() {
     |          ^^^^^^^^^^^^^^
  66 |   const { user } = useAuth();
  67 |   const { data: history = [] } = useMyReservations(true);
  68 |   const nonCancelled = history.filter((r) => r.status !== "CANCELLED");

Ecmascript file had an error

Generated code of loaders [@locator/webpack-loader] transform of file content of app/dashboard/_components/DashboardHome/components/SkillOverviewCard/SkillOverviewCard.tsx:
./app/dashboard/_components/DashboardHome/components/SkillOverviewCard/SkillOverviewCard.tsx:65:10
  63 | }
  64 |
> 65 | function PlayerOverview() {
     |          ^^^^^^^^^^^^^^
  66 |   const { user } = useAuth();
  67 |   const { data: history = [] } = useMyReservations(true);
  68 |   const nonCancelled = history.filter((r) => r.status !== "CANCELLED");

Import traces:
  Client Component Browser:
    ./app/dashboard/_components/DashboardHome/components/SkillOverviewCard/SkillOverviewCard.tsx [Client Component Browser]
    ./app/dashboard/_components/DashboardHome/DashboardHome.tsx [Client Component Browser]
    ./app/dashboard/page.tsx [Client Component Browser]
    ./app/dashboard/page.tsx [Server Component]

  Client Component SSR:
    ./app/dashboard/_components/DashboardHome/components/SkillOverviewCard/SkillOverviewCard.tsx [Client Component SSR]
    ./app/dashboard/_components/DashboardHome/DashboardHome.tsx [Client Component SSR]
    ./app/dashboard/page.tsx [Client Component SSR]
    ./app/dashboard/page.tsx [Server Component] @ http://localhost:3000/_next/static/chunks/node_modules_next_dist_1gdrd03._.js:1945
[ 1548300ms] [ERROR] ./app/dashboard/_components/DashboardHome/components/SkillOverviewCard/SkillOverviewCard.tsx:34:10
the name `OwnerOverview` is defined multiple times
  32 | }
  33 |
> 34 | function OwnerOverview() {
     |          ^^^^^^^^^^^^^
  35 |   const today = new Date();
  36 |   const from = subDays(today, OWNER_RANGE_DAYS - 1);
  37 |   const { data: days = [] } = useOwnerReservationSummary(from, today);

Ecmascript file had an error

Generated code of loaders [@locator/webpack-loader] transform of file content of app/dashboard/_components/DashboardHome/components/SkillOverviewCard/SkillOverviewCard.tsx:
./app/dashboard/_components/DashboardHome/components/SkillOverviewCard/SkillOverviewCard.tsx:34:10
  32 | }
  33 |
> 34 | function OwnerOverview() {
     |          ^^^^^^^^^^^^^
  35 |   const today = new Date();
  36 |   const from = subDays(today, OWNER_RANGE_DAYS - 1);
  37 |   const { data: days = [] } = useOwnerReservationSummary(from, today);

Import traces:
  Client Component Browser:
    ./app/dashboard/_components/DashboardHome/components/SkillOverviewCard/SkillOverviewCard.tsx [Client Component Browser]
    ./app/dashboard/_components/DashboardHome/DashboardHome.tsx [Client Component Browser]
    ./app/dashboard/page.tsx [Client Component Browser]
    ./app/dashboard/page.tsx [Server Component]

  Client Component SSR:
    ./app/dashboard/_components/DashboardHome/components/SkillOverviewCard/SkillOverviewCard.tsx [Client Component SSR]
    ./app/dashboard/_components/DashboardHome/DashboardHome.tsx [Client Component SSR]
    ./app/dashboard/page.tsx [Client Component SSR]
    ./app/dashboard/page.tsx [Server Component] @ http://localhost:3000/_next/static/chunks/node_modules_next_dist_1gdrd03._.js:1945
[ 1548300ms] [ERROR] ./app/dashboard/_components/DashboardHome/components/SkillOverviewCard/SkillOverviewCard.tsx:65:10
the name `PlayerOverview` is defined multiple times
  63 | }
  64 |
> 65 | function PlayerOverview() {
     |          ^^^^^^^^^^^^^^
  66 |   const { user } = useAuth();
  67 |   const { data: history = [] } = useMyReservations(true);
  68 |   const nonCancelled = history.filter((r) => r.status !== "CANCELLED");

Ecmascript file had an error

Generated code of loaders [@locator/webpack-loader] transform of file content of app/dashboard/_components/DashboardHome/components/SkillOverviewCard/SkillOverviewCard.tsx:
./app/dashboard/_components/DashboardHome/components/SkillOverviewCard/SkillOverviewCard.tsx:65:10
  63 | }
  64 |
> 65 | function PlayerOverview() {
     |          ^^^^^^^^^^^^^^
  66 |   const { user } = useAuth();
  67 |   const { data: history = [] } = useMyReservations(true);
  68 |   const nonCancelled = history.filter((r) => r.status !== "CANCELLED");

Import traces:
  Client Component Browser:
    ./app/dashboard/_components/DashboardHome/components/SkillOverviewCard/SkillOverviewCard.tsx [Client Component Browser]
    ./app/dashboard/_components/DashboardHome/DashboardHome.tsx [Client Component Browser]
    ./app/dashboard/page.tsx [Client Component Browser]
    ./app/dashboard/page.tsx [Server Component]

  Client Component SSR:
    ./app/dashboard/_components/DashboardHome/components/SkillOverviewCard/SkillOverviewCard.tsx [Client Component SSR]
    ./app/dashboard/_components/DashboardHome/DashboardHome.tsx [Client Component SSR]
    ./app/dashboard/page.tsx [Client Component SSR]
    ./app/dashboard/page.tsx [Server Component] @ http://localhost:3000/_next/static/chunks/node_modules_next_dist_1gdrd03._.js:1945
[ 1548363ms] [ERROR] ./app/dashboard/_components/DashboardHome/components/SkillOverviewCard/SkillOverviewCard.tsx:34:10
the name `OwnerOverview` is defined multiple times
  32 | }
  33 |
> 34 | function OwnerOverview() {
     |          ^^^^^^^^^^^^^
  35 |   const today = new Date();
  36 |   const from = subDays(today, OWNER_RANGE_DAYS - 1);
  37 |   const { data: days = [] } = useOwnerReservationSummary(from, today);

Ecmascript file had an error

Generated code of loaders [@locator/webpack-loader] transform of file content of app/dashboard/_components/DashboardHome/components/SkillOverviewCard/SkillOverviewCard.tsx:
./app/dashboard/_components/DashboardHome/components/SkillOverviewCard/SkillOverviewCard.tsx:34:10
  32 | }
  33 |
> 34 | function OwnerOverview() {
     |          ^^^^^^^^^^^^^
  35 |   const today = new Date();
  36 |   const from = subDays(today, OWNER_RANGE_DAYS - 1);
  37 |   const { data: days = [] } = useOwnerReservationSummary(from, today);

Import traces:
  Client Component Browser:
    ./app/dashboard/_components/DashboardHome/components/SkillOverviewCard/SkillOverviewCard.tsx [Client Component Browser]
    ./app/dashboard/_components/DashboardHome/DashboardHome.tsx [Client Component Browser]
    ./app/dashboard/page.tsx [Client Component Browser]
    ./app/dashboard/page.tsx [Server Component]

  Client Component SSR:
    ./app/dashboard/_components/DashboardHome/components/SkillOverviewCard/SkillOverviewCard.tsx [Client Component SSR]
    ./app/dashboard/_components/DashboardHome/DashboardHome.tsx [Client Component SSR]
    ./app/dashboard/page.tsx [Client Component SSR]
    ./app/dashboard/page.tsx [Server Component] @ http://localhost:3000/_next/static/chunks/node_modules_next_dist_1gdrd03._.js:1945
[ 1548363ms] [ERROR] ./app/dashboard/_components/DashboardHome/components/SkillOverviewCard/SkillOverviewCard.tsx:65:10
the name `PlayerOverview` is defined multiple times
  63 | }
  64 |
> 65 | function PlayerOverview() {
     |          ^^^^^^^^^^^^^^
  66 |   const { user } = useAuth();
  67 |   const { data: history = [] } = useMyReservations(true);
  68 |   const nonCancelled = history.filter((r) => r.status !== "CANCELLED");

Ecmascript file had an error

Generated code of loaders [@locator/webpack-loader] transform of file content of app/dashboard/_components/DashboardHome/components/SkillOverviewCard/SkillOverviewCard.tsx:
./app/dashboard/_components/DashboardHome/components/SkillOverviewCard/SkillOverviewCard.tsx:65:10
  63 | }
  64 |
> 65 | function PlayerOverview() {
     |          ^^^^^^^^^^^^^^
  66 |   const { user } = useAuth();
  67 |   const { data: history = [] } = useMyReservations(true);
  68 |   const nonCancelled = history.filter((r) => r.status !== "CANCELLED");

Import traces:
  Client Component Browser:
    ./app/dashboard/_components/DashboardHome/components/SkillOverviewCard/SkillOverviewCard.tsx [Client Component Browser]
    ./app/dashboard/_components/DashboardHome/DashboardHome.tsx [Client Component Browser]
    ./app/dashboard/page.tsx [Client Component Browser]
    ./app/dashboard/page.tsx [Server Component]

  Client Component SSR:
    ./app/dashboard/_components/DashboardHome/components/SkillOverviewCard/SkillOverviewCard.tsx [Client Component SSR]
    ./app/dashboard/_components/DashboardHome/DashboardHome.tsx [Client Component SSR]
    ./app/dashboard/page.tsx [Client Component SSR]
    ./app/dashboard/page.tsx [Server Component] @ http://localhost:3000/_next/static/chunks/node_modules_next_dist_1gdrd03._.js:1945
[ 1548425ms] [ERROR] ./app/dashboard/_components/DashboardHome/components/SkillOverviewCard/SkillOverviewCard.tsx:34:10
the name `OwnerOverview` is defined multiple times
  32 | }
  33 |
> 34 | function OwnerOverview() {
     |          ^^^^^^^^^^^^^
  35 |   const today = new Date();
  36 |   const from = subDays(today, OWNER_RANGE_DAYS - 1);
  37 |   const { data: days = [] } = useOwnerReservationSummary(from, today);

Ecmascript file had an error

Generated code of loaders [@locator/webpack-loader] transform of file content of app/dashboard/_components/DashboardHome/components/SkillOverviewCard/SkillOverviewCard.tsx:
./app/dashboard/_components/DashboardHome/components/SkillOverviewCard/SkillOverviewCard.tsx:34:10
  32 | }
  33 |
> 34 | function OwnerOverview() {
     |          ^^^^^^^^^^^^^
  35 |   const today = new Date();
  36 |   const from = subDays(today, OWNER_RANGE_DAYS - 1);
  37 |   const { data: days = [] } = useOwnerReservationSummary(from, today);

Import traces:
  Client Component Browser:
    ./app/dashboard/_components/DashboardHome/components/SkillOverviewCard/SkillOverviewCard.tsx [Client Component Browser]
    ./app/dashboard/_components/DashboardHome/DashboardHome.tsx [Client Component Browser]
    ./app/dashboard/page.tsx [Client Component Browser]
    ./app/dashboard/page.tsx [Server Component]

  Client Component SSR:
    ./app/dashboard/_components/DashboardHome/components/SkillOverviewCard/SkillOverviewCard.tsx [Client Component SSR]
    ./app/dashboard/_components/DashboardHome/DashboardHome.tsx [Client Component SSR]
    ./app/dashboard/page.tsx [Client Component SSR]
    ./app/dashboard/page.tsx [Server Component] @ http://localhost:3000/_next/static/chunks/node_modules_next_dist_1gdrd03._.js:1945
[ 1548425ms] [ERROR] ./app/dashboard/_components/DashboardHome/components/SkillOverviewCard/SkillOverviewCard.tsx:65:10
the name `PlayerOverview` is defined multiple times
  63 | }
  64 |
> 65 | function PlayerOverview() {
     |          ^^^^^^^^^^^^^^
  66 |   const { user } = useAuth();
  67 |   const { data: history = [] } = useMyReservations(true);
  68 |   const nonCancelled = history.filter((r) => r.status !== "CANCELLED");

Ecmascript file had an error

Generated code of loaders [@locator/webpack-loader] transform of file content of app/dashboard/_components/DashboardHome/components/SkillOverviewCard/SkillOverviewCard.tsx:
./app/dashboard/_components/DashboardHome/components/SkillOverviewCard/SkillOverviewCard.tsx:65:10
  63 | }
  64 |
> 65 | function PlayerOverview() {
     |          ^^^^^^^^^^^^^^
  66 |   const { user } = useAuth();
  67 |   const { data: history = [] } = useMyReservations(true);
  68 |   const nonCancelled = history.filter((r) => r.status !== "CANCELLED");

Import traces:
  Client Component Browser:
    ./app/dashboard/_components/DashboardHome/components/SkillOverviewCard/SkillOverviewCard.tsx [Client Component Browser]
    ./app/dashboard/_components/DashboardHome/DashboardHome.tsx [Client Component Browser]
    ./app/dashboard/page.tsx [Client Component Browser]
    ./app/dashboard/page.tsx [Server Component]

  Client Component SSR:
    ./app/dashboard/_components/DashboardHome/components/SkillOverviewCard/SkillOverviewCard.tsx [Client Component SSR]
    ./app/dashboard/_components/DashboardHome/DashboardHome.tsx [Client Component SSR]
    ./app/dashboard/page.tsx [Client Component SSR]
    ./app/dashboard/page.tsx [Server Component] @ http://localhost:3000/_next/static/chunks/node_modules_next_dist_1gdrd03._.js:1945
[ 1548504ms] [ERROR] ./app/dashboard/_components/DashboardHome/components/SkillOverviewCard/SkillOverviewCard.tsx:34:10
the name `OwnerOverview` is defined multiple times
  32 | }
  33 |
> 34 | function OwnerOverview() {
     |          ^^^^^^^^^^^^^
  35 |   const today = new Date();
  36 |   const from = subDays(today, OWNER_RANGE_DAYS - 1);
  37 |   const { data: days = [] } = useOwnerReservationSummary(from, today);

Ecmascript file had an error

Generated code of loaders [@locator/webpack-loader] transform of file content of app/dashboard/_components/DashboardHome/components/SkillOverviewCard/SkillOverviewCard.tsx:
./app/dashboard/_components/DashboardHome/components/SkillOverviewCard/SkillOverviewCard.tsx:34:10
  32 | }
  33 |
> 34 | function OwnerOverview() {
     |          ^^^^^^^^^^^^^
  35 |   const today = new Date();
  36 |   const from = subDays(today, OWNER_RANGE_DAYS - 1);
  37 |   const { data: days = [] } = useOwnerReservationSummary(from, today);

Import traces:
  Client Component Browser:
    ./app/dashboard/_components/DashboardHome/components/SkillOverviewCard/SkillOverviewCard.tsx [Client Component Browser]
    ./app/dashboard/_components/DashboardHome/DashboardHome.tsx [Client Component Browser]
    ./app/dashboard/page.tsx [Client Component Browser]
    ./app/dashboard/page.tsx [Server Component]

  Client Component SSR:
    ./app/dashboard/_components/DashboardHome/components/SkillOverviewCard/SkillOverviewCard.tsx [Client Component SSR]
    ./app/dashboard/_components/DashboardHome/DashboardHome.tsx [Client Component SSR]
    ./app/dashboard/page.tsx [Client Component SSR]
    ./app/dashboard/page.tsx [Server Component] @ http://localhost:3000/_next/static/chunks/node_modules_next_dist_1gdrd03._.js:1945
[ 1548504ms] [ERROR] ./app/dashboard/_components/DashboardHome/components/SkillOverviewCard/SkillOverviewCard.tsx:65:10
the name `PlayerOverview` is defined multiple times
  63 | }
  64 |
> 65 | function PlayerOverview() {
     |          ^^^^^^^^^^^^^^
  66 |   const { user } = useAuth();
  67 |   const { data: history = [] } = useMyReservations(true);
  68 |   const nonCancelled = history.filter((r) => r.status !== "CANCELLED");

Ecmascript file had an error

Generated code of loaders [@locator/webpack-loader] transform of file content of app/dashboard/_components/DashboardHome/components/SkillOverviewCard/SkillOverviewCard.tsx:
./app/dashboard/_components/DashboardHome/components/SkillOverviewCard/SkillOverviewCard.tsx:65:10
  63 | }
  64 |
> 65 | function PlayerOverview() {
     |          ^^^^^^^^^^^^^^
  66 |   const { user } = useAuth();
  67 |   const { data: history = [] } = useMyReservations(true);
  68 |   const nonCancelled = history.filter((r) => r.status !== "CANCELLED");

Import traces:
  Client Component Browser:
    ./app/dashboard/_components/DashboardHome/components/SkillOverviewCard/SkillOverviewCard.tsx [Client Component Browser]
    ./app/dashboard/_components/DashboardHome/DashboardHome.tsx [Client Component Browser]
    ./app/dashboard/page.tsx [Client Component Browser]
    ./app/dashboard/page.tsx [Server Component]

  Client Component SSR:
    ./app/dashboard/_components/DashboardHome/components/SkillOverviewCard/SkillOverviewCard.tsx [Client Component SSR]
    ./app/dashboard/_components/DashboardHome/DashboardHome.tsx [Client Component SSR]
    ./app/dashboard/page.tsx [Client Component SSR]
    ./app/dashboard/page.tsx [Server Component] @ http://localhost:3000/_next/static/chunks/node_modules_next_dist_1gdrd03._.js:1945
[ 1548567ms] [ERROR] ./app/dashboard/_components/DashboardHome/components/SkillOverviewCard/SkillOverviewCard.tsx:34:10
the name `OwnerOverview` is defined multiple times
  32 | }
  33 |
> 34 | function OwnerOverview() {
     |          ^^^^^^^^^^^^^
  35 |   const today = new Date();
  36 |   const from = subDays(today, OWNER_RANGE_DAYS - 1);
  37 |   const { data: days = [] } = useOwnerReservationSummary(from, today);

Ecmascript file had an error

Generated code of loaders [@locator/webpack-loader] transform of file content of app/dashboard/_components/DashboardHome/components/SkillOverviewCard/SkillOverviewCard.tsx:
./app/dashboard/_components/DashboardHome/components/SkillOverviewCard/SkillOverviewCard.tsx:34:10
  32 | }
  33 |
> 34 | function OwnerOverview() {
     |          ^^^^^^^^^^^^^
  35 |   const today = new Date();
  36 |   const from = subDays(today, OWNER_RANGE_DAYS - 1);
  37 |   const { data: days = [] } = useOwnerReservationSummary(from, today);

Import traces:
  Client Component Browser:
    ./app/dashboard/_components/DashboardHome/components/SkillOverviewCard/SkillOverviewCard.tsx [Client Component Browser]
    ./app/dashboard/_components/DashboardHome/DashboardHome.tsx [Client Component Browser]
    ./app/dashboard/page.tsx [Client Component Browser]
    ./app/dashboard/page.tsx [Server Component]

  Client Component SSR:
    ./app/dashboard/_components/DashboardHome/components/SkillOverviewCard/SkillOverviewCard.tsx [Client Component SSR]
    ./app/dashboard/_components/DashboardHome/DashboardHome.tsx [Client Component SSR]
    ./app/dashboard/page.tsx [Client Component SSR]
    ./app/dashboard/page.tsx [Server Component] @ http://localhost:3000/_next/static/chunks/node_modules_next_dist_1gdrd03._.js:1945
[ 1548567ms] [ERROR] ./app/dashboard/_components/DashboardHome/components/SkillOverviewCard/SkillOverviewCard.tsx:65:10
the name `PlayerOverview` is defined multiple times
  63 | }
  64 |
> 65 | function PlayerOverview() {
     |          ^^^^^^^^^^^^^^
  66 |   const { user } = useAuth();
  67 |   const { data: history = [] } = useMyReservations(true);
  68 |   const nonCancelled = history.filter((r) => r.status !== "CANCELLED");

Ecmascript file had an error

Generated code of loaders [@locator/webpack-loader] transform of file content of app/dashboard/_components/DashboardHome/components/SkillOverviewCard/SkillOverviewCard.tsx:
./app/dashboard/_components/DashboardHome/components/SkillOverviewCard/SkillOverviewCard.tsx:65:10
  63 | }
  64 |
> 65 | function PlayerOverview() {
     |          ^^^^^^^^^^^^^^
  66 |   const { user } = useAuth();
  67 |   const { data: history = [] } = useMyReservations(true);
  68 |   const nonCancelled = history.filter((r) => r.status !== "CANCELLED");

Import traces:
  Client Component Browser:
    ./app/dashboard/_components/DashboardHome/components/SkillOverviewCard/SkillOverviewCard.tsx [Client Component Browser]
    ./app/dashboard/_components/DashboardHome/DashboardHome.tsx [Client Component Browser]
    ./app/dashboard/page.tsx [Client Component Browser]
    ./app/dashboard/page.tsx [Server Component]

  Client Component SSR:
    ./app/dashboard/_components/DashboardHome/components/SkillOverviewCard/SkillOverviewCard.tsx [Client Component SSR]
    ./app/dashboard/_components/DashboardHome/DashboardHome.tsx [Client Component SSR]
    ./app/dashboard/page.tsx [Client Component SSR]
    ./app/dashboard/page.tsx [Server Component] @ http://localhost:3000/_next/static/chunks/node_modules_next_dist_1gdrd03._.js:1945
[ 1548629ms] [ERROR] ./app/dashboard/_components/DashboardHome/components/SkillOverviewCard/SkillOverviewCard.tsx:34:10
the name `OwnerOverview` is defined multiple times
  32 | }
  33 |
> 34 | function OwnerOverview() {
     |          ^^^^^^^^^^^^^
  35 |   const today = new Date();
  36 |   const from = subDays(today, OWNER_RANGE_DAYS - 1);
  37 |   const { data: days = [] } = useOwnerReservationSummary(from, today);

Ecmascript file had an error

Generated code of loaders [@locator/webpack-loader] transform of file content of app/dashboard/_components/DashboardHome/components/SkillOverviewCard/SkillOverviewCard.tsx:
./app/dashboard/_components/DashboardHome/components/SkillOverviewCard/SkillOverviewCard.tsx:34:10
  32 | }
  33 |
> 34 | function OwnerOverview() {
     |          ^^^^^^^^^^^^^
  35 |   const today = new Date();
  36 |   const from = subDays(today, OWNER_RANGE_DAYS - 1);
  37 |   const { data: days = [] } = useOwnerReservationSummary(from, today);

Import traces:
  Client Component Browser:
    ./app/dashboard/_components/DashboardHome/components/SkillOverviewCard/SkillOverviewCard.tsx [Client Component Browser]
    ./app/dashboard/_components/DashboardHome/DashboardHome.tsx [Client Component Browser]
    ./app/dashboard/page.tsx [Client Component Browser]
    ./app/dashboard/page.tsx [Server Component]

  Client Component SSR:
    ./app/dashboard/_components/DashboardHome/components/SkillOverviewCard/SkillOverviewCard.tsx [Client Component SSR]
    ./app/dashboard/_components/DashboardHome/DashboardHome.tsx [Client Component SSR]
    ./app/dashboard/page.tsx [Client Component SSR]
    ./app/dashboard/page.tsx [Server Component] @ http://localhost:3000/_next/static/chunks/node_modules_next_dist_1gdrd03._.js:1945
[ 1548630ms] [ERROR] ./app/dashboard/_components/DashboardHome/components/SkillOverviewCard/SkillOverviewCard.tsx:65:10
the name `PlayerOverview` is defined multiple times
  63 | }
  64 |
> 65 | function PlayerOverview() {
     |          ^^^^^^^^^^^^^^
  66 |   const { user } = useAuth();
  67 |   const { data: history = [] } = useMyReservations(true);
  68 |   const nonCancelled = history.filter((r) => r.status !== "CANCELLED");

Ecmascript file had an error

Generated code of loaders [@locator/webpack-loader] transform of file content of app/dashboard/_components/DashboardHome/components/SkillOverviewCard/SkillOverviewCard.tsx:
./app/dashboard/_components/DashboardHome/components/SkillOverviewCard/SkillOverviewCard.tsx:65:10
  63 | }
  64 |
> 65 | function PlayerOverview() {
     |          ^^^^^^^^^^^^^^
  66 |   const { user } = useAuth();
  67 |   const { data: history = [] } = useMyReservations(true);
  68 |   const nonCancelled = history.filter((r) => r.status !== "CANCELLED");

Import traces:
  Client Component Browser:
    ./app/dashboard/_components/DashboardHome/components/SkillOverviewCard/SkillOverviewCard.tsx [Client Component Browser]
    ./app/dashboard/_components/DashboardHome/DashboardHome.tsx [Client Component Browser]
    ./app/dashboard/page.tsx [Client Component Browser]
    ./app/dashboard/page.tsx [Server Component]

  Client Component SSR:
    ./app/dashboard/_components/DashboardHome/components/SkillOverviewCard/SkillOverviewCard.tsx [Client Component SSR]
    ./app/dashboard/_components/DashboardHome/DashboardHome.tsx [Client Component SSR]
    ./app/dashboard/page.tsx [Client Component SSR]
    ./app/dashboard/page.tsx [Server Component] @ http://localhost:3000/_next/static/chunks/node_modules_next_dist_1gdrd03._.js:1945
[ 1548707ms] [ERROR] ./app/dashboard/_components/DashboardHome/components/SkillOverviewCard/SkillOverviewCard.tsx:34:10
the name `OwnerOverview` is defined multiple times
  32 | }
  33 |
> 34 | function OwnerOverview() {
     |          ^^^^^^^^^^^^^
  35 |   const today = new Date();
  36 |   const from = subDays(today, OWNER_RANGE_DAYS - 1);
  37 |   const { data: days = [] } = useOwnerReservationSummary(from, today);

Ecmascript file had an error

Generated code of loaders [@locator/webpack-loader] transform of file content of app/dashboard/_components/DashboardHome/components/SkillOverviewCard/SkillOverviewCard.tsx:
./app/dashboard/_components/DashboardHome/components/SkillOverviewCard/SkillOverviewCard.tsx:34:10
  32 | }
  33 |
> 34 | function OwnerOverview() {
     |          ^^^^^^^^^^^^^
  35 |   const today = new Date();
  36 |   const from = subDays(today, OWNER_RANGE_DAYS - 1);
  37 |   const { data: days = [] } = useOwnerReservationSummary(from, today);

Import traces:
  Client Component Browser:
    ./app/dashboard/_components/DashboardHome/components/SkillOverviewCard/SkillOverviewCard.tsx [Client Component Browser]
    ./app/dashboard/_components/DashboardHome/DashboardHome.tsx [Client Component Browser]
    ./app/dashboard/page.tsx [Client Component Browser]
    ./app/dashboard/page.tsx [Server Component]

  Client Component SSR:
    ./app/dashboard/_components/DashboardHome/components/SkillOverviewCard/SkillOverviewCard.tsx [Client Component SSR]
    ./app/dashboard/_components/DashboardHome/DashboardHome.tsx [Client Component SSR]
    ./app/dashboard/page.tsx [Client Component SSR]
    ./app/dashboard/page.tsx [Server Component] @ http://localhost:3000/_next/static/chunks/node_modules_next_dist_1gdrd03._.js:1945
[ 1548707ms] [ERROR] ./app/dashboard/_components/DashboardHome/components/SkillOverviewCard/SkillOverviewCard.tsx:65:10
the name `PlayerOverview` is defined multiple times
  63 | }
  64 |
> 65 | function PlayerOverview() {
     |          ^^^^^^^^^^^^^^
  66 |   const { user } = useAuth();
  67 |   const { data: history = [] } = useMyReservations(true);
  68 |   const nonCancelled = history.filter((r) => r.status !== "CANCELLED");

Ecmascript file had an error

Generated code of loaders [@locator/webpack-loader] transform of file content of app/dashboard/_components/DashboardHome/components/SkillOverviewCard/SkillOverviewCard.tsx:
./app/dashboard/_components/DashboardHome/components/SkillOverviewCard/SkillOverviewCard.tsx:65:10
  63 | }
  64 |
> 65 | function PlayerOverview() {
     |          ^^^^^^^^^^^^^^
  66 |   const { user } = useAuth();
  67 |   const { data: history = [] } = useMyReservations(true);
  68 |   const nonCancelled = history.filter((r) => r.status !== "CANCELLED");

Import traces:
  Client Component Browser:
    ./app/dashboard/_components/DashboardHome/components/SkillOverviewCard/SkillOverviewCard.tsx [Client Component Browser]
    ./app/dashboard/_components/DashboardHome/DashboardHome.tsx [Client Component Browser]
    ./app/dashboard/page.tsx [Client Component Browser]
    ./app/dashboard/page.tsx [Server Component]

  Client Component SSR:
    ./app/dashboard/_components/DashboardHome/components/SkillOverviewCard/SkillOverviewCard.tsx [Client Component SSR]
    ./app/dashboard/_components/DashboardHome/DashboardHome.tsx [Client Component SSR]
    ./app/dashboard/page.tsx [Client Component SSR]
    ./app/dashboard/page.tsx [Server Component] @ http://localhost:3000/_next/static/chunks/node_modules_next_dist_1gdrd03._.js:1945
[ 1548769ms] [ERROR] ./app/dashboard/_components/DashboardHome/components/SkillOverviewCard/SkillOverviewCard.tsx:34:10
the name `OwnerOverview` is defined multiple times
  32 | }
  33 |
> 34 | function OwnerOverview() {
     |          ^^^^^^^^^^^^^
  35 |   const today = new Date();
  36 |   const from = subDays(today, OWNER_RANGE_DAYS - 1);
  37 |   const { data: days = [] } = useOwnerReservationSummary(from, today);

Ecmascript file had an error

Generated code of loaders [@locator/webpack-loader] transform of file content of app/dashboard/_components/DashboardHome/components/SkillOverviewCard/SkillOverviewCard.tsx:
./app/dashboard/_components/DashboardHome/components/SkillOverviewCard/SkillOverviewCard.tsx:34:10
  32 | }
  33 |
> 34 | function OwnerOverview() {
     |          ^^^^^^^^^^^^^
  35 |   const today = new Date();
  36 |   const from = subDays(today, OWNER_RANGE_DAYS - 1);
  37 |   const { data: days = [] } = useOwnerReservationSummary(from, today);

Import traces:
  Client Component Browser:
    ./app/dashboard/_components/DashboardHome/components/SkillOverviewCard/SkillOverviewCard.tsx [Client Component Browser]
    ./app/dashboard/_components/DashboardHome/DashboardHome.tsx [Client Component Browser]
    ./app/dashboard/page.tsx [Client Component Browser]
    ./app/dashboard/page.tsx [Server Component]

  Client Component SSR:
    ./app/dashboard/_components/DashboardHome/components/SkillOverviewCard/SkillOverviewCard.tsx [Client Component SSR]
    ./app/dashboard/_components/DashboardHome/DashboardHome.tsx [Client Component SSR]
    ./app/dashboard/page.tsx [Client Component SSR]
    ./app/dashboard/page.tsx [Server Component] @ http://localhost:3000/_next/static/chunks/node_modules_next_dist_1gdrd03._.js:1945
[ 1548769ms] [ERROR] ./app/dashboard/_components/DashboardHome/components/SkillOverviewCard/SkillOverviewCard.tsx:65:10
the name `PlayerOverview` is defined multiple times
  63 | }
  64 |
> 65 | function PlayerOverview() {
     |          ^^^^^^^^^^^^^^
  66 |   const { user } = useAuth();
  67 |   const { data: history = [] } = useMyReservations(true);
  68 |   const nonCancelled = history.filter((r) => r.status !== "CANCELLED");

Ecmascript file had an error

Generated code of loaders [@locator/webpack-loader] transform of file content of app/dashboard/_components/DashboardHome/components/SkillOverviewCard/SkillOverviewCard.tsx:
./app/dashboard/_components/DashboardHome/components/SkillOverviewCard/SkillOverviewCard.tsx:65:10
  63 | }
  64 |
> 65 | function PlayerOverview() {
     |          ^^^^^^^^^^^^^^
  66 |   const { user } = useAuth();
  67 |   const { data: history = [] } = useMyReservations(true);
  68 |   const nonCancelled = history.filter((r) => r.status !== "CANCELLED");

Import traces:
  Client Component Browser:
    ./app/dashboard/_components/DashboardHome/components/SkillOverviewCard/SkillOverviewCard.tsx [Client Component Browser]
    ./app/dashboard/_components/DashboardHome/DashboardHome.tsx [Client Component Browser]
    ./app/dashboard/page.tsx [Client Component Browser]
    ./app/dashboard/page.tsx [Server Component]

  Client Component SSR:
    ./app/dashboard/_components/DashboardHome/components/SkillOverviewCard/SkillOverviewCard.tsx [Client Component SSR]
    ./app/dashboard/_components/DashboardHome/DashboardHome.tsx [Client Component SSR]
    ./app/dashboard/page.tsx [Client Component SSR]
    ./app/dashboard/page.tsx [Server Component] @ http://localhost:3000/_next/static/chunks/node_modules_next_dist_1gdrd03._.js:1945
[ 1548832ms] [ERROR] ./app/dashboard/_components/DashboardHome/components/SkillOverviewCard/SkillOverviewCard.tsx:34:10
the name `OwnerOverview` is defined multiple times
  32 | }
  33 |
> 34 | function OwnerOverview() {
     |          ^^^^^^^^^^^^^
  35 |   const today = new Date();
  36 |   const from = subDays(today, OWNER_RANGE_DAYS - 1);
  37 |   const { data: days = [] } = useOwnerReservationSummary(from, today);

Ecmascript file had an error

Generated code of loaders [@locator/webpack-loader] transform of file content of app/dashboard/_components/DashboardHome/components/SkillOverviewCard/SkillOverviewCard.tsx:
./app/dashboard/_components/DashboardHome/components/SkillOverviewCard/SkillOverviewCard.tsx:34:10
  32 | }
  33 |
> 34 | function OwnerOverview() {
     |          ^^^^^^^^^^^^^
  35 |   const today = new Date();
  36 |   const from = subDays(today, OWNER_RANGE_DAYS - 1);
  37 |   const { data: days = [] } = useOwnerReservationSummary(from, today);

Import traces:
  Client Component Browser:
    ./app/dashboard/_components/DashboardHome/components/SkillOverviewCard/SkillOverviewCard.tsx [Client Component Browser]
    ./app/dashboard/_components/DashboardHome/DashboardHome.tsx [Client Component Browser]
    ./app/dashboard/page.tsx [Client Component Browser]
    ./app/dashboard/page.tsx [Server Component]

  Client Component SSR:
    ./app/dashboard/_components/DashboardHome/components/SkillOverviewCard/SkillOverviewCard.tsx [Client Component SSR]
    ./app/dashboard/_components/DashboardHome/DashboardHome.tsx [Client Component SSR]
    ./app/dashboard/page.tsx [Client Component SSR]
    ./app/dashboard/page.tsx [Server Component] @ http://localhost:3000/_next/static/chunks/node_modules_next_dist_1gdrd03._.js:1945
[ 1548832ms] [ERROR] ./app/dashboard/_components/DashboardHome/components/SkillOverviewCard/SkillOverviewCard.tsx:65:10
the name `PlayerOverview` is defined multiple times
  63 | }
  64 |
> 65 | function PlayerOverview() {
     |          ^^^^^^^^^^^^^^
  66 |   const { user } = useAuth();
  67 |   const { data: history = [] } = useMyReservations(true);
  68 |   const nonCancelled = history.filter((r) => r.status !== "CANCELLED");

Ecmascript file had an error

Generated code of loaders [@locator/webpack-loader] transform of file content of app/dashboard/_components/DashboardHome/components/SkillOverviewCard/SkillOverviewCard.tsx:
./app/dashboard/_components/DashboardHome/components/SkillOverviewCard/SkillOverviewCard.tsx:65:10
  63 | }
  64 |
> 65 | function PlayerOverview() {
     |          ^^^^^^^^^^^^^^
  66 |   const { user } = useAuth();
  67 |   const { data: history = [] } = useMyReservations(true);
  68 |   const nonCancelled = history.filter((r) => r.status !== "CANCELLED");

Import traces:
  Client Component Browser:
    ./app/dashboard/_components/DashboardHome/components/SkillOverviewCard/SkillOverviewCard.tsx [Client Component Browser]
    ./app/dashboard/_components/DashboardHome/DashboardHome.tsx [Client Component Browser]
    ./app/dashboard/page.tsx [Client Component Browser]
    ./app/dashboard/page.tsx [Server Component]

  Client Component SSR:
    ./app/dashboard/_components/DashboardHome/components/SkillOverviewCard/SkillOverviewCard.tsx [Client Component SSR]
    ./app/dashboard/_components/DashboardHome/DashboardHome.tsx [Client Component SSR]
    ./app/dashboard/page.tsx [Client Component SSR]
    ./app/dashboard/page.tsx [Server Component] @ http://localhost:3000/_next/static/chunks/node_modules_next_dist_1gdrd03._.js:1945
[ 1548894ms] [ERROR] ./app/dashboard/_components/DashboardHome/components/SkillOverviewCard/SkillOverviewCard.tsx:34:10
the name `OwnerOverview` is defined multiple times
  32 | }
  33 |
> 34 | function OwnerOverview() {
     |          ^^^^^^^^^^^^^
  35 |   const today = new Date();
  36 |   const from = subDays(today, OWNER_RANGE_DAYS - 1);
  37 |   const { data: days = [] } = useOwnerReservationSummary(from, today);

Ecmascript file had an error

Generated code of loaders [@locator/webpack-loader] transform of file content of app/dashboard/_components/DashboardHome/components/SkillOverviewCard/SkillOverviewCard.tsx:
./app/dashboard/_components/DashboardHome/components/SkillOverviewCard/SkillOverviewCard.tsx:34:10
  32 | }
  33 |
> 34 | function OwnerOverview() {
     |          ^^^^^^^^^^^^^
  35 |   const today = new Date();
  36 |   const from = subDays(today, OWNER_RANGE_DAYS - 1);
  37 |   const { data: days = [] } = useOwnerReservationSummary(from, today);

Import traces:
  Client Component Browser:
    ./app/dashboard/_components/DashboardHome/components/SkillOverviewCard/SkillOverviewCard.tsx [Client Component Browser]
    ./app/dashboard/_components/DashboardHome/DashboardHome.tsx [Client Component Browser]
    ./app/dashboard/page.tsx [Client Component Browser]
    ./app/dashboard/page.tsx [Server Component]

  Client Component SSR:
    ./app/dashboard/_components/DashboardHome/components/SkillOverviewCard/SkillOverviewCard.tsx [Client Component SSR]
    ./app/dashboard/_components/DashboardHome/DashboardHome.tsx [Client Component SSR]
    ./app/dashboard/page.tsx [Client Component SSR]
    ./app/dashboard/page.tsx [Server Component] @ http://localhost:3000/_next/static/chunks/node_modules_next_dist_1gdrd03._.js:1945
[ 1548894ms] [ERROR] ./app/dashboard/_components/DashboardHome/components/SkillOverviewCard/SkillOverviewCard.tsx:65:10
the name `PlayerOverview` is defined multiple times
  63 | }
  64 |
> 65 | function PlayerOverview() {
     |          ^^^^^^^^^^^^^^
  66 |   const { user } = useAuth();
  67 |   const { data: history = [] } = useMyReservations(true);
  68 |   const nonCancelled = history.filter((r) => r.status !== "CANCELLED");

Ecmascript file had an error

Generated code of loaders [@locator/webpack-loader] transform of file content of app/dashboard/_components/DashboardHome/components/SkillOverviewCard/SkillOverviewCard.tsx:
./app/dashboard/_components/DashboardHome/components/SkillOverviewCard/SkillOverviewCard.tsx:65:10
  63 | }
  64 |
> 65 | function PlayerOverview() {
     |          ^^^^^^^^^^^^^^
  66 |   const { user } = useAuth();
  67 |   const { data: history = [] } = useMyReservations(true);
  68 |   const nonCancelled = history.filter((r) => r.status !== "CANCELLED");

Import traces:
  Client Component Browser:
    ./app/dashboard/_components/DashboardHome/components/SkillOverviewCard/SkillOverviewCard.tsx [Client Component Browser]
    ./app/dashboard/_components/DashboardHome/DashboardHome.tsx [Client Component Browser]
    ./app/dashboard/page.tsx [Client Component Browser]
    ./app/dashboard/page.tsx [Server Component]

  Client Component SSR:
    ./app/dashboard/_components/DashboardHome/components/SkillOverviewCard/SkillOverviewCard.tsx [Client Component SSR]
    ./app/dashboard/_components/DashboardHome/DashboardHome.tsx [Client Component SSR]
    ./app/dashboard/page.tsx [Client Component SSR]
    ./app/dashboard/page.tsx [Server Component] @ http://localhost:3000/_next/static/chunks/node_modules_next_dist_1gdrd03._.js:1945
[ 1548971ms] [ERROR] ./app/dashboard/_components/DashboardHome/components/SkillOverviewCard/SkillOverviewCard.tsx:34:10
the name `OwnerOverview` is defined multiple times
  32 | }
  33 |
> 34 | function OwnerOverview() {
     |          ^^^^^^^^^^^^^
  35 |   const today = new Date();
  36 |   const from = subDays(today, OWNER_RANGE_DAYS - 1);
  37 |   const { data: days = [] } = useOwnerReservationSummary(from, today);

Ecmascript file had an error

Generated code of loaders [@locator/webpack-loader] transform of file content of app/dashboard/_components/DashboardHome/components/SkillOverviewCard/SkillOverviewCard.tsx:
./app/dashboard/_components/DashboardHome/components/SkillOverviewCard/SkillOverviewCard.tsx:34:10
  32 | }
  33 |
> 34 | function OwnerOverview() {
     |          ^^^^^^^^^^^^^
  35 |   const today = new Date();
  36 |   const from = subDays(today, OWNER_RANGE_DAYS - 1);
  37 |   const { data: days = [] } = useOwnerReservationSummary(from, today);

Import traces:
  Client Component Browser:
    ./app/dashboard/_components/DashboardHome/components/SkillOverviewCard/SkillOverviewCard.tsx [Client Component Browser]
    ./app/dashboard/_components/DashboardHome/DashboardHome.tsx [Client Component Browser]
    ./app/dashboard/page.tsx [Client Component Browser]
    ./app/dashboard/page.tsx [Server Component]

  Client Component SSR:
    ./app/dashboard/_components/DashboardHome/components/SkillOverviewCard/SkillOverviewCard.tsx [Client Component SSR]
    ./app/dashboard/_components/DashboardHome/DashboardHome.tsx [Client Component SSR]
    ./app/dashboard/page.tsx [Client Component SSR]
    ./app/dashboard/page.tsx [Server Component] @ http://localhost:3000/_next/static/chunks/node_modules_next_dist_1gdrd03._.js:1945
[ 1548971ms] [ERROR] ./app/dashboard/_components/DashboardHome/components/SkillOverviewCard/SkillOverviewCard.tsx:65:10
the name `PlayerOverview` is defined multiple times
  63 | }
  64 |
> 65 | function PlayerOverview() {
     |          ^^^^^^^^^^^^^^
  66 |   const { user } = useAuth();
  67 |   const { data: history = [] } = useMyReservations(true);
  68 |   const nonCancelled = history.filter((r) => r.status !== "CANCELLED");

Ecmascript file had an error

Generated code of loaders [@locator/webpack-loader] transform of file content of app/dashboard/_components/DashboardHome/components/SkillOverviewCard/SkillOverviewCard.tsx:
./app/dashboard/_components/DashboardHome/components/SkillOverviewCard/SkillOverviewCard.tsx:65:10
  63 | }
  64 |
> 65 | function PlayerOverview() {
     |          ^^^^^^^^^^^^^^
  66 |   const { user } = useAuth();
  67 |   const { data: history = [] } = useMyReservations(true);
  68 |   const nonCancelled = history.filter((r) => r.status !== "CANCELLED");

Import traces:
  Client Component Browser:
    ./app/dashboard/_components/DashboardHome/components/SkillOverviewCard/SkillOverviewCard.tsx [Client Component Browser]
    ./app/dashboard/_components/DashboardHome/DashboardHome.tsx [Client Component Browser]
    ./app/dashboard/page.tsx [Client Component Browser]
    ./app/dashboard/page.tsx [Server Component]

  Client Component SSR:
    ./app/dashboard/_components/DashboardHome/components/SkillOverviewCard/SkillOverviewCard.tsx [Client Component SSR]
    ./app/dashboard/_components/DashboardHome/DashboardHome.tsx [Client Component SSR]
    ./app/dashboard/page.tsx [Client Component SSR]
    ./app/dashboard/page.tsx [Server Component] @ http://localhost:3000/_next/static/chunks/node_modules_next_dist_1gdrd03._.js:1945
[ 1549034ms] [ERROR] ./app/dashboard/_components/DashboardHome/components/SkillOverviewCard/SkillOverviewCard.tsx:34:10
the name `OwnerOverview` is defined multiple times
  32 | }
  33 |
> 34 | function OwnerOverview() {
     |          ^^^^^^^^^^^^^
  35 |   const today = new Date();
  36 |   const from = subDays(today, OWNER_RANGE_DAYS - 1);
  37 |   const { data: days = [] } = useOwnerReservationSummary(from, today);

Ecmascript file had an error

Generated code of loaders [@locator/webpack-loader] transform of file content of app/dashboard/_components/DashboardHome/components/SkillOverviewCard/SkillOverviewCard.tsx:
./app/dashboard/_components/DashboardHome/components/SkillOverviewCard/SkillOverviewCard.tsx:34:10
  32 | }
  33 |
> 34 | function OwnerOverview() {
     |          ^^^^^^^^^^^^^
  35 |   const today = new Date();
  36 |   const from = subDays(today, OWNER_RANGE_DAYS - 1);
  37 |   const { data: days = [] } = useOwnerReservationSummary(from, today);

Import traces:
  Client Component Browser:
    ./app/dashboard/_components/DashboardHome/components/SkillOverviewCard/SkillOverviewCard.tsx [Client Component Browser]
    ./app/dashboard/_components/DashboardHome/DashboardHome.tsx [Client Component Browser]
    ./app/dashboard/page.tsx [Client Component Browser]
    ./app/dashboard/page.tsx [Server Component]

  Client Component SSR:
    ./app/dashboard/_components/DashboardHome/components/SkillOverviewCard/SkillOverviewCard.tsx [Client Component SSR]
    ./app/dashboard/_components/DashboardHome/DashboardHome.tsx [Client Component SSR]
    ./app/dashboard/page.tsx [Client Component SSR]
    ./app/dashboard/page.tsx [Server Component] @ http://localhost:3000/_next/static/chunks/node_modules_next_dist_1gdrd03._.js:1945
[ 1549034ms] [ERROR] ./app/dashboard/_components/DashboardHome/components/SkillOverviewCard/SkillOverviewCard.tsx:65:10
the name `PlayerOverview` is defined multiple times
  63 | }
  64 |
> 65 | function PlayerOverview() {
     |          ^^^^^^^^^^^^^^
  66 |   const { user } = useAuth();
  67 |   const { data: history = [] } = useMyReservations(true);
  68 |   const nonCancelled = history.filter((r) => r.status !== "CANCELLED");

Ecmascript file had an error

Generated code of loaders [@locator/webpack-loader] transform of file content of app/dashboard/_components/DashboardHome/components/SkillOverviewCard/SkillOverviewCard.tsx:
./app/dashboard/_components/DashboardHome/components/SkillOverviewCard/SkillOverviewCard.tsx:65:10
  63 | }
  64 |
> 65 | function PlayerOverview() {
     |          ^^^^^^^^^^^^^^
  66 |   const { user } = useAuth();
  67 |   const { data: history = [] } = useMyReservations(true);
  68 |   const nonCancelled = history.filter((r) => r.status !== "CANCELLED");

Import traces:
  Client Component Browser:
    ./app/dashboard/_components/DashboardHome/components/SkillOverviewCard/SkillOverviewCard.tsx [Client Component Browser]
    ./app/dashboard/_components/DashboardHome/DashboardHome.tsx [Client Component Browser]
    ./app/dashboard/page.tsx [Client Component Browser]
    ./app/dashboard/page.tsx [Server Component]

  Client Component SSR:
    ./app/dashboard/_components/DashboardHome/components/SkillOverviewCard/SkillOverviewCard.tsx [Client Component SSR]
    ./app/dashboard/_components/DashboardHome/DashboardHome.tsx [Client Component SSR]
    ./app/dashboard/page.tsx [Client Component SSR]
    ./app/dashboard/page.tsx [Server Component] @ http://localhost:3000/_next/static/chunks/node_modules_next_dist_1gdrd03._.js:1945
[ 1549097ms] [ERROR] ./app/dashboard/_components/DashboardHome/components/SkillOverviewCard/SkillOverviewCard.tsx:34:10
the name `OwnerOverview` is defined multiple times
  32 | }
  33 |
> 34 | function OwnerOverview() {
     |          ^^^^^^^^^^^^^
  35 |   const today = new Date();
  36 |   const from = subDays(today, OWNER_RANGE_DAYS - 1);
  37 |   const { data: days = [] } = useOwnerReservationSummary(from, today);

Ecmascript file had an error

Generated code of loaders [@locator/webpack-loader] transform of file content of app/dashboard/_components/DashboardHome/components/SkillOverviewCard/SkillOverviewCard.tsx:
./app/dashboard/_components/DashboardHome/components/SkillOverviewCard/SkillOverviewCard.tsx:34:10
  32 | }
  33 |
> 34 | function OwnerOverview() {
     |          ^^^^^^^^^^^^^
  35 |   const today = new Date();
  36 |   const from = subDays(today, OWNER_RANGE_DAYS - 1);
  37 |   const { data: days = [] } = useOwnerReservationSummary(from, today);

Import traces:
  Client Component Browser:
    ./app/dashboard/_components/DashboardHome/components/SkillOverviewCard/SkillOverviewCard.tsx [Client Component Browser]
    ./app/dashboard/_components/DashboardHome/DashboardHome.tsx [Client Component Browser]
    ./app/dashboard/page.tsx [Client Component Browser]
    ./app/dashboard/page.tsx [Server Component]

  Client Component SSR:
    ./app/dashboard/_components/DashboardHome/components/SkillOverviewCard/SkillOverviewCard.tsx [Client Component SSR]
    ./app/dashboard/_components/DashboardHome/DashboardHome.tsx [Client Component SSR]
    ./app/dashboard/page.tsx [Client Component SSR]
    ./app/dashboard/page.tsx [Server Component] @ http://localhost:3000/_next/static/chunks/node_modules_next_dist_1gdrd03._.js:1945
[ 1549097ms] [ERROR] ./app/dashboard/_components/DashboardHome/components/SkillOverviewCard/SkillOverviewCard.tsx:65:10
the name `PlayerOverview` is defined multiple times
  63 | }
  64 |
> 65 | function PlayerOverview() {
     |          ^^^^^^^^^^^^^^
  66 |   const { user } = useAuth();
  67 |   const { data: history = [] } = useMyReservations(true);
  68 |   const nonCancelled = history.filter((r) => r.status !== "CANCELLED");

Ecmascript file had an error

Generated code of loaders [@locator/webpack-loader] transform of file content of app/dashboard/_components/DashboardHome/components/SkillOverviewCard/SkillOverviewCard.tsx:
./app/dashboard/_components/DashboardHome/components/SkillOverviewCard/SkillOverviewCard.tsx:65:10
  63 | }
  64 |
> 65 | function PlayerOverview() {
     |          ^^^^^^^^^^^^^^
  66 |   const { user } = useAuth();
  67 |   const { data: history = [] } = useMyReservations(true);
  68 |   const nonCancelled = history.filter((r) => r.status !== "CANCELLED");

Import traces:
  Client Component Browser:
    ./app/dashboard/_components/DashboardHome/components/SkillOverviewCard/SkillOverviewCard.tsx [Client Component Browser]
    ./app/dashboard/_components/DashboardHome/DashboardHome.tsx [Client Component Browser]
    ./app/dashboard/page.tsx [Client Component Browser]
    ./app/dashboard/page.tsx [Server Component]

  Client Component SSR:
    ./app/dashboard/_components/DashboardHome/components/SkillOverviewCard/SkillOverviewCard.tsx [Client Component SSR]
    ./app/dashboard/_components/DashboardHome/DashboardHome.tsx [Client Component SSR]
    ./app/dashboard/page.tsx [Client Component SSR]
    ./app/dashboard/page.tsx [Server Component] @ http://localhost:3000/_next/static/chunks/node_modules_next_dist_1gdrd03._.js:1945
[ 1549159ms] [ERROR] ./app/dashboard/_components/DashboardHome/components/SkillOverviewCard/SkillOverviewCard.tsx:34:10
the name `OwnerOverview` is defined multiple times
  32 | }
  33 |
> 34 | function OwnerOverview() {
     |          ^^^^^^^^^^^^^
  35 |   const today = new Date();
  36 |   const from = subDays(today, OWNER_RANGE_DAYS - 1);
  37 |   const { data: days = [] } = useOwnerReservationSummary(from, today);

Ecmascript file had an error

Generated code of loaders [@locator/webpack-loader] transform of file content of app/dashboard/_components/DashboardHome/components/SkillOverviewCard/SkillOverviewCard.tsx:
./app/dashboard/_components/DashboardHome/components/SkillOverviewCard/SkillOverviewCard.tsx:34:10
  32 | }
  33 |
> 34 | function OwnerOverview() {
     |          ^^^^^^^^^^^^^
  35 |   const today = new Date();
  36 |   const from = subDays(today, OWNER_RANGE_DAYS - 1);
  37 |   const { data: days = [] } = useOwnerReservationSummary(from, today);

Import traces:
  Client Component Browser:
    ./app/dashboard/_components/DashboardHome/components/SkillOverviewCard/SkillOverviewCard.tsx [Client Component Browser]
    ./app/dashboard/_components/DashboardHome/DashboardHome.tsx [Client Component Browser]
    ./app/dashboard/page.tsx [Client Component Browser]
    ./app/dashboard/page.tsx [Server Component]

  Client Component SSR:
    ./app/dashboard/_components/DashboardHome/components/SkillOverviewCard/SkillOverviewCard.tsx [Client Component SSR]
    ./app/dashboard/_components/DashboardHome/DashboardHome.tsx [Client Component SSR]
    ./app/dashboard/page.tsx [Client Component SSR]
    ./app/dashboard/page.tsx [Server Component] @ http://localhost:3000/_next/static/chunks/node_modules_next_dist_1gdrd03._.js:1945
[ 1549159ms] [ERROR] ./app/dashboard/_components/DashboardHome/components/SkillOverviewCard/SkillOverviewCard.tsx:65:10
the name `PlayerOverview` is defined multiple times
  63 | }
  64 |
> 65 | function PlayerOverview() {
     |          ^^^^^^^^^^^^^^
  66 |   const { user } = useAuth();
  67 |   const { data: history = [] } = useMyReservations(true);
  68 |   const nonCancelled = history.filter((r) => r.status !== "CANCELLED");

Ecmascript file had an error

Generated code of loaders [@locator/webpack-loader] transform of file content of app/dashboard/_components/DashboardHome/components/SkillOverviewCard/SkillOverviewCard.tsx:
./app/dashboard/_components/DashboardHome/components/SkillOverviewCard/SkillOverviewCard.tsx:65:10
  63 | }
  64 |
> 65 | function PlayerOverview() {
     |          ^^^^^^^^^^^^^^
  66 |   const { user } = useAuth();
  67 |   const { data: history = [] } = useMyReservations(true);
  68 |   const nonCancelled = history.filter((r) => r.status !== "CANCELLED");

Import traces:
  Client Component Browser:
    ./app/dashboard/_components/DashboardHome/components/SkillOverviewCard/SkillOverviewCard.tsx [Client Component Browser]
    ./app/dashboard/_components/DashboardHome/DashboardHome.tsx [Client Component Browser]
    ./app/dashboard/page.tsx [Client Component Browser]
    ./app/dashboard/page.tsx [Server Component]

  Client Component SSR:
    ./app/dashboard/_components/DashboardHome/components/SkillOverviewCard/SkillOverviewCard.tsx [Client Component SSR]
    ./app/dashboard/_components/DashboardHome/DashboardHome.tsx [Client Component SSR]
    ./app/dashboard/page.tsx [Client Component SSR]
    ./app/dashboard/page.tsx [Server Component] @ http://localhost:3000/_next/static/chunks/node_modules_next_dist_1gdrd03._.js:1945
[ 1549223ms] [ERROR] ./app/dashboard/_components/DashboardHome/components/SkillOverviewCard/SkillOverviewCard.tsx:34:10
the name `OwnerOverview` is defined multiple times
  32 | }
  33 |
> 34 | function OwnerOverview() {
     |          ^^^^^^^^^^^^^
  35 |   const today = new Date();
  36 |   const from = subDays(today, OWNER_RANGE_DAYS - 1);
  37 |   const { data: days = [] } = useOwnerReservationSummary(from, today);

Ecmascript file had an error

Generated code of loaders [@locator/webpack-loader] transform of file content of app/dashboard/_components/DashboardHome/components/SkillOverviewCard/SkillOverviewCard.tsx:
./app/dashboard/_components/DashboardHome/components/SkillOverviewCard/SkillOverviewCard.tsx:34:10
  32 | }
  33 |
> 34 | function OwnerOverview() {
     |          ^^^^^^^^^^^^^
  35 |   const today = new Date();
  36 |   const from = subDays(today, OWNER_RANGE_DAYS - 1);
  37 |   const { data: days = [] } = useOwnerReservationSummary(from, today);

Import traces:
  Client Component Browser:
    ./app/dashboard/_components/DashboardHome/components/SkillOverviewCard/SkillOverviewCard.tsx [Client Component Browser]
    ./app/dashboard/_components/DashboardHome/DashboardHome.tsx [Client Component Browser]
    ./app/dashboard/page.tsx [Client Component Browser]
    ./app/dashboard/page.tsx [Server Component]

  Client Component SSR:
    ./app/dashboard/_components/DashboardHome/components/SkillOverviewCard/SkillOverviewCard.tsx [Client Component SSR]
    ./app/dashboard/_components/DashboardHome/DashboardHome.tsx [Client Component SSR]
    ./app/dashboard/page.tsx [Client Component SSR]
    ./app/dashboard/page.tsx [Server Component] @ http://localhost:3000/_next/static/chunks/node_modules_next_dist_1gdrd03._.js:1945
[ 1549223ms] [ERROR] ./app/dashboard/_components/DashboardHome/components/SkillOverviewCard/SkillOverviewCard.tsx:65:10
the name `PlayerOverview` is defined multiple times
  63 | }
  64 |
> 65 | function PlayerOverview() {
     |          ^^^^^^^^^^^^^^
  66 |   const { user } = useAuth();
  67 |   const { data: history = [] } = useMyReservations(true);
  68 |   const nonCancelled = history.filter((r) => r.status !== "CANCELLED");

Ecmascript file had an error

Generated code of loaders [@locator/webpack-loader] transform of file content of app/dashboard/_components/DashboardHome/components/SkillOverviewCard/SkillOverviewCard.tsx:
./app/dashboard/_components/DashboardHome/components/SkillOverviewCard/SkillOverviewCard.tsx:65:10
  63 | }
  64 |
> 65 | function PlayerOverview() {
     |          ^^^^^^^^^^^^^^
  66 |   const { user } = useAuth();
  67 |   const { data: history = [] } = useMyReservations(true);
  68 |   const nonCancelled = history.filter((r) => r.status !== "CANCELLED");

Import traces:
  Client Component Browser:
    ./app/dashboard/_components/DashboardHome/components/SkillOverviewCard/SkillOverviewCard.tsx [Client Component Browser]
    ./app/dashboard/_components/DashboardHome/DashboardHome.tsx [Client Component Browser]
    ./app/dashboard/page.tsx [Client Component Browser]
    ./app/dashboard/page.tsx [Server Component]

  Client Component SSR:
    ./app/dashboard/_components/DashboardHome/components/SkillOverviewCard/SkillOverviewCard.tsx [Client Component SSR]
    ./app/dashboard/_components/DashboardHome/DashboardHome.tsx [Client Component SSR]
    ./app/dashboard/page.tsx [Client Component SSR]
    ./app/dashboard/page.tsx [Server Component] @ http://localhost:3000/_next/static/chunks/node_modules_next_dist_1gdrd03._.js:1945
[ 1549300ms] [ERROR] ./app/dashboard/_components/DashboardHome/components/SkillOverviewCard/SkillOverviewCard.tsx:34:10
the name `OwnerOverview` is defined multiple times
  32 | }
  33 |
> 34 | function OwnerOverview() {
     |          ^^^^^^^^^^^^^
  35 |   const today = new Date();
  36 |   const from = subDays(today, OWNER_RANGE_DAYS - 1);
  37 |   const { data: days = [] } = useOwnerReservationSummary(from, today);

Ecmascript file had an error

Generated code of loaders [@locator/webpack-loader] transform of file content of app/dashboard/_components/DashboardHome/components/SkillOverviewCard/SkillOverviewCard.tsx:
./app/dashboard/_components/DashboardHome/components/SkillOverviewCard/SkillOverviewCard.tsx:34:10
  32 | }
  33 |
> 34 | function OwnerOverview() {
     |          ^^^^^^^^^^^^^
  35 |   const today = new Date();
  36 |   const from = subDays(today, OWNER_RANGE_DAYS - 1);
  37 |   const { data: days = [] } = useOwnerReservationSummary(from, today);

Import traces:
  Client Component Browser:
    ./app/dashboard/_components/DashboardHome/components/SkillOverviewCard/SkillOverviewCard.tsx [Client Component Browser]
    ./app/dashboard/_components/DashboardHome/DashboardHome.tsx [Client Component Browser]
    ./app/dashboard/page.tsx [Client Component Browser]
    ./app/dashboard/page.tsx [Server Component]

  Client Component SSR:
    ./app/dashboard/_components/DashboardHome/components/SkillOverviewCard/SkillOverviewCard.tsx [Client Component SSR]
    ./app/dashboard/_components/DashboardHome/DashboardHome.tsx [Client Component SSR]
    ./app/dashboard/page.tsx [Client Component SSR]
    ./app/dashboard/page.tsx [Server Component] @ http://localhost:3000/_next/static/chunks/node_modules_next_dist_1gdrd03._.js:1945
[ 1549300ms] [ERROR] ./app/dashboard/_components/DashboardHome/components/SkillOverviewCard/SkillOverviewCard.tsx:65:10
the name `PlayerOverview` is defined multiple times
  63 | }
  64 |
> 65 | function PlayerOverview() {
     |          ^^^^^^^^^^^^^^
  66 |   const { user } = useAuth();
  67 |   const { data: history = [] } = useMyReservations(true);
  68 |   const nonCancelled = history.filter((r) => r.status !== "CANCELLED");

Ecmascript file had an error

Generated code of loaders [@locator/webpack-loader] transform of file content of app/dashboard/_components/DashboardHome/components/SkillOverviewCard/SkillOverviewCard.tsx:
./app/dashboard/_components/DashboardHome/components/SkillOverviewCard/SkillOverviewCard.tsx:65:10
  63 | }
  64 |
> 65 | function PlayerOverview() {
     |          ^^^^^^^^^^^^^^
  66 |   const { user } = useAuth();
  67 |   const { data: history = [] } = useMyReservations(true);
  68 |   const nonCancelled = history.filter((r) => r.status !== "CANCELLED");

Import traces:
  Client Component Browser:
    ./app/dashboard/_components/DashboardHome/components/SkillOverviewCard/SkillOverviewCard.tsx [Client Component Browser]
    ./app/dashboard/_components/DashboardHome/DashboardHome.tsx [Client Component Browser]
    ./app/dashboard/page.tsx [Client Component Browser]
    ./app/dashboard/page.tsx [Server Component]

  Client Component SSR:
    ./app/dashboard/_components/DashboardHome/components/SkillOverviewCard/SkillOverviewCard.tsx [Client Component SSR]
    ./app/dashboard/_components/DashboardHome/DashboardHome.tsx [Client Component SSR]
    ./app/dashboard/page.tsx [Client Component SSR]
    ./app/dashboard/page.tsx [Server Component] @ http://localhost:3000/_next/static/chunks/node_modules_next_dist_1gdrd03._.js:1945
[ 1549378ms] [ERROR] ./app/dashboard/_components/DashboardHome/components/SkillOverviewCard/SkillOverviewCard.tsx:34:10
the name `OwnerOverview` is defined multiple times
  32 | }
  33 |
> 34 | function OwnerOverview() {
     |          ^^^^^^^^^^^^^
  35 |   const today = new Date();
  36 |   const from = subDays(today, OWNER_RANGE_DAYS - 1);
  37 |   const { data: days = [] } = useOwnerReservationSummary(from, today);

Ecmascript file had an error

Generated code of loaders [@locator/webpack-loader] transform of file content of app/dashboard/_components/DashboardHome/components/SkillOverviewCard/SkillOverviewCard.tsx:
./app/dashboard/_components/DashboardHome/components/SkillOverviewCard/SkillOverviewCard.tsx:34:10
  32 | }
  33 |
> 34 | function OwnerOverview() {
     |          ^^^^^^^^^^^^^
  35 |   const today = new Date();
  36 |   const from = subDays(today, OWNER_RANGE_DAYS - 1);
  37 |   const { data: days = [] } = useOwnerReservationSummary(from, today);

Import traces:
  Client Component Browser:
    ./app/dashboard/_components/DashboardHome/components/SkillOverviewCard/SkillOverviewCard.tsx [Client Component Browser]
    ./app/dashboard/_components/DashboardHome/DashboardHome.tsx [Client Component Browser]
    ./app/dashboard/page.tsx [Client Component Browser]
    ./app/dashboard/page.tsx [Server Component]

  Client Component SSR:
    ./app/dashboard/_components/DashboardHome/components/SkillOverviewCard/SkillOverviewCard.tsx [Client Component SSR]
    ./app/dashboard/_components/DashboardHome/DashboardHome.tsx [Client Component SSR]
    ./app/dashboard/page.tsx [Client Component SSR]
    ./app/dashboard/page.tsx [Server Component] @ http://localhost:3000/_next/static/chunks/node_modules_next_dist_1gdrd03._.js:1945
[ 1549378ms] [ERROR] ./app/dashboard/_components/DashboardHome/components/SkillOverviewCard/SkillOverviewCard.tsx:65:10
the name `PlayerOverview` is defined multiple times
  63 | }
  64 |
> 65 | function PlayerOverview() {
     |          ^^^^^^^^^^^^^^
  66 |   const { user } = useAuth();
  67 |   const { data: history = [] } = useMyReservations(true);
  68 |   const nonCancelled = history.filter((r) => r.status !== "CANCELLED");

Ecmascript file had an error

Generated code of loaders [@locator/webpack-loader] transform of file content of app/dashboard/_components/DashboardHome/components/SkillOverviewCard/SkillOverviewCard.tsx:
./app/dashboard/_components/DashboardHome/components/SkillOverviewCard/SkillOverviewCard.tsx:65:10
  63 | }
  64 |
> 65 | function PlayerOverview() {
     |          ^^^^^^^^^^^^^^
  66 |   const { user } = useAuth();
  67 |   const { data: history = [] } = useMyReservations(true);
  68 |   const nonCancelled = history.filter((r) => r.status !== "CANCELLED");

Import traces:
  Client Component Browser:
    ./app/dashboard/_components/DashboardHome/components/SkillOverviewCard/SkillOverviewCard.tsx [Client Component Browser]
    ./app/dashboard/_components/DashboardHome/DashboardHome.tsx [Client Component Browser]
    ./app/dashboard/page.tsx [Client Component Browser]
    ./app/dashboard/page.tsx [Server Component]

  Client Component SSR:
    ./app/dashboard/_components/DashboardHome/components/SkillOverviewCard/SkillOverviewCard.tsx [Client Component SSR]
    ./app/dashboard/_components/DashboardHome/DashboardHome.tsx [Client Component SSR]
    ./app/dashboard/page.tsx [Client Component SSR]
    ./app/dashboard/page.tsx [Server Component] @ http://localhost:3000/_next/static/chunks/node_modules_next_dist_1gdrd03._.js:1945
[ 1549441ms] [ERROR] ./app/dashboard/_components/DashboardHome/components/SkillOverviewCard/SkillOverviewCard.tsx:34:10
the name `OwnerOverview` is defined multiple times
  32 | }
  33 |
> 34 | function OwnerOverview() {
     |          ^^^^^^^^^^^^^
  35 |   const today = new Date();
  36 |   const from = subDays(today, OWNER_RANGE_DAYS - 1);
  37 |   const { data: days = [] } = useOwnerReservationSummary(from, today);

Ecmascript file had an error

Generated code of loaders [@locator/webpack-loader] transform of file content of app/dashboard/_components/DashboardHome/components/SkillOverviewCard/SkillOverviewCard.tsx:
./app/dashboard/_components/DashboardHome/components/SkillOverviewCard/SkillOverviewCard.tsx:34:10
  32 | }
  33 |
> 34 | function OwnerOverview() {
     |          ^^^^^^^^^^^^^
  35 |   const today = new Date();
  36 |   const from = subDays(today, OWNER_RANGE_DAYS - 1);
  37 |   const { data: days = [] } = useOwnerReservationSummary(from, today);

Import traces:
  Client Component Browser:
    ./app/dashboard/_components/DashboardHome/components/SkillOverviewCard/SkillOverviewCard.tsx [Client Component Browser]
    ./app/dashboard/_components/DashboardHome/DashboardHome.tsx [Client Component Browser]
    ./app/dashboard/page.tsx [Client Component Browser]
    ./app/dashboard/page.tsx [Server Component]

  Client Component SSR:
    ./app/dashboard/_components/DashboardHome/components/SkillOverviewCard/SkillOverviewCard.tsx [Client Component SSR]
    ./app/dashboard/_components/DashboardHome/DashboardHome.tsx [Client Component SSR]
    ./app/dashboard/page.tsx [Client Component SSR]
    ./app/dashboard/page.tsx [Server Component] @ http://localhost:3000/_next/static/chunks/node_modules_next_dist_1gdrd03._.js:1945
[ 1549441ms] [ERROR] ./app/dashboard/_components/DashboardHome/components/SkillOverviewCard/SkillOverviewCard.tsx:65:10
the name `PlayerOverview` is defined multiple times
  63 | }
  64 |
> 65 | function PlayerOverview() {
     |          ^^^^^^^^^^^^^^
  66 |   const { user } = useAuth();
  67 |   const { data: history = [] } = useMyReservations(true);
  68 |   const nonCancelled = history.filter((r) => r.status !== "CANCELLED");

Ecmascript file had an error

Generated code of loaders [@locator/webpack-loader] transform of file content of app/dashboard/_components/DashboardHome/components/SkillOverviewCard/SkillOverviewCard.tsx:
./app/dashboard/_components/DashboardHome/components/SkillOverviewCard/SkillOverviewCard.tsx:65:10
  63 | }
  64 |
> 65 | function PlayerOverview() {
     |          ^^^^^^^^^^^^^^
  66 |   const { user } = useAuth();
  67 |   const { data: history = [] } = useMyReservations(true);
  68 |   const nonCancelled = history.filter((r) => r.status !== "CANCELLED");

Import traces:
  Client Component Browser:
    ./app/dashboard/_components/DashboardHome/components/SkillOverviewCard/SkillOverviewCard.tsx [Client Component Browser]
    ./app/dashboard/_components/DashboardHome/DashboardHome.tsx [Client Component Browser]
    ./app/dashboard/page.tsx [Client Component Browser]
    ./app/dashboard/page.tsx [Server Component]

  Client Component SSR:
    ./app/dashboard/_components/DashboardHome/components/SkillOverviewCard/SkillOverviewCard.tsx [Client Component SSR]
    ./app/dashboard/_components/DashboardHome/DashboardHome.tsx [Client Component SSR]
    ./app/dashboard/page.tsx [Client Component SSR]
    ./app/dashboard/page.tsx [Server Component] @ http://localhost:3000/_next/static/chunks/node_modules_next_dist_1gdrd03._.js:1945
[ 1549517ms] [ERROR] ./app/dashboard/_components/DashboardHome/components/SkillOverviewCard/SkillOverviewCard.tsx:34:10
the name `OwnerOverview` is defined multiple times
  32 | }
  33 |
> 34 | function OwnerOverview() {
     |          ^^^^^^^^^^^^^
  35 |   const today = new Date();
  36 |   const from = subDays(today, OWNER_RANGE_DAYS - 1);
  37 |   const { data: days = [] } = useOwnerReservationSummary(from, today);

Ecmascript file had an error

Generated code of loaders [@locator/webpack-loader] transform of file content of app/dashboard/_components/DashboardHome/components/SkillOverviewCard/SkillOverviewCard.tsx:
./app/dashboard/_components/DashboardHome/components/SkillOverviewCard/SkillOverviewCard.tsx:34:10
  32 | }
  33 |
> 34 | function OwnerOverview() {
     |          ^^^^^^^^^^^^^
  35 |   const today = new Date();
  36 |   const from = subDays(today, OWNER_RANGE_DAYS - 1);
  37 |   const { data: days = [] } = useOwnerReservationSummary(from, today);

Import traces:
  Client Component Browser:
    ./app/dashboard/_components/DashboardHome/components/SkillOverviewCard/SkillOverviewCard.tsx [Client Component Browser]
    ./app/dashboard/_components/DashboardHome/DashboardHome.tsx [Client Component Browser]
    ./app/dashboard/page.tsx [Client Component Browser]
    ./app/dashboard/page.tsx [Server Component]

  Client Component SSR:
    ./app/dashboard/_components/DashboardHome/components/SkillOverviewCard/SkillOverviewCard.tsx [Client Component SSR]
    ./app/dashboard/_components/DashboardHome/DashboardHome.tsx [Client Component SSR]
    ./app/dashboard/page.tsx [Client Component SSR]
    ./app/dashboard/page.tsx [Server Component] @ http://localhost:3000/_next/static/chunks/node_modules_next_dist_1gdrd03._.js:1945
[ 1549517ms] [ERROR] ./app/dashboard/_components/DashboardHome/components/SkillOverviewCard/SkillOverviewCard.tsx:65:10
the name `PlayerOverview` is defined multiple times
  63 | }
  64 |
> 65 | function PlayerOverview() {
     |          ^^^^^^^^^^^^^^
  66 |   const { user } = useAuth();
  67 |   const { data: history = [] } = useMyReservations(true);
  68 |   const nonCancelled = history.filter((r) => r.status !== "CANCELLED");

Ecmascript file had an error

Generated code of loaders [@locator/webpack-loader] transform of file content of app/dashboard/_components/DashboardHome/components/SkillOverviewCard/SkillOverviewCard.tsx:
./app/dashboard/_components/DashboardHome/components/SkillOverviewCard/SkillOverviewCard.tsx:65:10
  63 | }
  64 |
> 65 | function PlayerOverview() {
     |          ^^^^^^^^^^^^^^
  66 |   const { user } = useAuth();
  67 |   const { data: history = [] } = useMyReservations(true);
  68 |   const nonCancelled = history.filter((r) => r.status !== "CANCELLED");

Import traces:
  Client Component Browser:
    ./app/dashboard/_components/DashboardHome/components/SkillOverviewCard/SkillOverviewCard.tsx [Client Component Browser]
    ./app/dashboard/_components/DashboardHome/DashboardHome.tsx [Client Component Browser]
    ./app/dashboard/page.tsx [Client Component Browser]
    ./app/dashboard/page.tsx [Server Component]

  Client Component SSR:
    ./app/dashboard/_components/DashboardHome/components/SkillOverviewCard/SkillOverviewCard.tsx [Client Component SSR]
    ./app/dashboard/_components/DashboardHome/DashboardHome.tsx [Client Component SSR]
    ./app/dashboard/page.tsx [Client Component SSR]
    ./app/dashboard/page.tsx [Server Component] @ http://localhost:3000/_next/static/chunks/node_modules_next_dist_1gdrd03._.js:1945
[ 1549597ms] [ERROR] ./app/dashboard/_components/DashboardHome/components/SkillOverviewCard/SkillOverviewCard.tsx:34:10
the name `OwnerOverview` is defined multiple times
  32 | }
  33 |
> 34 | function OwnerOverview() {
     |          ^^^^^^^^^^^^^
  35 |   const today = new Date();
  36 |   const from = subDays(today, OWNER_RANGE_DAYS - 1);
  37 |   const { data: days = [] } = useOwnerReservationSummary(from, today);

Ecmascript file had an error

Generated code of loaders [@locator/webpack-loader] transform of file content of app/dashboard/_components/DashboardHome/components/SkillOverviewCard/SkillOverviewCard.tsx:
./app/dashboard/_components/DashboardHome/components/SkillOverviewCard/SkillOverviewCard.tsx:34:10
  32 | }
  33 |
> 34 | function OwnerOverview() {
     |          ^^^^^^^^^^^^^
  35 |   const today = new Date();
  36 |   const from = subDays(today, OWNER_RANGE_DAYS - 1);
  37 |   const { data: days = [] } = useOwnerReservationSummary(from, today);

Import traces:
  Client Component Browser:
    ./app/dashboard/_components/DashboardHome/components/SkillOverviewCard/SkillOverviewCard.tsx [Client Component Browser]
    ./app/dashboard/_components/DashboardHome/DashboardHome.tsx [Client Component Browser]
    ./app/dashboard/page.tsx [Client Component Browser]
    ./app/dashboard/page.tsx [Server Component]

  Client Component SSR:
    ./app/dashboard/_components/DashboardHome/components/SkillOverviewCard/SkillOverviewCard.tsx [Client Component SSR]
    ./app/dashboard/_components/DashboardHome/DashboardHome.tsx [Client Component SSR]
    ./app/dashboard/page.tsx [Client Component SSR]
    ./app/dashboard/page.tsx [Server Component] @ http://localhost:3000/_next/static/chunks/node_modules_next_dist_1gdrd03._.js:1945
[ 1549597ms] [ERROR] ./app/dashboard/_components/DashboardHome/components/SkillOverviewCard/SkillOverviewCard.tsx:65:10
the name `PlayerOverview` is defined multiple times
  63 | }
  64 |
> 65 | function PlayerOverview() {
     |          ^^^^^^^^^^^^^^
  66 |   const { user } = useAuth();
  67 |   const { data: history = [] } = useMyReservations(true);
  68 |   const nonCancelled = history.filter((r) => r.status !== "CANCELLED");

Ecmascript file had an error

Generated code of loaders [@locator/webpack-loader] transform of file content of app/dashboard/_components/DashboardHome/components/SkillOverviewCard/SkillOverviewCard.tsx:
./app/dashboard/_components/DashboardHome/components/SkillOverviewCard/SkillOverviewCard.tsx:65:10
  63 | }
  64 |
> 65 | function PlayerOverview() {
     |          ^^^^^^^^^^^^^^
  66 |   const { user } = useAuth();
  67 |   const { data: history = [] } = useMyReservations(true);
  68 |   const nonCancelled = history.filter((r) => r.status !== "CANCELLED");

Import traces:
  Client Component Browser:
    ./app/dashboard/_components/DashboardHome/components/SkillOverviewCard/SkillOverviewCard.tsx [Client Component Browser]
    ./app/dashboard/_components/DashboardHome/DashboardHome.tsx [Client Component Browser]
    ./app/dashboard/page.tsx [Client Component Browser]
    ./app/dashboard/page.tsx [Server Component]

  Client Component SSR:
    ./app/dashboard/_components/DashboardHome/components/SkillOverviewCard/SkillOverviewCard.tsx [Client Component SSR]
    ./app/dashboard/_components/DashboardHome/DashboardHome.tsx [Client Component SSR]
    ./app/dashboard/page.tsx [Client Component SSR]
    ./app/dashboard/page.tsx [Server Component] @ http://localhost:3000/_next/static/chunks/node_modules_next_dist_1gdrd03._.js:1945
[ 1549675ms] [ERROR] ./app/dashboard/_components/DashboardHome/components/SkillOverviewCard/SkillOverviewCard.tsx:34:10
the name `OwnerOverview` is defined multiple times
  32 | }
  33 |
> 34 | function OwnerOverview() {
     |          ^^^^^^^^^^^^^
  35 |   const today = new Date();
  36 |   const from = subDays(today, OWNER_RANGE_DAYS - 1);
  37 |   const { data: days = [] } = useOwnerReservationSummary(from, today);

Ecmascript file had an error

Generated code of loaders [@locator/webpack-loader] transform of file content of app/dashboard/_components/DashboardHome/components/SkillOverviewCard/SkillOverviewCard.tsx:
./app/dashboard/_components/DashboardHome/components/SkillOverviewCard/SkillOverviewCard.tsx:34:10
  32 | }
  33 |
> 34 | function OwnerOverview() {
     |          ^^^^^^^^^^^^^
  35 |   const today = new Date();
  36 |   const from = subDays(today, OWNER_RANGE_DAYS - 1);
  37 |   const { data: days = [] } = useOwnerReservationSummary(from, today);

Import traces:
  Client Component Browser:
    ./app/dashboard/_components/DashboardHome/components/SkillOverviewCard/SkillOverviewCard.tsx [Client Component Browser]
    ./app/dashboard/_components/DashboardHome/DashboardHome.tsx [Client Component Browser]
    ./app/dashboard/page.tsx [Client Component Browser]
    ./app/dashboard/page.tsx [Server Component]

  Client Component SSR:
    ./app/dashboard/_components/DashboardHome/components/SkillOverviewCard/SkillOverviewCard.tsx [Client Component SSR]
    ./app/dashboard/_components/DashboardHome/DashboardHome.tsx [Client Component SSR]
    ./app/dashboard/page.tsx [Client Component SSR]
    ./app/dashboard/page.tsx [Server Component] @ http://localhost:3000/_next/static/chunks/node_modules_next_dist_1gdrd03._.js:1945
[ 1549675ms] [ERROR] ./app/dashboard/_components/DashboardHome/components/SkillOverviewCard/SkillOverviewCard.tsx:65:10
the name `PlayerOverview` is defined multiple times
  63 | }
  64 |
> 65 | function PlayerOverview() {
     |          ^^^^^^^^^^^^^^
  66 |   const { user } = useAuth();
  67 |   const { data: history = [] } = useMyReservations(true);
  68 |   const nonCancelled = history.filter((r) => r.status !== "CANCELLED");

Ecmascript file had an error

Generated code of loaders [@locator/webpack-loader] transform of file content of app/dashboard/_components/DashboardHome/components/SkillOverviewCard/SkillOverviewCard.tsx:
./app/dashboard/_components/DashboardHome/components/SkillOverviewCard/SkillOverviewCard.tsx:65:10
  63 | }
  64 |
> 65 | function PlayerOverview() {
     |          ^^^^^^^^^^^^^^
  66 |   const { user } = useAuth();
  67 |   const { data: history = [] } = useMyReservations(true);
  68 |   const nonCancelled = history.filter((r) => r.status !== "CANCELLED");

Import traces:
  Client Component Browser:
    ./app/dashboard/_components/DashboardHome/components/SkillOverviewCard/SkillOverviewCard.tsx [Client Component Browser]
    ./app/dashboard/_components/DashboardHome/DashboardHome.tsx [Client Component Browser]
    ./app/dashboard/page.tsx [Client Component Browser]
    ./app/dashboard/page.tsx [Server Component]

  Client Component SSR:
    ./app/dashboard/_components/DashboardHome/components/SkillOverviewCard/SkillOverviewCard.tsx [Client Component SSR]
    ./app/dashboard/_components/DashboardHome/DashboardHome.tsx [Client Component SSR]
    ./app/dashboard/page.tsx [Client Component SSR]
    ./app/dashboard/page.tsx [Server Component] @ http://localhost:3000/_next/static/chunks/node_modules_next_dist_1gdrd03._.js:1945
[ 1549753ms] [ERROR] ./app/dashboard/_components/DashboardHome/components/SkillOverviewCard/SkillOverviewCard.tsx:34:10
the name `OwnerOverview` is defined multiple times
  32 | }
  33 |
> 34 | function OwnerOverview() {
     |          ^^^^^^^^^^^^^
  35 |   const today = new Date();
  36 |   const from = subDays(today, OWNER_RANGE_DAYS - 1);
  37 |   const { data: days = [] } = useOwnerReservationSummary(from, today);

Ecmascript file had an error

Generated code of loaders [@locator/webpack-loader] transform of file content of app/dashboard/_components/DashboardHome/components/SkillOverviewCard/SkillOverviewCard.tsx:
./app/dashboard/_components/DashboardHome/components/SkillOverviewCard/SkillOverviewCard.tsx:34:10
  32 | }
  33 |
> 34 | function OwnerOverview() {
     |          ^^^^^^^^^^^^^
  35 |   const today = new Date();
  36 |   const from = subDays(today, OWNER_RANGE_DAYS - 1);
  37 |   const { data: days = [] } = useOwnerReservationSummary(from, today);

Import traces:
  Client Component Browser:
    ./app/dashboard/_components/DashboardHome/components/SkillOverviewCard/SkillOverviewCard.tsx [Client Component Browser]
    ./app/dashboard/_components/DashboardHome/DashboardHome.tsx [Client Component Browser]
    ./app/dashboard/page.tsx [Client Component Browser]
    ./app/dashboard/page.tsx [Server Component]

  Client Component SSR:
    ./app/dashboard/_components/DashboardHome/components/SkillOverviewCard/SkillOverviewCard.tsx [Client Component SSR]
    ./app/dashboard/_components/DashboardHome/DashboardHome.tsx [Client Component SSR]
    ./app/dashboard/page.tsx [Client Component SSR]
    ./app/dashboard/page.tsx [Server Component] @ http://localhost:3000/_next/static/chunks/node_modules_next_dist_1gdrd03._.js:1945
[ 1549753ms] [ERROR] ./app/dashboard/_components/DashboardHome/components/SkillOverviewCard/SkillOverviewCard.tsx:65:10
the name `PlayerOverview` is defined multiple times
  63 | }
  64 |
> 65 | function PlayerOverview() {
     |          ^^^^^^^^^^^^^^
  66 |   const { user } = useAuth();
  67 |   const { data: history = [] } = useMyReservations(true);
  68 |   const nonCancelled = history.filter((r) => r.status !== "CANCELLED");

Ecmascript file had an error

Generated code of loaders [@locator/webpack-loader] transform of file content of app/dashboard/_components/DashboardHome/components/SkillOverviewCard/SkillOverviewCard.tsx:
./app/dashboard/_components/DashboardHome/components/SkillOverviewCard/SkillOverviewCard.tsx:65:10
  63 | }
  64 |
> 65 | function PlayerOverview() {
     |          ^^^^^^^^^^^^^^
  66 |   const { user } = useAuth();
  67 |   const { data: history = [] } = useMyReservations(true);
  68 |   const nonCancelled = history.filter((r) => r.status !== "CANCELLED");

Import traces:
  Client Component Browser:
    ./app/dashboard/_components/DashboardHome/components/SkillOverviewCard/SkillOverviewCard.tsx [Client Component Browser]
    ./app/dashboard/_components/DashboardHome/DashboardHome.tsx [Client Component Browser]
    ./app/dashboard/page.tsx [Client Component Browser]
    ./app/dashboard/page.tsx [Server Component]

  Client Component SSR:
    ./app/dashboard/_components/DashboardHome/components/SkillOverviewCard/SkillOverviewCard.tsx [Client Component SSR]
    ./app/dashboard/_components/DashboardHome/DashboardHome.tsx [Client Component SSR]
    ./app/dashboard/page.tsx [Client Component SSR]
    ./app/dashboard/page.tsx [Server Component] @ http://localhost:3000/_next/static/chunks/node_modules_next_dist_1gdrd03._.js:1945
[ 1549830ms] [ERROR] ./app/dashboard/_components/DashboardHome/components/SkillOverviewCard/SkillOverviewCard.tsx:34:10
the name `OwnerOverview` is defined multiple times
  32 | }
  33 |
> 34 | function OwnerOverview() {
     |          ^^^^^^^^^^^^^
  35 |   const today = new Date();
  36 |   const from = subDays(today, OWNER_RANGE_DAYS - 1);
  37 |   const { data: days = [] } = useOwnerReservationSummary(from, today);

Ecmascript file had an error

Generated code of loaders [@locator/webpack-loader] transform of file content of app/dashboard/_components/DashboardHome/components/SkillOverviewCard/SkillOverviewCard.tsx:
./app/dashboard/_components/DashboardHome/components/SkillOverviewCard/SkillOverviewCard.tsx:34:10
  32 | }
  33 |
> 34 | function OwnerOverview() {
     |          ^^^^^^^^^^^^^
  35 |   const today = new Date();
  36 |   const from = subDays(today, OWNER_RANGE_DAYS - 1);
  37 |   const { data: days = [] } = useOwnerReservationSummary(from, today);

Import traces:
  Client Component Browser:
    ./app/dashboard/_components/DashboardHome/components/SkillOverviewCard/SkillOverviewCard.tsx [Client Component Browser]
    ./app/dashboard/_components/DashboardHome/DashboardHome.tsx [Client Component Browser]
    ./app/dashboard/page.tsx [Client Component Browser]
    ./app/dashboard/page.tsx [Server Component]

  Client Component SSR:
    ./app/dashboard/_components/DashboardHome/components/SkillOverviewCard/SkillOverviewCard.tsx [Client Component SSR]
    ./app/dashboard/_components/DashboardHome/DashboardHome.tsx [Client Component SSR]
    ./app/dashboard/page.tsx [Client Component SSR]
    ./app/dashboard/page.tsx [Server Component] @ http://localhost:3000/_next/static/chunks/node_modules_next_dist_1gdrd03._.js:1945
[ 1549831ms] [ERROR] ./app/dashboard/_components/DashboardHome/components/SkillOverviewCard/SkillOverviewCard.tsx:65:10
the name `PlayerOverview` is defined multiple times
  63 | }
  64 |
> 65 | function PlayerOverview() {
     |          ^^^^^^^^^^^^^^
  66 |   const { user } = useAuth();
  67 |   const { data: history = [] } = useMyReservations(true);
  68 |   const nonCancelled = history.filter((r) => r.status !== "CANCELLED");

Ecmascript file had an error

Generated code of loaders [@locator/webpack-loader] transform of file content of app/dashboard/_components/DashboardHome/components/SkillOverviewCard/SkillOverviewCard.tsx:
./app/dashboard/_components/DashboardHome/components/SkillOverviewCard/SkillOverviewCard.tsx:65:10
  63 | }
  64 |
> 65 | function PlayerOverview() {
     |          ^^^^^^^^^^^^^^
  66 |   const { user } = useAuth();
  67 |   const { data: history = [] } = useMyReservations(true);
  68 |   const nonCancelled = history.filter((r) => r.status !== "CANCELLED");

Import traces:
  Client Component Browser:
    ./app/dashboard/_components/DashboardHome/components/SkillOverviewCard/SkillOverviewCard.tsx [Client Component Browser]
    ./app/dashboard/_components/DashboardHome/DashboardHome.tsx [Client Component Browser]
    ./app/dashboard/page.tsx [Client Component Browser]
    ./app/dashboard/page.tsx [Server Component]

  Client Component SSR:
    ./app/dashboard/_components/DashboardHome/components/SkillOverviewCard/SkillOverviewCard.tsx [Client Component SSR]
    ./app/dashboard/_components/DashboardHome/DashboardHome.tsx [Client Component SSR]
    ./app/dashboard/page.tsx [Client Component SSR]
    ./app/dashboard/page.tsx [Server Component] @ http://localhost:3000/_next/static/chunks/node_modules_next_dist_1gdrd03._.js:1945
[ 1549893ms] [ERROR] ./app/dashboard/_components/DashboardHome/components/SkillOverviewCard/SkillOverviewCard.tsx:34:10
the name `OwnerOverview` is defined multiple times
  32 | }
  33 |
> 34 | function OwnerOverview() {
     |          ^^^^^^^^^^^^^
  35 |   const today = new Date();
  36 |   const from = subDays(today, OWNER_RANGE_DAYS - 1);
  37 |   const { data: days = [] } = useOwnerReservationSummary(from, today);

Ecmascript file had an error

Generated code of loaders [@locator/webpack-loader] transform of file content of app/dashboard/_components/DashboardHome/components/SkillOverviewCard/SkillOverviewCard.tsx:
./app/dashboard/_components/DashboardHome/components/SkillOverviewCard/SkillOverviewCard.tsx:34:10
  32 | }
  33 |
> 34 | function OwnerOverview() {
     |          ^^^^^^^^^^^^^
  35 |   const today = new Date();
  36 |   const from = subDays(today, OWNER_RANGE_DAYS - 1);
  37 |   const { data: days = [] } = useOwnerReservationSummary(from, today);

Import traces:
  Client Component Browser:
    ./app/dashboard/_components/DashboardHome/components/SkillOverviewCard/SkillOverviewCard.tsx [Client Component Browser]
    ./app/dashboard/_components/DashboardHome/DashboardHome.tsx [Client Component Browser]
    ./app/dashboard/page.tsx [Client Component Browser]
    ./app/dashboard/page.tsx [Server Component]

  Client Component SSR:
    ./app/dashboard/_components/DashboardHome/components/SkillOverviewCard/SkillOverviewCard.tsx [Client Component SSR]
    ./app/dashboard/_components/DashboardHome/DashboardHome.tsx [Client Component SSR]
    ./app/dashboard/page.tsx [Client Component SSR]
    ./app/dashboard/page.tsx [Server Component] @ http://localhost:3000/_next/static/chunks/node_modules_next_dist_1gdrd03._.js:1945
[ 1549893ms] [ERROR] ./app/dashboard/_components/DashboardHome/components/SkillOverviewCard/SkillOverviewCard.tsx:65:10
the name `PlayerOverview` is defined multiple times
  63 | }
  64 |
> 65 | function PlayerOverview() {
     |          ^^^^^^^^^^^^^^
  66 |   const { user } = useAuth();
  67 |   const { data: history = [] } = useMyReservations(true);
  68 |   const nonCancelled = history.filter((r) => r.status !== "CANCELLED");

Ecmascript file had an error

Generated code of loaders [@locator/webpack-loader] transform of file content of app/dashboard/_components/DashboardHome/components/SkillOverviewCard/SkillOverviewCard.tsx:
./app/dashboard/_components/DashboardHome/components/SkillOverviewCard/SkillOverviewCard.tsx:65:10
  63 | }
  64 |
> 65 | function PlayerOverview() {
     |          ^^^^^^^^^^^^^^
  66 |   const { user } = useAuth();
  67 |   const { data: history = [] } = useMyReservations(true);
  68 |   const nonCancelled = history.filter((r) => r.status !== "CANCELLED");

Import traces:
  Client Component Browser:
    ./app/dashboard/_components/DashboardHome/components/SkillOverviewCard/SkillOverviewCard.tsx [Client Component Browser]
    ./app/dashboard/_components/DashboardHome/DashboardHome.tsx [Client Component Browser]
    ./app/dashboard/page.tsx [Client Component Browser]
    ./app/dashboard/page.tsx [Server Component]

  Client Component SSR:
    ./app/dashboard/_components/DashboardHome/components/SkillOverviewCard/SkillOverviewCard.tsx [Client Component SSR]
    ./app/dashboard/_components/DashboardHome/DashboardHome.tsx [Client Component SSR]
    ./app/dashboard/page.tsx [Client Component SSR]
    ./app/dashboard/page.tsx [Server Component] @ http://localhost:3000/_next/static/chunks/node_modules_next_dist_1gdrd03._.js:1945
[ 1549955ms] [ERROR] ./app/dashboard/_components/DashboardHome/components/SkillOverviewCard/SkillOverviewCard.tsx:34:10
the name `OwnerOverview` is defined multiple times
  32 | }
  33 |
> 34 | function OwnerOverview() {
     |          ^^^^^^^^^^^^^
  35 |   const today = new Date();
  36 |   const from = subDays(today, OWNER_RANGE_DAYS - 1);
  37 |   const { data: days = [] } = useOwnerReservationSummary(from, today);

Ecmascript file had an error

Generated code of loaders [@locator/webpack-loader] transform of file content of app/dashboard/_components/DashboardHome/components/SkillOverviewCard/SkillOverviewCard.tsx:
./app/dashboard/_components/DashboardHome/components/SkillOverviewCard/SkillOverviewCard.tsx:34:10
  32 | }
  33 |
> 34 | function OwnerOverview() {
     |          ^^^^^^^^^^^^^
  35 |   const today = new Date();
  36 |   const from = subDays(today, OWNER_RANGE_DAYS - 1);
  37 |   const { data: days = [] } = useOwnerReservationSummary(from, today);

Import traces:
  Client Component Browser:
    ./app/dashboard/_components/DashboardHome/components/SkillOverviewCard/SkillOverviewCard.tsx [Client Component Browser]
    ./app/dashboard/_components/DashboardHome/DashboardHome.tsx [Client Component Browser]
    ./app/dashboard/page.tsx [Client Component Browser]
    ./app/dashboard/page.tsx [Server Component]

  Client Component SSR:
    ./app/dashboard/_components/DashboardHome/components/SkillOverviewCard/SkillOverviewCard.tsx [Client Component SSR]
    ./app/dashboard/_components/DashboardHome/DashboardHome.tsx [Client Component SSR]
    ./app/dashboard/page.tsx [Client Component SSR]
    ./app/dashboard/page.tsx [Server Component] @ http://localhost:3000/_next/static/chunks/node_modules_next_dist_1gdrd03._.js:1945
[ 1549955ms] [ERROR] ./app/dashboard/_components/DashboardHome/components/SkillOverviewCard/SkillOverviewCard.tsx:65:10
the name `PlayerOverview` is defined multiple times
  63 | }
  64 |
> 65 | function PlayerOverview() {
     |          ^^^^^^^^^^^^^^
  66 |   const { user } = useAuth();
  67 |   const { data: history = [] } = useMyReservations(true);
  68 |   const nonCancelled = history.filter((r) => r.status !== "CANCELLED");

Ecmascript file had an error

Generated code of loaders [@locator/webpack-loader] transform of file content of app/dashboard/_components/DashboardHome/components/SkillOverviewCard/SkillOverviewCard.tsx:
./app/dashboard/_components/DashboardHome/components/SkillOverviewCard/SkillOverviewCard.tsx:65:10
  63 | }
  64 |
> 65 | function PlayerOverview() {
     |          ^^^^^^^^^^^^^^
  66 |   const { user } = useAuth();
  67 |   const { data: history = [] } = useMyReservations(true);
  68 |   const nonCancelled = history.filter((r) => r.status !== "CANCELLED");

Import traces:
  Client Component Browser:
    ./app/dashboard/_components/DashboardHome/components/SkillOverviewCard/SkillOverviewCard.tsx [Client Component Browser]
    ./app/dashboard/_components/DashboardHome/DashboardHome.tsx [Client Component Browser]
    ./app/dashboard/page.tsx [Client Component Browser]
    ./app/dashboard/page.tsx [Server Component]

  Client Component SSR:
    ./app/dashboard/_components/DashboardHome/components/SkillOverviewCard/SkillOverviewCard.tsx [Client Component SSR]
    ./app/dashboard/_components/DashboardHome/DashboardHome.tsx [Client Component SSR]
    ./app/dashboard/page.tsx [Client Component SSR]
    ./app/dashboard/page.tsx [Server Component] @ http://localhost:3000/_next/static/chunks/node_modules_next_dist_1gdrd03._.js:1945
[ 1550035ms] [ERROR] ./app/dashboard/_components/DashboardHome/components/SkillOverviewCard/SkillOverviewCard.tsx:34:10
the name `OwnerOverview` is defined multiple times
  32 | }
  33 |
> 34 | function OwnerOverview() {
     |          ^^^^^^^^^^^^^
  35 |   const today = new Date();
  36 |   const from = subDays(today, OWNER_RANGE_DAYS - 1);
  37 |   const { data: days = [] } = useOwnerReservationSummary(from, today);

Ecmascript file had an error

Generated code of loaders [@locator/webpack-loader] transform of file content of app/dashboard/_components/DashboardHome/components/SkillOverviewCard/SkillOverviewCard.tsx:
./app/dashboard/_components/DashboardHome/components/SkillOverviewCard/SkillOverviewCard.tsx:34:10
  32 | }
  33 |
> 34 | function OwnerOverview() {
     |          ^^^^^^^^^^^^^
  35 |   const today = new Date();
  36 |   const from = subDays(today, OWNER_RANGE_DAYS - 1);
  37 |   const { data: days = [] } = useOwnerReservationSummary(from, today);

Import traces:
  Client Component Browser:
    ./app/dashboard/_components/DashboardHome/components/SkillOverviewCard/SkillOverviewCard.tsx [Client Component Browser]
    ./app/dashboard/_components/DashboardHome/DashboardHome.tsx [Client Component Browser]
    ./app/dashboard/page.tsx [Client Component Browser]
    ./app/dashboard/page.tsx [Server Component]

  Client Component SSR:
    ./app/dashboard/_components/DashboardHome/components/SkillOverviewCard/SkillOverviewCard.tsx [Client Component SSR]
    ./app/dashboard/_components/DashboardHome/DashboardHome.tsx [Client Component SSR]
    ./app/dashboard/page.tsx [Client Component SSR]
    ./app/dashboard/page.tsx [Server Component] @ http://localhost:3000/_next/static/chunks/node_modules_next_dist_1gdrd03._.js:1945
[ 1550035ms] [ERROR] ./app/dashboard/_components/DashboardHome/components/SkillOverviewCard/SkillOverviewCard.tsx:65:10
the name `PlayerOverview` is defined multiple times
  63 | }
  64 |
> 65 | function PlayerOverview() {
     |          ^^^^^^^^^^^^^^
  66 |   const { user } = useAuth();
  67 |   const { data: history = [] } = useMyReservations(true);
  68 |   const nonCancelled = history.filter((r) => r.status !== "CANCELLED");

Ecmascript file had an error

Generated code of loaders [@locator/webpack-loader] transform of file content of app/dashboard/_components/DashboardHome/components/SkillOverviewCard/SkillOverviewCard.tsx:
./app/dashboard/_components/DashboardHome/components/SkillOverviewCard/SkillOverviewCard.tsx:65:10
  63 | }
  64 |
> 65 | function PlayerOverview() {
     |          ^^^^^^^^^^^^^^
  66 |   const { user } = useAuth();
  67 |   const { data: history = [] } = useMyReservations(true);
  68 |   const nonCancelled = history.filter((r) => r.status !== "CANCELLED");

Import traces:
  Client Component Browser:
    ./app/dashboard/_components/DashboardHome/components/SkillOverviewCard/SkillOverviewCard.tsx [Client Component Browser]
    ./app/dashboard/_components/DashboardHome/DashboardHome.tsx [Client Component Browser]
    ./app/dashboard/page.tsx [Client Component Browser]
    ./app/dashboard/page.tsx [Server Component]

  Client Component SSR:
    ./app/dashboard/_components/DashboardHome/components/SkillOverviewCard/SkillOverviewCard.tsx [Client Component SSR]
    ./app/dashboard/_components/DashboardHome/DashboardHome.tsx [Client Component SSR]
    ./app/dashboard/page.tsx [Client Component SSR]
    ./app/dashboard/page.tsx [Server Component] @ http://localhost:3000/_next/static/chunks/node_modules_next_dist_1gdrd03._.js:1945
[ 1550113ms] [ERROR] ./app/dashboard/_components/DashboardHome/components/SkillOverviewCard/SkillOverviewCard.tsx:34:10
the name `OwnerOverview` is defined multiple times
  32 | }
  33 |
> 34 | function OwnerOverview() {
     |          ^^^^^^^^^^^^^
  35 |   const today = new Date();
  36 |   const from = subDays(today, OWNER_RANGE_DAYS - 1);
  37 |   const { data: days = [] } = useOwnerReservationSummary(from, today);

Ecmascript file had an error

Generated code of loaders [@locator/webpack-loader] transform of file content of app/dashboard/_components/DashboardHome/components/SkillOverviewCard/SkillOverviewCard.tsx:
./app/dashboard/_components/DashboardHome/components/SkillOverviewCard/SkillOverviewCard.tsx:34:10
  32 | }
  33 |
> 34 | function OwnerOverview() {
     |          ^^^^^^^^^^^^^
  35 |   const today = new Date();
  36 |   const from = subDays(today, OWNER_RANGE_DAYS - 1);
  37 |   const { data: days = [] } = useOwnerReservationSummary(from, today);

Import traces:
  Client Component Browser:
    ./app/dashboard/_components/DashboardHome/components/SkillOverviewCard/SkillOverviewCard.tsx [Client Component Browser]
    ./app/dashboard/_components/DashboardHome/DashboardHome.tsx [Client Component Browser]
    ./app/dashboard/page.tsx [Client Component Browser]
    ./app/dashboard/page.tsx [Server Component]

  Client Component SSR:
    ./app/dashboard/_components/DashboardHome/components/SkillOverviewCard/SkillOverviewCard.tsx [Client Component SSR]
    ./app/dashboard/_components/DashboardHome/DashboardHome.tsx [Client Component SSR]
    ./app/dashboard/page.tsx [Client Component SSR]
    ./app/dashboard/page.tsx [Server Component] @ http://localhost:3000/_next/static/chunks/node_modules_next_dist_1gdrd03._.js:1945
[ 1550113ms] [ERROR] ./app/dashboard/_components/DashboardHome/components/SkillOverviewCard/SkillOverviewCard.tsx:65:10
the name `PlayerOverview` is defined multiple times
  63 | }
  64 |
> 65 | function PlayerOverview() {
     |          ^^^^^^^^^^^^^^
  66 |   const { user } = useAuth();
  67 |   const { data: history = [] } = useMyReservations(true);
  68 |   const nonCancelled = history.filter((r) => r.status !== "CANCELLED");

Ecmascript file had an error

Generated code of loaders [@locator/webpack-loader] transform of file content of app/dashboard/_components/DashboardHome/components/SkillOverviewCard/SkillOverviewCard.tsx:
./app/dashboard/_components/DashboardHome/components/SkillOverviewCard/SkillOverviewCard.tsx:65:10
  63 | }
  64 |
> 65 | function PlayerOverview() {
     |          ^^^^^^^^^^^^^^
  66 |   const { user } = useAuth();
  67 |   const { data: history = [] } = useMyReservations(true);
  68 |   const nonCancelled = history.filter((r) => r.status !== "CANCELLED");

Import traces:
  Client Component Browser:
    ./app/dashboard/_components/DashboardHome/components/SkillOverviewCard/SkillOverviewCard.tsx [Client Component Browser]
    ./app/dashboard/_components/DashboardHome/DashboardHome.tsx [Client Component Browser]
    ./app/dashboard/page.tsx [Client Component Browser]
    ./app/dashboard/page.tsx [Server Component]

  Client Component SSR:
    ./app/dashboard/_components/DashboardHome/components/SkillOverviewCard/SkillOverviewCard.tsx [Client Component SSR]
    ./app/dashboard/_components/DashboardHome/DashboardHome.tsx [Client Component SSR]
    ./app/dashboard/page.tsx [Client Component SSR]
    ./app/dashboard/page.tsx [Server Component] @ http://localhost:3000/_next/static/chunks/node_modules_next_dist_1gdrd03._.js:1945
[ 1550175ms] [ERROR] ./app/dashboard/_components/DashboardHome/components/SkillOverviewCard/SkillOverviewCard.tsx:34:10
the name `OwnerOverview` is defined multiple times
  32 | }
  33 |
> 34 | function OwnerOverview() {
     |          ^^^^^^^^^^^^^
  35 |   const today = new Date();
  36 |   const from = subDays(today, OWNER_RANGE_DAYS - 1);
  37 |   const { data: days = [] } = useOwnerReservationSummary(from, today);

Ecmascript file had an error

Generated code of loaders [@locator/webpack-loader] transform of file content of app/dashboard/_components/DashboardHome/components/SkillOverviewCard/SkillOverviewCard.tsx:
./app/dashboard/_components/DashboardHome/components/SkillOverviewCard/SkillOverviewCard.tsx:34:10
  32 | }
  33 |
> 34 | function OwnerOverview() {
     |          ^^^^^^^^^^^^^
  35 |   const today = new Date();
  36 |   const from = subDays(today, OWNER_RANGE_DAYS - 1);
  37 |   const { data: days = [] } = useOwnerReservationSummary(from, today);

Import traces:
  Client Component Browser:
    ./app/dashboard/_components/DashboardHome/components/SkillOverviewCard/SkillOverviewCard.tsx [Client Component Browser]
    ./app/dashboard/_components/DashboardHome/DashboardHome.tsx [Client Component Browser]
    ./app/dashboard/page.tsx [Client Component Browser]
    ./app/dashboard/page.tsx [Server Component]

  Client Component SSR:
    ./app/dashboard/_components/DashboardHome/components/SkillOverviewCard/SkillOverviewCard.tsx [Client Component SSR]
    ./app/dashboard/_components/DashboardHome/DashboardHome.tsx [Client Component SSR]
    ./app/dashboard/page.tsx [Client Component SSR]
    ./app/dashboard/page.tsx [Server Component] @ http://localhost:3000/_next/static/chunks/node_modules_next_dist_1gdrd03._.js:1945
[ 1550176ms] [ERROR] ./app/dashboard/_components/DashboardHome/components/SkillOverviewCard/SkillOverviewCard.tsx:65:10
the name `PlayerOverview` is defined multiple times
  63 | }
  64 |
> 65 | function PlayerOverview() {
     |          ^^^^^^^^^^^^^^
  66 |   const { user } = useAuth();
  67 |   const { data: history = [] } = useMyReservations(true);
  68 |   const nonCancelled = history.filter((r) => r.status !== "CANCELLED");

Ecmascript file had an error

Generated code of loaders [@locator/webpack-loader] transform of file content of app/dashboard/_components/DashboardHome/components/SkillOverviewCard/SkillOverviewCard.tsx:
./app/dashboard/_components/DashboardHome/components/SkillOverviewCard/SkillOverviewCard.tsx:65:10
  63 | }
  64 |
> 65 | function PlayerOverview() {
     |          ^^^^^^^^^^^^^^
  66 |   const { user } = useAuth();
  67 |   const { data: history = [] } = useMyReservations(true);
  68 |   const nonCancelled = history.filter((r) => r.status !== "CANCELLED");

Import traces:
  Client Component Browser:
    ./app/dashboard/_components/DashboardHome/components/SkillOverviewCard/SkillOverviewCard.tsx [Client Component Browser]
    ./app/dashboard/_components/DashboardHome/DashboardHome.tsx [Client Component Browser]
    ./app/dashboard/page.tsx [Client Component Browser]
    ./app/dashboard/page.tsx [Server Component]

  Client Component SSR:
    ./app/dashboard/_components/DashboardHome/components/SkillOverviewCard/SkillOverviewCard.tsx [Client Component SSR]
    ./app/dashboard/_components/DashboardHome/DashboardHome.tsx [Client Component SSR]
    ./app/dashboard/page.tsx [Client Component SSR]
    ./app/dashboard/page.tsx [Server Component] @ http://localhost:3000/_next/static/chunks/node_modules_next_dist_1gdrd03._.js:1945
[ 1550237ms] [ERROR] ./app/dashboard/_components/DashboardHome/components/SkillOverviewCard/SkillOverviewCard.tsx:34:10
the name `OwnerOverview` is defined multiple times
  32 | }
  33 |
> 34 | function OwnerOverview() {
     |          ^^^^^^^^^^^^^
  35 |   const today = new Date();
  36 |   const from = subDays(today, OWNER_RANGE_DAYS - 1);
  37 |   const { data: days = [] } = useOwnerReservationSummary(from, today);

Ecmascript file had an error

Generated code of loaders [@locator/webpack-loader] transform of file content of app/dashboard/_components/DashboardHome/components/SkillOverviewCard/SkillOverviewCard.tsx:
./app/dashboard/_components/DashboardHome/components/SkillOverviewCard/SkillOverviewCard.tsx:34:10
  32 | }
  33 |
> 34 | function OwnerOverview() {
     |          ^^^^^^^^^^^^^
  35 |   const today = new Date();
  36 |   const from = subDays(today, OWNER_RANGE_DAYS - 1);
  37 |   const { data: days = [] } = useOwnerReservationSummary(from, today);

Import traces:
  Client Component Browser:
    ./app/dashboard/_components/DashboardHome/components/SkillOverviewCard/SkillOverviewCard.tsx [Client Component Browser]
    ./app/dashboard/_components/DashboardHome/DashboardHome.tsx [Client Component Browser]
    ./app/dashboard/page.tsx [Client Component Browser]
    ./app/dashboard/page.tsx [Server Component]

  Client Component SSR:
    ./app/dashboard/_components/DashboardHome/components/SkillOverviewCard/SkillOverviewCard.tsx [Client Component SSR]
    ./app/dashboard/_components/DashboardHome/DashboardHome.tsx [Client Component SSR]
    ./app/dashboard/page.tsx [Client Component SSR]
    ./app/dashboard/page.tsx [Server Component] @ http://localhost:3000/_next/static/chunks/node_modules_next_dist_1gdrd03._.js:1945
[ 1550237ms] [ERROR] ./app/dashboard/_components/DashboardHome/components/SkillOverviewCard/SkillOverviewCard.tsx:65:10
the name `PlayerOverview` is defined multiple times
  63 | }
  64 |
> 65 | function PlayerOverview() {
     |          ^^^^^^^^^^^^^^
  66 |   const { user } = useAuth();
  67 |   const { data: history = [] } = useMyReservations(true);
  68 |   const nonCancelled = history.filter((r) => r.status !== "CANCELLED");

Ecmascript file had an error

Generated code of loaders [@locator/webpack-loader] transform of file content of app/dashboard/_components/DashboardHome/components/SkillOverviewCard/SkillOverviewCard.tsx:
./app/dashboard/_components/DashboardHome/components/SkillOverviewCard/SkillOverviewCard.tsx:65:10
  63 | }
  64 |
> 65 | function PlayerOverview() {
     |          ^^^^^^^^^^^^^^
  66 |   const { user } = useAuth();
  67 |   const { data: history = [] } = useMyReservations(true);
  68 |   const nonCancelled = history.filter((r) => r.status !== "CANCELLED");

Import traces:
  Client Component Browser:
    ./app/dashboard/_components/DashboardHome/components/SkillOverviewCard/SkillOverviewCard.tsx [Client Component Browser]
    ./app/dashboard/_components/DashboardHome/DashboardHome.tsx [Client Component Browser]
    ./app/dashboard/page.tsx [Client Component Browser]
    ./app/dashboard/page.tsx [Server Component]

  Client Component SSR:
    ./app/dashboard/_components/DashboardHome/components/SkillOverviewCard/SkillOverviewCard.tsx [Client Component SSR]
    ./app/dashboard/_components/DashboardHome/DashboardHome.tsx [Client Component SSR]
    ./app/dashboard/page.tsx [Client Component SSR]
    ./app/dashboard/page.tsx [Server Component] @ http://localhost:3000/_next/static/chunks/node_modules_next_dist_1gdrd03._.js:1945
[ 1550313ms] [ERROR] ./app/dashboard/_components/DashboardHome/components/SkillOverviewCard/SkillOverviewCard.tsx:34:10
the name `OwnerOverview` is defined multiple times
  32 | }
  33 |
> 34 | function OwnerOverview() {
     |          ^^^^^^^^^^^^^
  35 |   const today = new Date();
  36 |   const from = subDays(today, OWNER_RANGE_DAYS - 1);
  37 |   const { data: days = [] } = useOwnerReservationSummary(from, today);

Ecmascript file had an error

Generated code of loaders [@locator/webpack-loader] transform of file content of app/dashboard/_components/DashboardHome/components/SkillOverviewCard/SkillOverviewCard.tsx:
./app/dashboard/_components/DashboardHome/components/SkillOverviewCard/SkillOverviewCard.tsx:34:10
  32 | }
  33 |
> 34 | function OwnerOverview() {
     |          ^^^^^^^^^^^^^
  35 |   const today = new Date();
  36 |   const from = subDays(today, OWNER_RANGE_DAYS - 1);
  37 |   const { data: days = [] } = useOwnerReservationSummary(from, today);

Import traces:
  Client Component Browser:
    ./app/dashboard/_components/DashboardHome/components/SkillOverviewCard/SkillOverviewCard.tsx [Client Component Browser]
    ./app/dashboard/_components/DashboardHome/DashboardHome.tsx [Client Component Browser]
    ./app/dashboard/page.tsx [Client Component Browser]
    ./app/dashboard/page.tsx [Server Component]

  Client Component SSR:
    ./app/dashboard/_components/DashboardHome/components/SkillOverviewCard/SkillOverviewCard.tsx [Client Component SSR]
    ./app/dashboard/_components/DashboardHome/DashboardHome.tsx [Client Component SSR]
    ./app/dashboard/page.tsx [Client Component SSR]
    ./app/dashboard/page.tsx [Server Component] @ http://localhost:3000/_next/static/chunks/node_modules_next_dist_1gdrd03._.js:1945
[ 1550313ms] [ERROR] ./app/dashboard/_components/DashboardHome/components/SkillOverviewCard/SkillOverviewCard.tsx:65:10
the name `PlayerOverview` is defined multiple times
  63 | }
  64 |
> 65 | function PlayerOverview() {
     |          ^^^^^^^^^^^^^^
  66 |   const { user } = useAuth();
  67 |   const { data: history = [] } = useMyReservations(true);
  68 |   const nonCancelled = history.filter((r) => r.status !== "CANCELLED");

Ecmascript file had an error

Generated code of loaders [@locator/webpack-loader] transform of file content of app/dashboard/_components/DashboardHome/components/SkillOverviewCard/SkillOverviewCard.tsx:
./app/dashboard/_components/DashboardHome/components/SkillOverviewCard/SkillOverviewCard.tsx:65:10
  63 | }
  64 |
> 65 | function PlayerOverview() {
     |          ^^^^^^^^^^^^^^
  66 |   const { user } = useAuth();
  67 |   const { data: history = [] } = useMyReservations(true);
  68 |   const nonCancelled = history.filter((r) => r.status !== "CANCELLED");

Import traces:
  Client Component Browser:
    ./app/dashboard/_components/DashboardHome/components/SkillOverviewCard/SkillOverviewCard.tsx [Client Component Browser]
    ./app/dashboard/_components/DashboardHome/DashboardHome.tsx [Client Component Browser]
    ./app/dashboard/page.tsx [Client Component Browser]
    ./app/dashboard/page.tsx [Server Component]

  Client Component SSR:
    ./app/dashboard/_components/DashboardHome/components/SkillOverviewCard/SkillOverviewCard.tsx [Client Component SSR]
    ./app/dashboard/_components/DashboardHome/DashboardHome.tsx [Client Component SSR]
    ./app/dashboard/page.tsx [Client Component SSR]
    ./app/dashboard/page.tsx [Server Component] @ http://localhost:3000/_next/static/chunks/node_modules_next_dist_1gdrd03._.js:1945
[ 1550375ms] [ERROR] ./app/dashboard/_components/DashboardHome/components/SkillOverviewCard/SkillOverviewCard.tsx:34:10
the name `OwnerOverview` is defined multiple times
  32 | }
  33 |
> 34 | function OwnerOverview() {
     |          ^^^^^^^^^^^^^
  35 |   const today = new Date();
  36 |   const from = subDays(today, OWNER_RANGE_DAYS - 1);
  37 |   const { data: days = [] } = useOwnerReservationSummary(from, today);

Ecmascript file had an error

Generated code of loaders [@locator/webpack-loader] transform of file content of app/dashboard/_components/DashboardHome/components/SkillOverviewCard/SkillOverviewCard.tsx:
./app/dashboard/_components/DashboardHome/components/SkillOverviewCard/SkillOverviewCard.tsx:34:10
  32 | }
  33 |
> 34 | function OwnerOverview() {
     |          ^^^^^^^^^^^^^
  35 |   const today = new Date();
  36 |   const from = subDays(today, OWNER_RANGE_DAYS - 1);
  37 |   const { data: days = [] } = useOwnerReservationSummary(from, today);

Import traces:
  Client Component Browser:
    ./app/dashboard/_components/DashboardHome/components/SkillOverviewCard/SkillOverviewCard.tsx [Client Component Browser]
    ./app/dashboard/_components/DashboardHome/DashboardHome.tsx [Client Component Browser]
    ./app/dashboard/page.tsx [Client Component Browser]
    ./app/dashboard/page.tsx [Server Component]

  Client Component SSR:
    ./app/dashboard/_components/DashboardHome/components/SkillOverviewCard/SkillOverviewCard.tsx [Client Component SSR]
    ./app/dashboard/_components/DashboardHome/DashboardHome.tsx [Client Component SSR]
    ./app/dashboard/page.tsx [Client Component SSR]
    ./app/dashboard/page.tsx [Server Component] @ http://localhost:3000/_next/static/chunks/node_modules_next_dist_1gdrd03._.js:1945
[ 1550375ms] [ERROR] ./app/dashboard/_components/DashboardHome/components/SkillOverviewCard/SkillOverviewCard.tsx:65:10
the name `PlayerOverview` is defined multiple times
  63 | }
  64 |
> 65 | function PlayerOverview() {
     |          ^^^^^^^^^^^^^^
  66 |   const { user } = useAuth();
  67 |   const { data: history = [] } = useMyReservations(true);
  68 |   const nonCancelled = history.filter((r) => r.status !== "CANCELLED");

Ecmascript file had an error

Generated code of loaders [@locator/webpack-loader] transform of file content of app/dashboard/_components/DashboardHome/components/SkillOverviewCard/SkillOverviewCard.tsx:
./app/dashboard/_components/DashboardHome/components/SkillOverviewCard/SkillOverviewCard.tsx:65:10
  63 | }
  64 |
> 65 | function PlayerOverview() {
     |          ^^^^^^^^^^^^^^
  66 |   const { user } = useAuth();
  67 |   const { data: history = [] } = useMyReservations(true);
  68 |   const nonCancelled = history.filter((r) => r.status !== "CANCELLED");

Import traces:
  Client Component Browser:
    ./app/dashboard/_components/DashboardHome/components/SkillOverviewCard/SkillOverviewCard.tsx [Client Component Browser]
    ./app/dashboard/_components/DashboardHome/DashboardHome.tsx [Client Component Browser]
    ./app/dashboard/page.tsx [Client Component Browser]
    ./app/dashboard/page.tsx [Server Component]

  Client Component SSR:
    ./app/dashboard/_components/DashboardHome/components/SkillOverviewCard/SkillOverviewCard.tsx [Client Component SSR]
    ./app/dashboard/_components/DashboardHome/DashboardHome.tsx [Client Component SSR]
    ./app/dashboard/page.tsx [Client Component SSR]
    ./app/dashboard/page.tsx [Server Component] @ http://localhost:3000/_next/static/chunks/node_modules_next_dist_1gdrd03._.js:1945
[ 1550452ms] [ERROR] ./app/dashboard/_components/DashboardHome/components/SkillOverviewCard/SkillOverviewCard.tsx:34:10
the name `OwnerOverview` is defined multiple times
  32 | }
  33 |
> 34 | function OwnerOverview() {
     |          ^^^^^^^^^^^^^
  35 |   const today = new Date();
  36 |   const from = subDays(today, OWNER_RANGE_DAYS - 1);
  37 |   const { data: days = [] } = useOwnerReservationSummary(from, today);

Ecmascript file had an error

Generated code of loaders [@locator/webpack-loader] transform of file content of app/dashboard/_components/DashboardHome/components/SkillOverviewCard/SkillOverviewCard.tsx:
./app/dashboard/_components/DashboardHome/components/SkillOverviewCard/SkillOverviewCard.tsx:34:10
  32 | }
  33 |
> 34 | function OwnerOverview() {
     |          ^^^^^^^^^^^^^
  35 |   const today = new Date();
  36 |   const from = subDays(today, OWNER_RANGE_DAYS - 1);
  37 |   const { data: days = [] } = useOwnerReservationSummary(from, today);

Import traces:
  Client Component Browser:
    ./app/dashboard/_components/DashboardHome/components/SkillOverviewCard/SkillOverviewCard.tsx [Client Component Browser]
    ./app/dashboard/_components/DashboardHome/DashboardHome.tsx [Client Component Browser]
    ./app/dashboard/page.tsx [Client Component Browser]
    ./app/dashboard/page.tsx [Server Component]

  Client Component SSR:
    ./app/dashboard/_components/DashboardHome/components/SkillOverviewCard/SkillOverviewCard.tsx [Client Component SSR]
    ./app/dashboard/_components/DashboardHome/DashboardHome.tsx [Client Component SSR]
    ./app/dashboard/page.tsx [Client Component SSR]
    ./app/dashboard/page.tsx [Server Component] @ http://localhost:3000/_next/static/chunks/node_modules_next_dist_1gdrd03._.js:1945
[ 1550452ms] [ERROR] ./app/dashboard/_components/DashboardHome/components/SkillOverviewCard/SkillOverviewCard.tsx:65:10
the name `PlayerOverview` is defined multiple times
  63 | }
  64 |
> 65 | function PlayerOverview() {
     |          ^^^^^^^^^^^^^^
  66 |   const { user } = useAuth();
  67 |   const { data: history = [] } = useMyReservations(true);
  68 |   const nonCancelled = history.filter((r) => r.status !== "CANCELLED");

Ecmascript file had an error

Generated code of loaders [@locator/webpack-loader] transform of file content of app/dashboard/_components/DashboardHome/components/SkillOverviewCard/SkillOverviewCard.tsx:
./app/dashboard/_components/DashboardHome/components/SkillOverviewCard/SkillOverviewCard.tsx:65:10
  63 | }
  64 |
> 65 | function PlayerOverview() {
     |          ^^^^^^^^^^^^^^
  66 |   const { user } = useAuth();
  67 |   const { data: history = [] } = useMyReservations(true);
  68 |   const nonCancelled = history.filter((r) => r.status !== "CANCELLED");

Import traces:
  Client Component Browser:
    ./app/dashboard/_components/DashboardHome/components/SkillOverviewCard/SkillOverviewCard.tsx [Client Component Browser]
    ./app/dashboard/_components/DashboardHome/DashboardHome.tsx [Client Component Browser]
    ./app/dashboard/page.tsx [Client Component Browser]
    ./app/dashboard/page.tsx [Server Component]

  Client Component SSR:
    ./app/dashboard/_components/DashboardHome/components/SkillOverviewCard/SkillOverviewCard.tsx [Client Component SSR]
    ./app/dashboard/_components/DashboardHome/DashboardHome.tsx [Client Component SSR]
    ./app/dashboard/page.tsx [Client Component SSR]
    ./app/dashboard/page.tsx [Server Component] @ http://localhost:3000/_next/static/chunks/node_modules_next_dist_1gdrd03._.js:1945
[ 1550514ms] [ERROR] ./app/dashboard/_components/DashboardHome/components/SkillOverviewCard/SkillOverviewCard.tsx:34:10
the name `OwnerOverview` is defined multiple times
  32 | }
  33 |
> 34 | function OwnerOverview() {
     |          ^^^^^^^^^^^^^
  35 |   const today = new Date();
  36 |   const from = subDays(today, OWNER_RANGE_DAYS - 1);
  37 |   const { data: days = [] } = useOwnerReservationSummary(from, today);

Ecmascript file had an error

Generated code of loaders [@locator/webpack-loader] transform of file content of app/dashboard/_components/DashboardHome/components/SkillOverviewCard/SkillOverviewCard.tsx:
./app/dashboard/_components/DashboardHome/components/SkillOverviewCard/SkillOverviewCard.tsx:34:10
  32 | }
  33 |
> 34 | function OwnerOverview() {
     |          ^^^^^^^^^^^^^
  35 |   const today = new Date();
  36 |   const from = subDays(today, OWNER_RANGE_DAYS - 1);
  37 |   const { data: days = [] } = useOwnerReservationSummary(from, today);

Import traces:
  Client Component Browser:
    ./app/dashboard/_components/DashboardHome/components/SkillOverviewCard/SkillOverviewCard.tsx [Client Component Browser]
    ./app/dashboard/_components/DashboardHome/DashboardHome.tsx [Client Component Browser]
    ./app/dashboard/page.tsx [Client Component Browser]
    ./app/dashboard/page.tsx [Server Component]

  Client Component SSR:
    ./app/dashboard/_components/DashboardHome/components/SkillOverviewCard/SkillOverviewCard.tsx [Client Component SSR]
    ./app/dashboard/_components/DashboardHome/DashboardHome.tsx [Client Component SSR]
    ./app/dashboard/page.tsx [Client Component SSR]
    ./app/dashboard/page.tsx [Server Component] @ http://localhost:3000/_next/static/chunks/node_modules_next_dist_1gdrd03._.js:1945
[ 1550514ms] [ERROR] ./app/dashboard/_components/DashboardHome/components/SkillOverviewCard/SkillOverviewCard.tsx:65:10
the name `PlayerOverview` is defined multiple times
  63 | }
  64 |
> 65 | function PlayerOverview() {
     |          ^^^^^^^^^^^^^^
  66 |   const { user } = useAuth();
  67 |   const { data: history = [] } = useMyReservations(true);
  68 |   const nonCancelled = history.filter((r) => r.status !== "CANCELLED");

Ecmascript file had an error

Generated code of loaders [@locator/webpack-loader] transform of file content of app/dashboard/_components/DashboardHome/components/SkillOverviewCard/SkillOverviewCard.tsx:
./app/dashboard/_components/DashboardHome/components/SkillOverviewCard/SkillOverviewCard.tsx:65:10
  63 | }
  64 |
> 65 | function PlayerOverview() {
     |          ^^^^^^^^^^^^^^
  66 |   const { user } = useAuth();
  67 |   const { data: history = [] } = useMyReservations(true);
  68 |   const nonCancelled = history.filter((r) => r.status !== "CANCELLED");

Import traces:
  Client Component Browser:
    ./app/dashboard/_components/DashboardHome/components/SkillOverviewCard/SkillOverviewCard.tsx [Client Component Browser]
    ./app/dashboard/_components/DashboardHome/DashboardHome.tsx [Client Component Browser]
    ./app/dashboard/page.tsx [Client Component Browser]
    ./app/dashboard/page.tsx [Server Component]

  Client Component SSR:
    ./app/dashboard/_components/DashboardHome/components/SkillOverviewCard/SkillOverviewCard.tsx [Client Component SSR]
    ./app/dashboard/_components/DashboardHome/DashboardHome.tsx [Client Component SSR]
    ./app/dashboard/page.tsx [Client Component SSR]
    ./app/dashboard/page.tsx [Server Component] @ http://localhost:3000/_next/static/chunks/node_modules_next_dist_1gdrd03._.js:1945
[ 1550578ms] [ERROR] ./app/dashboard/_components/DashboardHome/components/SkillOverviewCard/SkillOverviewCard.tsx:34:10
the name `OwnerOverview` is defined multiple times
  32 | }
  33 |
> 34 | function OwnerOverview() {
     |          ^^^^^^^^^^^^^
  35 |   const today = new Date();
  36 |   const from = subDays(today, OWNER_RANGE_DAYS - 1);
  37 |   const { data: days = [] } = useOwnerReservationSummary(from, today);

Ecmascript file had an error

Generated code of loaders [@locator/webpack-loader] transform of file content of app/dashboard/_components/DashboardHome/components/SkillOverviewCard/SkillOverviewCard.tsx:
./app/dashboard/_components/DashboardHome/components/SkillOverviewCard/SkillOverviewCard.tsx:34:10
  32 | }
  33 |
> 34 | function OwnerOverview() {
     |          ^^^^^^^^^^^^^
  35 |   const today = new Date();
  36 |   const from = subDays(today, OWNER_RANGE_DAYS - 1);
  37 |   const { data: days = [] } = useOwnerReservationSummary(from, today);

Import traces:
  Client Component Browser:
    ./app/dashboard/_components/DashboardHome/components/SkillOverviewCard/SkillOverviewCard.tsx [Client Component Browser]
    ./app/dashboard/_components/DashboardHome/DashboardHome.tsx [Client Component Browser]
    ./app/dashboard/page.tsx [Client Component Browser]
    ./app/dashboard/page.tsx [Server Component]

  Client Component SSR:
    ./app/dashboard/_components/DashboardHome/components/SkillOverviewCard/SkillOverviewCard.tsx [Client Component SSR]
    ./app/dashboard/_components/DashboardHome/DashboardHome.tsx [Client Component SSR]
    ./app/dashboard/page.tsx [Client Component SSR]
    ./app/dashboard/page.tsx [Server Component] @ http://localhost:3000/_next/static/chunks/node_modules_next_dist_1gdrd03._.js:1945
[ 1550578ms] [ERROR] ./app/dashboard/_components/DashboardHome/components/SkillOverviewCard/SkillOverviewCard.tsx:65:10
the name `PlayerOverview` is defined multiple times
  63 | }
  64 |
> 65 | function PlayerOverview() {
     |          ^^^^^^^^^^^^^^
  66 |   const { user } = useAuth();
  67 |   const { data: history = [] } = useMyReservations(true);
  68 |   const nonCancelled = history.filter((r) => r.status !== "CANCELLED");

Ecmascript file had an error

Generated code of loaders [@locator/webpack-loader] transform of file content of app/dashboard/_components/DashboardHome/components/SkillOverviewCard/SkillOverviewCard.tsx:
./app/dashboard/_components/DashboardHome/components/SkillOverviewCard/SkillOverviewCard.tsx:65:10
  63 | }
  64 |
> 65 | function PlayerOverview() {
     |          ^^^^^^^^^^^^^^
  66 |   const { user } = useAuth();
  67 |   const { data: history = [] } = useMyReservations(true);
  68 |   const nonCancelled = history.filter((r) => r.status !== "CANCELLED");

Import traces:
  Client Component Browser:
    ./app/dashboard/_components/DashboardHome/components/SkillOverviewCard/SkillOverviewCard.tsx [Client Component Browser]
    ./app/dashboard/_components/DashboardHome/DashboardHome.tsx [Client Component Browser]
    ./app/dashboard/page.tsx [Client Component Browser]
    ./app/dashboard/page.tsx [Server Component]

  Client Component SSR:
    ./app/dashboard/_components/DashboardHome/components/SkillOverviewCard/SkillOverviewCard.tsx [Client Component SSR]
    ./app/dashboard/_components/DashboardHome/DashboardHome.tsx [Client Component SSR]
    ./app/dashboard/page.tsx [Client Component SSR]
    ./app/dashboard/page.tsx [Server Component] @ http://localhost:3000/_next/static/chunks/node_modules_next_dist_1gdrd03._.js:1945
[ 1550655ms] [ERROR] ./app/dashboard/_components/DashboardHome/components/SkillOverviewCard/SkillOverviewCard.tsx:34:10
the name `OwnerOverview` is defined multiple times
  32 | }
  33 |
> 34 | function OwnerOverview() {
     |          ^^^^^^^^^^^^^
  35 |   const today = new Date();
  36 |   const from = subDays(today, OWNER_RANGE_DAYS - 1);
  37 |   const { data: days = [] } = useOwnerReservationSummary(from, today);

Ecmascript file had an error

Generated code of loaders [@locator/webpack-loader] transform of file content of app/dashboard/_components/DashboardHome/components/SkillOverviewCard/SkillOverviewCard.tsx:
./app/dashboard/_components/DashboardHome/components/SkillOverviewCard/SkillOverviewCard.tsx:34:10
  32 | }
  33 |
> 34 | function OwnerOverview() {
     |          ^^^^^^^^^^^^^
  35 |   const today = new Date();
  36 |   const from = subDays(today, OWNER_RANGE_DAYS - 1);
  37 |   const { data: days = [] } = useOwnerReservationSummary(from, today);

Import traces:
  Client Component Browser:
    ./app/dashboard/_components/DashboardHome/components/SkillOverviewCard/SkillOverviewCard.tsx [Client Component Browser]
    ./app/dashboard/_components/DashboardHome/DashboardHome.tsx [Client Component Browser]
    ./app/dashboard/page.tsx [Client Component Browser]
    ./app/dashboard/page.tsx [Server Component]

  Client Component SSR:
    ./app/dashboard/_components/DashboardHome/components/SkillOverviewCard/SkillOverviewCard.tsx [Client Component SSR]
    ./app/dashboard/_components/DashboardHome/DashboardHome.tsx [Client Component SSR]
    ./app/dashboard/page.tsx [Client Component SSR]
    ./app/dashboard/page.tsx [Server Component] @ http://localhost:3000/_next/static/chunks/node_modules_next_dist_1gdrd03._.js:1945
[ 1550655ms] [ERROR] ./app/dashboard/_components/DashboardHome/components/SkillOverviewCard/SkillOverviewCard.tsx:65:10
the name `PlayerOverview` is defined multiple times
  63 | }
  64 |
> 65 | function PlayerOverview() {
     |          ^^^^^^^^^^^^^^
  66 |   const { user } = useAuth();
  67 |   const { data: history = [] } = useMyReservations(true);
  68 |   const nonCancelled = history.filter((r) => r.status !== "CANCELLED");

Ecmascript file had an error

Generated code of loaders [@locator/webpack-loader] transform of file content of app/dashboard/_components/DashboardHome/components/SkillOverviewCard/SkillOverviewCard.tsx:
./app/dashboard/_components/DashboardHome/components/SkillOverviewCard/SkillOverviewCard.tsx:65:10
  63 | }
  64 |
> 65 | function PlayerOverview() {
     |          ^^^^^^^^^^^^^^
  66 |   const { user } = useAuth();
  67 |   const { data: history = [] } = useMyReservations(true);
  68 |   const nonCancelled = history.filter((r) => r.status !== "CANCELLED");

Import traces:
  Client Component Browser:
    ./app/dashboard/_components/DashboardHome/components/SkillOverviewCard/SkillOverviewCard.tsx [Client Component Browser]
    ./app/dashboard/_components/DashboardHome/DashboardHome.tsx [Client Component Browser]
    ./app/dashboard/page.tsx [Client Component Browser]
    ./app/dashboard/page.tsx [Server Component]

  Client Component SSR:
    ./app/dashboard/_components/DashboardHome/components/SkillOverviewCard/SkillOverviewCard.tsx [Client Component SSR]
    ./app/dashboard/_components/DashboardHome/DashboardHome.tsx [Client Component SSR]
    ./app/dashboard/page.tsx [Client Component SSR]
    ./app/dashboard/page.tsx [Server Component] @ http://localhost:3000/_next/static/chunks/node_modules_next_dist_1gdrd03._.js:1945
[ 1550718ms] [ERROR] ./app/dashboard/_components/DashboardHome/components/SkillOverviewCard/SkillOverviewCard.tsx:34:10
the name `OwnerOverview` is defined multiple times
  32 | }
  33 |
> 34 | function OwnerOverview() {
     |          ^^^^^^^^^^^^^
  35 |   const today = new Date();
  36 |   const from = subDays(today, OWNER_RANGE_DAYS - 1);
  37 |   const { data: days = [] } = useOwnerReservationSummary(from, today);

Ecmascript file had an error

Generated code of loaders [@locator/webpack-loader] transform of file content of app/dashboard/_components/DashboardHome/components/SkillOverviewCard/SkillOverviewCard.tsx:
./app/dashboard/_components/DashboardHome/components/SkillOverviewCard/SkillOverviewCard.tsx:34:10
  32 | }
  33 |
> 34 | function OwnerOverview() {
     |          ^^^^^^^^^^^^^
  35 |   const today = new Date();
  36 |   const from = subDays(today, OWNER_RANGE_DAYS - 1);
  37 |   const { data: days = [] } = useOwnerReservationSummary(from, today);

Import traces:
  Client Component Browser:
    ./app/dashboard/_components/DashboardHome/components/SkillOverviewCard/SkillOverviewCard.tsx [Client Component Browser]
    ./app/dashboard/_components/DashboardHome/DashboardHome.tsx [Client Component Browser]
    ./app/dashboard/page.tsx [Client Component Browser]
    ./app/dashboard/page.tsx [Server Component]

  Client Component SSR:
    ./app/dashboard/_components/DashboardHome/components/SkillOverviewCard/SkillOverviewCard.tsx [Client Component SSR]
    ./app/dashboard/_components/DashboardHome/DashboardHome.tsx [Client Component SSR]
    ./app/dashboard/page.tsx [Client Component SSR]
    ./app/dashboard/page.tsx [Server Component] @ http://localhost:3000/_next/static/chunks/node_modules_next_dist_1gdrd03._.js:1945
[ 1550718ms] [ERROR] ./app/dashboard/_components/DashboardHome/components/SkillOverviewCard/SkillOverviewCard.tsx:65:10
the name `PlayerOverview` is defined multiple times
  63 | }
  64 |
> 65 | function PlayerOverview() {
     |          ^^^^^^^^^^^^^^
  66 |   const { user } = useAuth();
  67 |   const { data: history = [] } = useMyReservations(true);
  68 |   const nonCancelled = history.filter((r) => r.status !== "CANCELLED");

Ecmascript file had an error

Generated code of loaders [@locator/webpack-loader] transform of file content of app/dashboard/_components/DashboardHome/components/SkillOverviewCard/SkillOverviewCard.tsx:
./app/dashboard/_components/DashboardHome/components/SkillOverviewCard/SkillOverviewCard.tsx:65:10
  63 | }
  64 |
> 65 | function PlayerOverview() {
     |          ^^^^^^^^^^^^^^
  66 |   const { user } = useAuth();
  67 |   const { data: history = [] } = useMyReservations(true);
  68 |   const nonCancelled = history.filter((r) => r.status !== "CANCELLED");

Import traces:
  Client Component Browser:
    ./app/dashboard/_components/DashboardHome/components/SkillOverviewCard/SkillOverviewCard.tsx [Client Component Browser]
    ./app/dashboard/_components/DashboardHome/DashboardHome.tsx [Client Component Browser]
    ./app/dashboard/page.tsx [Client Component Browser]
    ./app/dashboard/page.tsx [Server Component]

  Client Component SSR:
    ./app/dashboard/_components/DashboardHome/components/SkillOverviewCard/SkillOverviewCard.tsx [Client Component SSR]
    ./app/dashboard/_components/DashboardHome/DashboardHome.tsx [Client Component SSR]
    ./app/dashboard/page.tsx [Client Component SSR]
    ./app/dashboard/page.tsx [Server Component] @ http://localhost:3000/_next/static/chunks/node_modules_next_dist_1gdrd03._.js:1945
[ 1550781ms] [ERROR] ./app/dashboard/_components/DashboardHome/components/SkillOverviewCard/SkillOverviewCard.tsx:34:10
the name `OwnerOverview` is defined multiple times
  32 | }
  33 |
> 34 | function OwnerOverview() {
     |          ^^^^^^^^^^^^^
  35 |   const today = new Date();
  36 |   const from = subDays(today, OWNER_RANGE_DAYS - 1);
  37 |   const { data: days = [] } = useOwnerReservationSummary(from, today);

Ecmascript file had an error

Generated code of loaders [@locator/webpack-loader] transform of file content of app/dashboard/_components/DashboardHome/components/SkillOverviewCard/SkillOverviewCard.tsx:
./app/dashboard/_components/DashboardHome/components/SkillOverviewCard/SkillOverviewCard.tsx:34:10
  32 | }
  33 |
> 34 | function OwnerOverview() {
     |          ^^^^^^^^^^^^^
  35 |   const today = new Date();
  36 |   const from = subDays(today, OWNER_RANGE_DAYS - 1);
  37 |   const { data: days = [] } = useOwnerReservationSummary(from, today);

Import traces:
  Client Component Browser:
    ./app/dashboard/_components/DashboardHome/components/SkillOverviewCard/SkillOverviewCard.tsx [Client Component Browser]
    ./app/dashboard/_components/DashboardHome/DashboardHome.tsx [Client Component Browser]
    ./app/dashboard/page.tsx [Client Component Browser]
    ./app/dashboard/page.tsx [Server Component]

  Client Component SSR:
    ./app/dashboard/_components/DashboardHome/components/SkillOverviewCard/SkillOverviewCard.tsx [Client Component SSR]
    ./app/dashboard/_components/DashboardHome/DashboardHome.tsx [Client Component SSR]
    ./app/dashboard/page.tsx [Client Component SSR]
    ./app/dashboard/page.tsx [Server Component] @ http://localhost:3000/_next/static/chunks/node_modules_next_dist_1gdrd03._.js:1945
[ 1550781ms] [ERROR] ./app/dashboard/_components/DashboardHome/components/SkillOverviewCard/SkillOverviewCard.tsx:65:10
the name `PlayerOverview` is defined multiple times
  63 | }
  64 |
> 65 | function PlayerOverview() {
     |          ^^^^^^^^^^^^^^
  66 |   const { user } = useAuth();
  67 |   const { data: history = [] } = useMyReservations(true);
  68 |   const nonCancelled = history.filter((r) => r.status !== "CANCELLED");

Ecmascript file had an error

Generated code of loaders [@locator/webpack-loader] transform of file content of app/dashboard/_components/DashboardHome/components/SkillOverviewCard/SkillOverviewCard.tsx:
./app/dashboard/_components/DashboardHome/components/SkillOverviewCard/SkillOverviewCard.tsx:65:10
  63 | }
  64 |
> 65 | function PlayerOverview() {
     |          ^^^^^^^^^^^^^^
  66 |   const { user } = useAuth();
  67 |   const { data: history = [] } = useMyReservations(true);
  68 |   const nonCancelled = history.filter((r) => r.status !== "CANCELLED");

Import traces:
  Client Component Browser:
    ./app/dashboard/_components/DashboardHome/components/SkillOverviewCard/SkillOverviewCard.tsx [Client Component Browser]
    ./app/dashboard/_components/DashboardHome/DashboardHome.tsx [Client Component Browser]
    ./app/dashboard/page.tsx [Client Component Browser]
    ./app/dashboard/page.tsx [Server Component]

  Client Component SSR:
    ./app/dashboard/_components/DashboardHome/components/SkillOverviewCard/SkillOverviewCard.tsx [Client Component SSR]
    ./app/dashboard/_components/DashboardHome/DashboardHome.tsx [Client Component SSR]
    ./app/dashboard/page.tsx [Client Component SSR]
    ./app/dashboard/page.tsx [Server Component] @ http://localhost:3000/_next/static/chunks/node_modules_next_dist_1gdrd03._.js:1945
[ 1550843ms] [ERROR] ./app/dashboard/_components/DashboardHome/components/SkillOverviewCard/SkillOverviewCard.tsx:34:10
the name `OwnerOverview` is defined multiple times
  32 | }
  33 |
> 34 | function OwnerOverview() {
     |          ^^^^^^^^^^^^^
  35 |   const today = new Date();
  36 |   const from = subDays(today, OWNER_RANGE_DAYS - 1);
  37 |   const { data: days = [] } = useOwnerReservationSummary(from, today);

Ecmascript file had an error

Generated code of loaders [@locator/webpack-loader] transform of file content of app/dashboard/_components/DashboardHome/components/SkillOverviewCard/SkillOverviewCard.tsx:
./app/dashboard/_components/DashboardHome/components/SkillOverviewCard/SkillOverviewCard.tsx:34:10
  32 | }
  33 |
> 34 | function OwnerOverview() {
     |          ^^^^^^^^^^^^^
  35 |   const today = new Date();
  36 |   const from = subDays(today, OWNER_RANGE_DAYS - 1);
  37 |   const { data: days = [] } = useOwnerReservationSummary(from, today);

Import traces:
  Client Component Browser:
    ./app/dashboard/_components/DashboardHome/components/SkillOverviewCard/SkillOverviewCard.tsx [Client Component Browser]
    ./app/dashboard/_components/DashboardHome/DashboardHome.tsx [Client Component Browser]
    ./app/dashboard/page.tsx [Client Component Browser]
    ./app/dashboard/page.tsx [Server Component]

  Client Component SSR:
    ./app/dashboard/_components/DashboardHome/components/SkillOverviewCard/SkillOverviewCard.tsx [Client Component SSR]
    ./app/dashboard/_components/DashboardHome/DashboardHome.tsx [Client Component SSR]
    ./app/dashboard/page.tsx [Client Component SSR]
    ./app/dashboard/page.tsx [Server Component] @ http://localhost:3000/_next/static/chunks/node_modules_next_dist_1gdrd03._.js:1945
[ 1550844ms] [ERROR] ./app/dashboard/_components/DashboardHome/components/SkillOverviewCard/SkillOverviewCard.tsx:65:10
the name `PlayerOverview` is defined multiple times
  63 | }
  64 |
> 65 | function PlayerOverview() {
     |          ^^^^^^^^^^^^^^
  66 |   const { user } = useAuth();
  67 |   const { data: history = [] } = useMyReservations(true);
  68 |   const nonCancelled = history.filter((r) => r.status !== "CANCELLED");

Ecmascript file had an error

Generated code of loaders [@locator/webpack-loader] transform of file content of app/dashboard/_components/DashboardHome/components/SkillOverviewCard/SkillOverviewCard.tsx:
./app/dashboard/_components/DashboardHome/components/SkillOverviewCard/SkillOverviewCard.tsx:65:10
  63 | }
  64 |
> 65 | function PlayerOverview() {
     |          ^^^^^^^^^^^^^^
  66 |   const { user } = useAuth();
  67 |   const { data: history = [] } = useMyReservations(true);
  68 |   const nonCancelled = history.filter((r) => r.status !== "CANCELLED");

Import traces:
  Client Component Browser:
    ./app/dashboard/_components/DashboardHome/components/SkillOverviewCard/SkillOverviewCard.tsx [Client Component Browser]
    ./app/dashboard/_components/DashboardHome/DashboardHome.tsx [Client Component Browser]
    ./app/dashboard/page.tsx [Client Component Browser]
    ./app/dashboard/page.tsx [Server Component]

  Client Component SSR:
    ./app/dashboard/_components/DashboardHome/components/SkillOverviewCard/SkillOverviewCard.tsx [Client Component SSR]
    ./app/dashboard/_components/DashboardHome/DashboardHome.tsx [Client Component SSR]
    ./app/dashboard/page.tsx [Client Component SSR]
    ./app/dashboard/page.tsx [Server Component] @ http://localhost:3000/_next/static/chunks/node_modules_next_dist_1gdrd03._.js:1945
[ 1550906ms] [ERROR] ./app/dashboard/_components/DashboardHome/components/SkillOverviewCard/SkillOverviewCard.tsx:34:10
the name `OwnerOverview` is defined multiple times
  32 | }
  33 |
> 34 | function OwnerOverview() {
     |          ^^^^^^^^^^^^^
  35 |   const today = new Date();
  36 |   const from = subDays(today, OWNER_RANGE_DAYS - 1);
  37 |   const { data: days = [] } = useOwnerReservationSummary(from, today);

Ecmascript file had an error

Generated code of loaders [@locator/webpack-loader] transform of file content of app/dashboard/_components/DashboardHome/components/SkillOverviewCard/SkillOverviewCard.tsx:
./app/dashboard/_components/DashboardHome/components/SkillOverviewCard/SkillOverviewCard.tsx:34:10
  32 | }
  33 |
> 34 | function OwnerOverview() {
     |          ^^^^^^^^^^^^^
  35 |   const today = new Date();
  36 |   const from = subDays(today, OWNER_RANGE_DAYS - 1);
  37 |   const { data: days = [] } = useOwnerReservationSummary(from, today);

Import traces:
  Client Component Browser:
    ./app/dashboard/_components/DashboardHome/components/SkillOverviewCard/SkillOverviewCard.tsx [Client Component Browser]
    ./app/dashboard/_components/DashboardHome/DashboardHome.tsx [Client Component Browser]
    ./app/dashboard/page.tsx [Client Component Browser]
    ./app/dashboard/page.tsx [Server Component]

  Client Component SSR:
    ./app/dashboard/_components/DashboardHome/components/SkillOverviewCard/SkillOverviewCard.tsx [Client Component SSR]
    ./app/dashboard/_components/DashboardHome/DashboardHome.tsx [Client Component SSR]
    ./app/dashboard/page.tsx [Client Component SSR]
    ./app/dashboard/page.tsx [Server Component] @ http://localhost:3000/_next/static/chunks/node_modules_next_dist_1gdrd03._.js:1945
[ 1550906ms] [ERROR] ./app/dashboard/_components/DashboardHome/components/SkillOverviewCard/SkillOverviewCard.tsx:65:10
the name `PlayerOverview` is defined multiple times
  63 | }
  64 |
> 65 | function PlayerOverview() {
     |          ^^^^^^^^^^^^^^
  66 |   const { user } = useAuth();
  67 |   const { data: history = [] } = useMyReservations(true);
  68 |   const nonCancelled = history.filter((r) => r.status !== "CANCELLED");

Ecmascript file had an error

Generated code of loaders [@locator/webpack-loader] transform of file content of app/dashboard/_components/DashboardHome/components/SkillOverviewCard/SkillOverviewCard.tsx:
./app/dashboard/_components/DashboardHome/components/SkillOverviewCard/SkillOverviewCard.tsx:65:10
  63 | }
  64 |
> 65 | function PlayerOverview() {
     |          ^^^^^^^^^^^^^^
  66 |   const { user } = useAuth();
  67 |   const { data: history = [] } = useMyReservations(true);
  68 |   const nonCancelled = history.filter((r) => r.status !== "CANCELLED");

Import traces:
  Client Component Browser:
    ./app/dashboard/_components/DashboardHome/components/SkillOverviewCard/SkillOverviewCard.tsx [Client Component Browser]
    ./app/dashboard/_components/DashboardHome/DashboardHome.tsx [Client Component Browser]
    ./app/dashboard/page.tsx [Client Component Browser]
    ./app/dashboard/page.tsx [Server Component]

  Client Component SSR:
    ./app/dashboard/_components/DashboardHome/components/SkillOverviewCard/SkillOverviewCard.tsx [Client Component SSR]
    ./app/dashboard/_components/DashboardHome/DashboardHome.tsx [Client Component SSR]
    ./app/dashboard/page.tsx [Client Component SSR]
    ./app/dashboard/page.tsx [Server Component] @ http://localhost:3000/_next/static/chunks/node_modules_next_dist_1gdrd03._.js:1945
[ 1550968ms] [ERROR] ./app/dashboard/_components/DashboardHome/components/SkillOverviewCard/SkillOverviewCard.tsx:34:10
the name `OwnerOverview` is defined multiple times
  32 | }
  33 |
> 34 | function OwnerOverview() {
     |          ^^^^^^^^^^^^^
  35 |   const today = new Date();
  36 |   const from = subDays(today, OWNER_RANGE_DAYS - 1);
  37 |   const { data: days = [] } = useOwnerReservationSummary(from, today);

Ecmascript file had an error

Generated code of loaders [@locator/webpack-loader] transform of file content of app/dashboard/_components/DashboardHome/components/SkillOverviewCard/SkillOverviewCard.tsx:
./app/dashboard/_components/DashboardHome/components/SkillOverviewCard/SkillOverviewCard.tsx:34:10
  32 | }
  33 |
> 34 | function OwnerOverview() {
     |          ^^^^^^^^^^^^^
  35 |   const today = new Date();
  36 |   const from = subDays(today, OWNER_RANGE_DAYS - 1);
  37 |   const { data: days = [] } = useOwnerReservationSummary(from, today);

Import traces:
  Client Component Browser:
    ./app/dashboard/_components/DashboardHome/components/SkillOverviewCard/SkillOverviewCard.tsx [Client Component Browser]
    ./app/dashboard/_components/DashboardHome/DashboardHome.tsx [Client Component Browser]
    ./app/dashboard/page.tsx [Client Component Browser]
    ./app/dashboard/page.tsx [Server Component]

  Client Component SSR:
    ./app/dashboard/_components/DashboardHome/components/SkillOverviewCard/SkillOverviewCard.tsx [Client Component SSR]
    ./app/dashboard/_components/DashboardHome/DashboardHome.tsx [Client Component SSR]
    ./app/dashboard/page.tsx [Client Component SSR]
    ./app/dashboard/page.tsx [Server Component] @ http://localhost:3000/_next/static/chunks/node_modules_next_dist_1gdrd03._.js:1945
[ 1550968ms] [ERROR] ./app/dashboard/_components/DashboardHome/components/SkillOverviewCard/SkillOverviewCard.tsx:65:10
the name `PlayerOverview` is defined multiple times
  63 | }
  64 |
> 65 | function PlayerOverview() {
     |          ^^^^^^^^^^^^^^
  66 |   const { user } = useAuth();
  67 |   const { data: history = [] } = useMyReservations(true);
  68 |   const nonCancelled = history.filter((r) => r.status !== "CANCELLED");

Ecmascript file had an error

Generated code of loaders [@locator/webpack-loader] transform of file content of app/dashboard/_components/DashboardHome/components/SkillOverviewCard/SkillOverviewCard.tsx:
./app/dashboard/_components/DashboardHome/components/SkillOverviewCard/SkillOverviewCard.tsx:65:10
  63 | }
  64 |
> 65 | function PlayerOverview() {
     |          ^^^^^^^^^^^^^^
  66 |   const { user } = useAuth();
  67 |   const { data: history = [] } = useMyReservations(true);
  68 |   const nonCancelled = history.filter((r) => r.status !== "CANCELLED");

Import traces:
  Client Component Browser:
    ./app/dashboard/_components/DashboardHome/components/SkillOverviewCard/SkillOverviewCard.tsx [Client Component Browser]
    ./app/dashboard/_components/DashboardHome/DashboardHome.tsx [Client Component Browser]
    ./app/dashboard/page.tsx [Client Component Browser]
    ./app/dashboard/page.tsx [Server Component]

  Client Component SSR:
    ./app/dashboard/_components/DashboardHome/components/SkillOverviewCard/SkillOverviewCard.tsx [Client Component SSR]
    ./app/dashboard/_components/DashboardHome/DashboardHome.tsx [Client Component SSR]
    ./app/dashboard/page.tsx [Client Component SSR]
    ./app/dashboard/page.tsx [Server Component] @ http://localhost:3000/_next/static/chunks/node_modules_next_dist_1gdrd03._.js:1945
[ 1551030ms] [ERROR] ./app/dashboard/_components/DashboardHome/components/SkillOverviewCard/SkillOverviewCard.tsx:34:10
the name `OwnerOverview` is defined multiple times
  32 | }
  33 |
> 34 | function OwnerOverview() {
     |          ^^^^^^^^^^^^^
  35 |   const today = new Date();
  36 |   const from = subDays(today, OWNER_RANGE_DAYS - 1);
  37 |   const { data: days = [] } = useOwnerReservationSummary(from, today);

Ecmascript file had an error

Generated code of loaders [@locator/webpack-loader] transform of file content of app/dashboard/_components/DashboardHome/components/SkillOverviewCard/SkillOverviewCard.tsx:
./app/dashboard/_components/DashboardHome/components/SkillOverviewCard/SkillOverviewCard.tsx:34:10
  32 | }
  33 |
> 34 | function OwnerOverview() {
     |          ^^^^^^^^^^^^^
  35 |   const today = new Date();
  36 |   const from = subDays(today, OWNER_RANGE_DAYS - 1);
  37 |   const { data: days = [] } = useOwnerReservationSummary(from, today);

Import traces:
  Client Component Browser:
    ./app/dashboard/_components/DashboardHome/components/SkillOverviewCard/SkillOverviewCard.tsx [Client Component Browser]
    ./app/dashboard/_components/DashboardHome/DashboardHome.tsx [Client Component Browser]
    ./app/dashboard/page.tsx [Client Component Browser]
    ./app/dashboard/page.tsx [Server Component]

  Client Component SSR:
    ./app/dashboard/_components/DashboardHome/components/SkillOverviewCard/SkillOverviewCard.tsx [Client Component SSR]
    ./app/dashboard/_components/DashboardHome/DashboardHome.tsx [Client Component SSR]
    ./app/dashboard/page.tsx [Client Component SSR]
    ./app/dashboard/page.tsx [Server Component] @ http://localhost:3000/_next/static/chunks/node_modules_next_dist_1gdrd03._.js:1945
[ 1551030ms] [ERROR] ./app/dashboard/_components/DashboardHome/components/SkillOverviewCard/SkillOverviewCard.tsx:65:10
the name `PlayerOverview` is defined multiple times
  63 | }
  64 |
> 65 | function PlayerOverview() {
     |          ^^^^^^^^^^^^^^
  66 |   const { user } = useAuth();
  67 |   const { data: history = [] } = useMyReservations(true);
  68 |   const nonCancelled = history.filter((r) => r.status !== "CANCELLED");

Ecmascript file had an error

Generated code of loaders [@locator/webpack-loader] transform of file content of app/dashboard/_components/DashboardHome/components/SkillOverviewCard/SkillOverviewCard.tsx:
./app/dashboard/_components/DashboardHome/components/SkillOverviewCard/SkillOverviewCard.tsx:65:10
  63 | }
  64 |
> 65 | function PlayerOverview() {
     |          ^^^^^^^^^^^^^^
  66 |   const { user } = useAuth();
  67 |   const { data: history = [] } = useMyReservations(true);
  68 |   const nonCancelled = history.filter((r) => r.status !== "CANCELLED");

Import traces:
  Client Component Browser:
    ./app/dashboard/_components/DashboardHome/components/SkillOverviewCard/SkillOverviewCard.tsx [Client Component Browser]
    ./app/dashboard/_components/DashboardHome/DashboardHome.tsx [Client Component Browser]
    ./app/dashboard/page.tsx [Client Component Browser]
    ./app/dashboard/page.tsx [Server Component]

  Client Component SSR:
    ./app/dashboard/_components/DashboardHome/components/SkillOverviewCard/SkillOverviewCard.tsx [Client Component SSR]
    ./app/dashboard/_components/DashboardHome/DashboardHome.tsx [Client Component SSR]
    ./app/dashboard/page.tsx [Client Component SSR]
    ./app/dashboard/page.tsx [Server Component] @ http://localhost:3000/_next/static/chunks/node_modules_next_dist_1gdrd03._.js:1945
[ 1551108ms] [ERROR] ./app/dashboard/_components/DashboardHome/components/SkillOverviewCard/SkillOverviewCard.tsx:34:10
the name `OwnerOverview` is defined multiple times
  32 | }
  33 |
> 34 | function OwnerOverview() {
     |          ^^^^^^^^^^^^^
  35 |   const today = new Date();
  36 |   const from = subDays(today, OWNER_RANGE_DAYS - 1);
  37 |   const { data: days = [] } = useOwnerReservationSummary(from, today);

Ecmascript file had an error

Generated code of loaders [@locator/webpack-loader] transform of file content of app/dashboard/_components/DashboardHome/components/SkillOverviewCard/SkillOverviewCard.tsx:
./app/dashboard/_components/DashboardHome/components/SkillOverviewCard/SkillOverviewCard.tsx:34:10
  32 | }
  33 |
> 34 | function OwnerOverview() {
     |          ^^^^^^^^^^^^^
  35 |   const today = new Date();
  36 |   const from = subDays(today, OWNER_RANGE_DAYS - 1);
  37 |   const { data: days = [] } = useOwnerReservationSummary(from, today);

Import traces:
  Client Component Browser:
    ./app/dashboard/_components/DashboardHome/components/SkillOverviewCard/SkillOverviewCard.tsx [Client Component Browser]
    ./app/dashboard/_components/DashboardHome/DashboardHome.tsx [Client Component Browser]
    ./app/dashboard/page.tsx [Client Component Browser]
    ./app/dashboard/page.tsx [Server Component]

  Client Component SSR:
    ./app/dashboard/_components/DashboardHome/components/SkillOverviewCard/SkillOverviewCard.tsx [Client Component SSR]
    ./app/dashboard/_components/DashboardHome/DashboardHome.tsx [Client Component SSR]
    ./app/dashboard/page.tsx [Client Component SSR]
    ./app/dashboard/page.tsx [Server Component] @ http://localhost:3000/_next/static/chunks/node_modules_next_dist_1gdrd03._.js:1945
[ 1551108ms] [ERROR] ./app/dashboard/_components/DashboardHome/components/SkillOverviewCard/SkillOverviewCard.tsx:65:10
the name `PlayerOverview` is defined multiple times
  63 | }
  64 |
> 65 | function PlayerOverview() {
     |          ^^^^^^^^^^^^^^
  66 |   const { user } = useAuth();
  67 |   const { data: history = [] } = useMyReservations(true);
  68 |   const nonCancelled = history.filter((r) => r.status !== "CANCELLED");

Ecmascript file had an error

Generated code of loaders [@locator/webpack-loader] transform of file content of app/dashboard/_components/DashboardHome/components/SkillOverviewCard/SkillOverviewCard.tsx:
./app/dashboard/_components/DashboardHome/components/SkillOverviewCard/SkillOverviewCard.tsx:65:10
  63 | }
  64 |
> 65 | function PlayerOverview() {
     |          ^^^^^^^^^^^^^^
  66 |   const { user } = useAuth();
  67 |   const { data: history = [] } = useMyReservations(true);
  68 |   const nonCancelled = history.filter((r) => r.status !== "CANCELLED");

Import traces:
  Client Component Browser:
    ./app/dashboard/_components/DashboardHome/components/SkillOverviewCard/SkillOverviewCard.tsx [Client Component Browser]
    ./app/dashboard/_components/DashboardHome/DashboardHome.tsx [Client Component Browser]
    ./app/dashboard/page.tsx [Client Component Browser]
    ./app/dashboard/page.tsx [Server Component]

  Client Component SSR:
    ./app/dashboard/_components/DashboardHome/components/SkillOverviewCard/SkillOverviewCard.tsx [Client Component SSR]
    ./app/dashboard/_components/DashboardHome/DashboardHome.tsx [Client Component SSR]
    ./app/dashboard/page.tsx [Client Component SSR]
    ./app/dashboard/page.tsx [Server Component] @ http://localhost:3000/_next/static/chunks/node_modules_next_dist_1gdrd03._.js:1945
[ 1551171ms] [ERROR] ./app/dashboard/_components/DashboardHome/components/SkillOverviewCard/SkillOverviewCard.tsx:34:10
the name `OwnerOverview` is defined multiple times
  32 | }
  33 |
> 34 | function OwnerOverview() {
     |          ^^^^^^^^^^^^^
  35 |   const today = new Date();
  36 |   const from = subDays(today, OWNER_RANGE_DAYS - 1);
  37 |   const { data: days = [] } = useOwnerReservationSummary(from, today);

Ecmascript file had an error

Generated code of loaders [@locator/webpack-loader] transform of file content of app/dashboard/_components/DashboardHome/components/SkillOverviewCard/SkillOverviewCard.tsx:
./app/dashboard/_components/DashboardHome/components/SkillOverviewCard/SkillOverviewCard.tsx:34:10
  32 | }
  33 |
> 34 | function OwnerOverview() {
     |          ^^^^^^^^^^^^^
  35 |   const today = new Date();
  36 |   const from = subDays(today, OWNER_RANGE_DAYS - 1);
  37 |   const { data: days = [] } = useOwnerReservationSummary(from, today);

Import traces:
  Client Component Browser:
    ./app/dashboard/_components/DashboardHome/components/SkillOverviewCard/SkillOverviewCard.tsx [Client Component Browser]
    ./app/dashboard/_components/DashboardHome/DashboardHome.tsx [Client Component Browser]
    ./app/dashboard/page.tsx [Client Component Browser]
    ./app/dashboard/page.tsx [Server Component]

  Client Component SSR:
    ./app/dashboard/_components/DashboardHome/components/SkillOverviewCard/SkillOverviewCard.tsx [Client Component SSR]
    ./app/dashboard/_components/DashboardHome/DashboardHome.tsx [Client Component SSR]
    ./app/dashboard/page.tsx [Client Component SSR]
    ./app/dashboard/page.tsx [Server Component] @ http://localhost:3000/_next/static/chunks/node_modules_next_dist_1gdrd03._.js:1945
[ 1551171ms] [ERROR] ./app/dashboard/_components/DashboardHome/components/SkillOverviewCard/SkillOverviewCard.tsx:65:10
the name `PlayerOverview` is defined multiple times
  63 | }
  64 |
> 65 | function PlayerOverview() {
     |          ^^^^^^^^^^^^^^
  66 |   const { user } = useAuth();
  67 |   const { data: history = [] } = useMyReservations(true);
  68 |   const nonCancelled = history.filter((r) => r.status !== "CANCELLED");

Ecmascript file had an error

Generated code of loaders [@locator/webpack-loader] transform of file content of app/dashboard/_components/DashboardHome/components/SkillOverviewCard/SkillOverviewCard.tsx:
./app/dashboard/_components/DashboardHome/components/SkillOverviewCard/SkillOverviewCard.tsx:65:10
  63 | }
  64 |
> 65 | function PlayerOverview() {
     |          ^^^^^^^^^^^^^^
  66 |   const { user } = useAuth();
  67 |   const { data: history = [] } = useMyReservations(true);
  68 |   const nonCancelled = history.filter((r) => r.status !== "CANCELLED");

Import traces:
  Client Component Browser:
    ./app/dashboard/_components/DashboardHome/components/SkillOverviewCard/SkillOverviewCard.tsx [Client Component Browser]
    ./app/dashboard/_components/DashboardHome/DashboardHome.tsx [Client Component Browser]
    ./app/dashboard/page.tsx [Client Component Browser]
    ./app/dashboard/page.tsx [Server Component]

  Client Component SSR:
    ./app/dashboard/_components/DashboardHome/components/SkillOverviewCard/SkillOverviewCard.tsx [Client Component SSR]
    ./app/dashboard/_components/DashboardHome/DashboardHome.tsx [Client Component SSR]
    ./app/dashboard/page.tsx [Client Component SSR]
    ./app/dashboard/page.tsx [Server Component] @ http://localhost:3000/_next/static/chunks/node_modules_next_dist_1gdrd03._.js:1945
[ 1551233ms] [ERROR] ./app/dashboard/_components/DashboardHome/components/SkillOverviewCard/SkillOverviewCard.tsx:34:10
the name `OwnerOverview` is defined multiple times
  32 | }
  33 |
> 34 | function OwnerOverview() {
     |          ^^^^^^^^^^^^^
  35 |   const today = new Date();
  36 |   const from = subDays(today, OWNER_RANGE_DAYS - 1);
  37 |   const { data: days = [] } = useOwnerReservationSummary(from, today);

Ecmascript file had an error

Generated code of loaders [@locator/webpack-loader] transform of file content of app/dashboard/_components/DashboardHome/components/SkillOverviewCard/SkillOverviewCard.tsx:
./app/dashboard/_components/DashboardHome/components/SkillOverviewCard/SkillOverviewCard.tsx:34:10
  32 | }
  33 |
> 34 | function OwnerOverview() {
     |          ^^^^^^^^^^^^^
  35 |   const today = new Date();
  36 |   const from = subDays(today, OWNER_RANGE_DAYS - 1);
  37 |   const { data: days = [] } = useOwnerReservationSummary(from, today);

Import traces:
  Client Component Browser:
    ./app/dashboard/_components/DashboardHome/components/SkillOverviewCard/SkillOverviewCard.tsx [Client Component Browser]
    ./app/dashboard/_components/DashboardHome/DashboardHome.tsx [Client Component Browser]
    ./app/dashboard/page.tsx [Client Component Browser]
    ./app/dashboard/page.tsx [Server Component]

  Client Component SSR:
    ./app/dashboard/_components/DashboardHome/components/SkillOverviewCard/SkillOverviewCard.tsx [Client Component SSR]
    ./app/dashboard/_components/DashboardHome/DashboardHome.tsx [Client Component SSR]
    ./app/dashboard/page.tsx [Client Component SSR]
    ./app/dashboard/page.tsx [Server Component] @ http://localhost:3000/_next/static/chunks/node_modules_next_dist_1gdrd03._.js:1945
[ 1551233ms] [ERROR] ./app/dashboard/_components/DashboardHome/components/SkillOverviewCard/SkillOverviewCard.tsx:65:10
the name `PlayerOverview` is defined multiple times
  63 | }
  64 |
> 65 | function PlayerOverview() {
     |          ^^^^^^^^^^^^^^
  66 |   const { user } = useAuth();
  67 |   const { data: history = [] } = useMyReservations(true);
  68 |   const nonCancelled = history.filter((r) => r.status !== "CANCELLED");

Ecmascript file had an error

Generated code of loaders [@locator/webpack-loader] transform of file content of app/dashboard/_components/DashboardHome/components/SkillOverviewCard/SkillOverviewCard.tsx:
./app/dashboard/_components/DashboardHome/components/SkillOverviewCard/SkillOverviewCard.tsx:65:10
  63 | }
  64 |
> 65 | function PlayerOverview() {
     |          ^^^^^^^^^^^^^^
  66 |   const { user } = useAuth();
  67 |   const { data: history = [] } = useMyReservations(true);
  68 |   const nonCancelled = history.filter((r) => r.status !== "CANCELLED");

Import traces:
  Client Component Browser:
    ./app/dashboard/_components/DashboardHome/components/SkillOverviewCard/SkillOverviewCard.tsx [Client Component Browser]
    ./app/dashboard/_components/DashboardHome/DashboardHome.tsx [Client Component Browser]
    ./app/dashboard/page.tsx [Client Component Browser]
    ./app/dashboard/page.tsx [Server Component]

  Client Component SSR:
    ./app/dashboard/_components/DashboardHome/components/SkillOverviewCard/SkillOverviewCard.tsx [Client Component SSR]
    ./app/dashboard/_components/DashboardHome/DashboardHome.tsx [Client Component SSR]
    ./app/dashboard/page.tsx [Client Component SSR]
    ./app/dashboard/page.tsx [Server Component] @ http://localhost:3000/_next/static/chunks/node_modules_next_dist_1gdrd03._.js:1945
[ 1551311ms] [ERROR] ./app/dashboard/_components/DashboardHome/components/SkillOverviewCard/SkillOverviewCard.tsx:34:10
the name `OwnerOverview` is defined multiple times
  32 | }
  33 |
> 34 | function OwnerOverview() {
     |          ^^^^^^^^^^^^^
  35 |   const today = new Date();
  36 |   const from = subDays(today, OWNER_RANGE_DAYS - 1);
  37 |   const { data: days = [] } = useOwnerReservationSummary(from, today);

Ecmascript file had an error

Generated code of loaders [@locator/webpack-loader] transform of file content of app/dashboard/_components/DashboardHome/components/SkillOverviewCard/SkillOverviewCard.tsx:
./app/dashboard/_components/DashboardHome/components/SkillOverviewCard/SkillOverviewCard.tsx:34:10
  32 | }
  33 |
> 34 | function OwnerOverview() {
     |          ^^^^^^^^^^^^^
  35 |   const today = new Date();
  36 |   const from = subDays(today, OWNER_RANGE_DAYS - 1);
  37 |   const { data: days = [] } = useOwnerReservationSummary(from, today);

Import traces:
  Client Component Browser:
    ./app/dashboard/_components/DashboardHome/components/SkillOverviewCard/SkillOverviewCard.tsx [Client Component Browser]
    ./app/dashboard/_components/DashboardHome/DashboardHome.tsx [Client Component Browser]
    ./app/dashboard/page.tsx [Client Component Browser]
    ./app/dashboard/page.tsx [Server Component]

  Client Component SSR:
    ./app/dashboard/_components/DashboardHome/components/SkillOverviewCard/SkillOverviewCard.tsx [Client Component SSR]
    ./app/dashboard/_components/DashboardHome/DashboardHome.tsx [Client Component SSR]
    ./app/dashboard/page.tsx [Client Component SSR]
    ./app/dashboard/page.tsx [Server Component] @ http://localhost:3000/_next/static/chunks/node_modules_next_dist_1gdrd03._.js:1945
[ 1551311ms] [ERROR] ./app/dashboard/_components/DashboardHome/components/SkillOverviewCard/SkillOverviewCard.tsx:65:10
the name `PlayerOverview` is defined multiple times
  63 | }
  64 |
> 65 | function PlayerOverview() {
     |          ^^^^^^^^^^^^^^
  66 |   const { user } = useAuth();
  67 |   const { data: history = [] } = useMyReservations(true);
  68 |   const nonCancelled = history.filter((r) => r.status !== "CANCELLED");

Ecmascript file had an error

Generated code of loaders [@locator/webpack-loader] transform of file content of app/dashboard/_components/DashboardHome/components/SkillOverviewCard/SkillOverviewCard.tsx:
./app/dashboard/_components/DashboardHome/components/SkillOverviewCard/SkillOverviewCard.tsx:65:10
  63 | }
  64 |
> 65 | function PlayerOverview() {
     |          ^^^^^^^^^^^^^^
  66 |   const { user } = useAuth();
  67 |   const { data: history = [] } = useMyReservations(true);
  68 |   const nonCancelled = history.filter((r) => r.status !== "CANCELLED");

Import traces:
  Client Component Browser:
    ./app/dashboard/_components/DashboardHome/components/SkillOverviewCard/SkillOverviewCard.tsx [Client Component Browser]
    ./app/dashboard/_components/DashboardHome/DashboardHome.tsx [Client Component Browser]
    ./app/dashboard/page.tsx [Client Component Browser]
    ./app/dashboard/page.tsx [Server Component]

  Client Component SSR:
    ./app/dashboard/_components/DashboardHome/components/SkillOverviewCard/SkillOverviewCard.tsx [Client Component SSR]
    ./app/dashboard/_components/DashboardHome/DashboardHome.tsx [Client Component SSR]
    ./app/dashboard/page.tsx [Client Component SSR]
    ./app/dashboard/page.tsx [Server Component] @ http://localhost:3000/_next/static/chunks/node_modules_next_dist_1gdrd03._.js:1945
[ 1551389ms] [ERROR] ./app/dashboard/_components/DashboardHome/components/SkillOverviewCard/SkillOverviewCard.tsx:34:10
the name `OwnerOverview` is defined multiple times
  32 | }
  33 |
> 34 | function OwnerOverview() {
     |          ^^^^^^^^^^^^^
  35 |   const today = new Date();
  36 |   const from = subDays(today, OWNER_RANGE_DAYS - 1);
  37 |   const { data: days = [] } = useOwnerReservationSummary(from, today);

Ecmascript file had an error

Generated code of loaders [@locator/webpack-loader] transform of file content of app/dashboard/_components/DashboardHome/components/SkillOverviewCard/SkillOverviewCard.tsx:
./app/dashboard/_components/DashboardHome/components/SkillOverviewCard/SkillOverviewCard.tsx:34:10
  32 | }
  33 |
> 34 | function OwnerOverview() {
     |          ^^^^^^^^^^^^^
  35 |   const today = new Date();
  36 |   const from = subDays(today, OWNER_RANGE_DAYS - 1);
  37 |   const { data: days = [] } = useOwnerReservationSummary(from, today);

Import traces:
  Client Component Browser:
    ./app/dashboard/_components/DashboardHome/components/SkillOverviewCard/SkillOverviewCard.tsx [Client Component Browser]
    ./app/dashboard/_components/DashboardHome/DashboardHome.tsx [Client Component Browser]
    ./app/dashboard/page.tsx [Client Component Browser]
    ./app/dashboard/page.tsx [Server Component]

  Client Component SSR:
    ./app/dashboard/_components/DashboardHome/components/SkillOverviewCard/SkillOverviewCard.tsx [Client Component SSR]
    ./app/dashboard/_components/DashboardHome/DashboardHome.tsx [Client Component SSR]
    ./app/dashboard/page.tsx [Client Component SSR]
    ./app/dashboard/page.tsx [Server Component] @ http://localhost:3000/_next/static/chunks/node_modules_next_dist_1gdrd03._.js:1945
[ 1551389ms] [ERROR] ./app/dashboard/_components/DashboardHome/components/SkillOverviewCard/SkillOverviewCard.tsx:65:10
the name `PlayerOverview` is defined multiple times
  63 | }
  64 |
> 65 | function PlayerOverview() {
     |          ^^^^^^^^^^^^^^
  66 |   const { user } = useAuth();
  67 |   const { data: history = [] } = useMyReservations(true);
  68 |   const nonCancelled = history.filter((r) => r.status !== "CANCELLED");

Ecmascript file had an error

Generated code of loaders [@locator/webpack-loader] transform of file content of app/dashboard/_components/DashboardHome/components/SkillOverviewCard/SkillOverviewCard.tsx:
./app/dashboard/_components/DashboardHome/components/SkillOverviewCard/SkillOverviewCard.tsx:65:10
  63 | }
  64 |
> 65 | function PlayerOverview() {
     |          ^^^^^^^^^^^^^^
  66 |   const { user } = useAuth();
  67 |   const { data: history = [] } = useMyReservations(true);
  68 |   const nonCancelled = history.filter((r) => r.status !== "CANCELLED");

Import traces:
  Client Component Browser:
    ./app/dashboard/_components/DashboardHome/components/SkillOverviewCard/SkillOverviewCard.tsx [Client Component Browser]
    ./app/dashboard/_components/DashboardHome/DashboardHome.tsx [Client Component Browser]
    ./app/dashboard/page.tsx [Client Component Browser]
    ./app/dashboard/page.tsx [Server Component]

  Client Component SSR:
    ./app/dashboard/_components/DashboardHome/components/SkillOverviewCard/SkillOverviewCard.tsx [Client Component SSR]
    ./app/dashboard/_components/DashboardHome/DashboardHome.tsx [Client Component SSR]
    ./app/dashboard/page.tsx [Client Component SSR]
    ./app/dashboard/page.tsx [Server Component] @ http://localhost:3000/_next/static/chunks/node_modules_next_dist_1gdrd03._.js:1945
[ 1551466ms] [ERROR] ./app/dashboard/_components/DashboardHome/components/SkillOverviewCard/SkillOverviewCard.tsx:34:10
the name `OwnerOverview` is defined multiple times
  32 | }
  33 |
> 34 | function OwnerOverview() {
     |          ^^^^^^^^^^^^^
  35 |   const today = new Date();
  36 |   const from = subDays(today, OWNER_RANGE_DAYS - 1);
  37 |   const { data: days = [] } = useOwnerReservationSummary(from, today);

Ecmascript file had an error

Generated code of loaders [@locator/webpack-loader] transform of file content of app/dashboard/_components/DashboardHome/components/SkillOverviewCard/SkillOverviewCard.tsx:
./app/dashboard/_components/DashboardHome/components/SkillOverviewCard/SkillOverviewCard.tsx:34:10
  32 | }
  33 |
> 34 | function OwnerOverview() {
     |          ^^^^^^^^^^^^^
  35 |   const today = new Date();
  36 |   const from = subDays(today, OWNER_RANGE_DAYS - 1);
  37 |   const { data: days = [] } = useOwnerReservationSummary(from, today);

Import traces:
  Client Component Browser:
    ./app/dashboard/_components/DashboardHome/components/SkillOverviewCard/SkillOverviewCard.tsx [Client Component Browser]
    ./app/dashboard/_components/DashboardHome/DashboardHome.tsx [Client Component Browser]
    ./app/dashboard/page.tsx [Client Component Browser]
    ./app/dashboard/page.tsx [Server Component]

  Client Component SSR:
    ./app/dashboard/_components/DashboardHome/components/SkillOverviewCard/SkillOverviewCard.tsx [Client Component SSR]
    ./app/dashboard/_components/DashboardHome/DashboardHome.tsx [Client Component SSR]
    ./app/dashboard/page.tsx [Client Component SSR]
    ./app/dashboard/page.tsx [Server Component] @ http://localhost:3000/_next/static/chunks/node_modules_next_dist_1gdrd03._.js:1945
[ 1551467ms] [ERROR] ./app/dashboard/_components/DashboardHome/components/SkillOverviewCard/SkillOverviewCard.tsx:65:10
the name `PlayerOverview` is defined multiple times
  63 | }
  64 |
> 65 | function PlayerOverview() {
     |          ^^^^^^^^^^^^^^
  66 |   const { user } = useAuth();
  67 |   const { data: history = [] } = useMyReservations(true);
  68 |   const nonCancelled = history.filter((r) => r.status !== "CANCELLED");

Ecmascript file had an error

Generated code of loaders [@locator/webpack-loader] transform of file content of app/dashboard/_components/DashboardHome/components/SkillOverviewCard/SkillOverviewCard.tsx:
./app/dashboard/_components/DashboardHome/components/SkillOverviewCard/SkillOverviewCard.tsx:65:10
  63 | }
  64 |
> 65 | function PlayerOverview() {
     |          ^^^^^^^^^^^^^^
  66 |   const { user } = useAuth();
  67 |   const { data: history = [] } = useMyReservations(true);
  68 |   const nonCancelled = history.filter((r) => r.status !== "CANCELLED");

Import traces:
  Client Component Browser:
    ./app/dashboard/_components/DashboardHome/components/SkillOverviewCard/SkillOverviewCard.tsx [Client Component Browser]
    ./app/dashboard/_components/DashboardHome/DashboardHome.tsx [Client Component Browser]
    ./app/dashboard/page.tsx [Client Component Browser]
    ./app/dashboard/page.tsx [Server Component]

  Client Component SSR:
    ./app/dashboard/_components/DashboardHome/components/SkillOverviewCard/SkillOverviewCard.tsx [Client Component SSR]
    ./app/dashboard/_components/DashboardHome/DashboardHome.tsx [Client Component SSR]
    ./app/dashboard/page.tsx [Client Component SSR]
    ./app/dashboard/page.tsx [Server Component] @ http://localhost:3000/_next/static/chunks/node_modules_next_dist_1gdrd03._.js:1945
[ 1551536ms] [ERROR] ./app/dashboard/_components/DashboardHome/components/SkillOverviewCard/SkillOverviewCard.tsx:34:10
the name `OwnerOverview` is defined multiple times
  32 | }
  33 |
> 34 | function OwnerOverview() {
     |          ^^^^^^^^^^^^^
  35 |   const today = new Date();
  36 |   const from = subDays(today, OWNER_RANGE_DAYS - 1);
  37 |   const { data: days = [] } = useOwnerReservationSummary(from, today);

Ecmascript file had an error

Generated code of loaders [@locator/webpack-loader] transform of file content of app/dashboard/_components/DashboardHome/components/SkillOverviewCard/SkillOverviewCard.tsx:
./app/dashboard/_components/DashboardHome/components/SkillOverviewCard/SkillOverviewCard.tsx:34:10
  32 | }
  33 |
> 34 | function OwnerOverview() {
     |          ^^^^^^^^^^^^^
  35 |   const today = new Date();
  36 |   const from = subDays(today, OWNER_RANGE_DAYS - 1);
  37 |   const { data: days = [] } = useOwnerReservationSummary(from, today);

Import traces:
  Client Component Browser:
    ./app/dashboard/_components/DashboardHome/components/SkillOverviewCard/SkillOverviewCard.tsx [Client Component Browser]
    ./app/dashboard/_components/DashboardHome/DashboardHome.tsx [Client Component Browser]
    ./app/dashboard/page.tsx [Client Component Browser]
    ./app/dashboard/page.tsx [Server Component]

  Client Component SSR:
    ./app/dashboard/_components/DashboardHome/components/SkillOverviewCard/SkillOverviewCard.tsx [Client Component SSR]
    ./app/dashboard/_components/DashboardHome/DashboardHome.tsx [Client Component SSR]
    ./app/dashboard/page.tsx [Client Component SSR]
    ./app/dashboard/page.tsx [Server Component] @ http://localhost:3000/_next/static/chunks/node_modules_next_dist_1gdrd03._.js:1945
[ 1551536ms] [ERROR] ./app/dashboard/_components/DashboardHome/components/SkillOverviewCard/SkillOverviewCard.tsx:65:10
the name `PlayerOverview` is defined multiple times
  63 | }
  64 |
> 65 | function PlayerOverview() {
     |          ^^^^^^^^^^^^^^
  66 |   const { user } = useAuth();
  67 |   const { data: history = [] } = useMyReservations(true);
  68 |   const nonCancelled = history.filter((r) => r.status !== "CANCELLED");

Ecmascript file had an error

Generated code of loaders [@locator/webpack-loader] transform of file content of app/dashboard/_components/DashboardHome/components/SkillOverviewCard/SkillOverviewCard.tsx:
./app/dashboard/_components/DashboardHome/components/SkillOverviewCard/SkillOverviewCard.tsx:65:10
  63 | }
  64 |
> 65 | function PlayerOverview() {
     |          ^^^^^^^^^^^^^^
  66 |   const { user } = useAuth();
  67 |   const { data: history = [] } = useMyReservations(true);
  68 |   const nonCancelled = history.filter((r) => r.status !== "CANCELLED");

Import traces:
  Client Component Browser:
    ./app/dashboard/_components/DashboardHome/components/SkillOverviewCard/SkillOverviewCard.tsx [Client Component Browser]
    ./app/dashboard/_components/DashboardHome/DashboardHome.tsx [Client Component Browser]
    ./app/dashboard/page.tsx [Client Component Browser]
    ./app/dashboard/page.tsx [Server Component]

  Client Component SSR:
    ./app/dashboard/_components/DashboardHome/components/SkillOverviewCard/SkillOverviewCard.tsx [Client Component SSR]
    ./app/dashboard/_components/DashboardHome/DashboardHome.tsx [Client Component SSR]
    ./app/dashboard/page.tsx [Client Component SSR]
    ./app/dashboard/page.tsx [Server Component] @ http://localhost:3000/_next/static/chunks/node_modules_next_dist_1gdrd03._.js:1945
[ 1551653ms] [LOG] [Fast Refresh] rebuilding @ http://localhost:3000/_next/static/chunks/node_modules_next_dist_1gdrd03._.js:1226
[ 1552760ms] [LOG] [Fast Refresh] done in 977ms @ http://localhost:3000/_next/static/chunks/node_modules_next_dist_1gdrd03._.js:1226
[ 1553596ms] [INFO] %cDownload the React DevTools for a better development experience: https://react.dev/link/react-devtools font-weight:bold @ http://localhost:3000/_next/static/chunks/node_modules_next_dist_1ybzpk2._.js:2477
[ 1553625ms] [LOG] [HMR] connected @ http://localhost:3000/_next/static/chunks/node_modules_next_dist_1ybzpk2._.js:2477
[ 1553704ms] [LOG] %c[Vercel Web Analytics]%c Debug mode is enabled by default in development. No requests will be sent to the server. color: rgb(120, 120, 120) color: inherit @ http://localhost:3000/_next/static/chunks/node_modules_next_dist_1ybzpk2._.js:2477
[ 1553704ms] [LOG] %c[Vercel Web Analytics]%c Running queued event color: rgb(120, 120, 120) color: inherit pageview {route: /dashboard, path: /dashboard} @ http://localhost:3000/_next/static/chunks/node_modules_next_dist_1ybzpk2._.js:2477
[ 1553704ms] [LOG] %c[Vercel Web Analytics]%c [view] http://localhost:3000/dashboard color: rgb(120, 120, 120) color: inherit {o: http://localhost:3000/dashboard, sv: 0.1.3, sdkn: @vercel/analytics/next, sdkv: 2.0.1, ts: 1785560874337} /_vercel/insights/view @ http://localhost:3000/_next/static/chunks/node_modules_next_dist_1ybzpk2._.js:2477
[ 1553704ms] [LOG] %c[Vercel Speed Insights]%c Debug mode is enabled by default in development. No requests will be sent to the server. color: rgb(120, 120, 120) color: inherit @ http://localhost:3000/_next/static/chunks/node_modules_next_dist_1ybzpk2._.js:2477
[ 1553755ms] [LOG] [Fast Refresh] rebuilding @ http://localhost:3000/_next/static/chunks/node_modules_next_dist_1ybzpk2._.js:2477
[ 1553822ms] [LOG] [Fast Refresh] done in 171ms @ http://localhost:3000/_next/static/chunks/node_modules_next_dist_1ybzpk2._.js:2477
[ 1553992ms] [WARNING] Clerk: Clerk has been loaded with development keys. Development instances have strict usage limits and should not be used when deploying your application to production. Learn more: https://clerk.com/docs/deployments/overview @ http://localhost:3000/_next/static/chunks/node_modules_next_dist_1ybzpk2._.js:2477
[ 1554405ms] [LOG] [Fast Refresh] rebuilding @ http://localhost:3000/_next/static/chunks/node_modules_next_dist_1ybzpk2._.js:2477
[ 1554414ms] [LOG] [Fast Refresh] done in 113ms @ http://localhost:3000/_next/static/chunks/node_modules_next_dist_1ybzpk2._.js:2477
[ 1554535ms] [LOG] [Fast Refresh] rebuilding @ http://localhost:3000/_next/static/chunks/node_modules_next_dist_1ybzpk2._.js:2477
[ 1554554ms] [LOG] [Fast Refresh] done in 125ms @ http://localhost:3000/_next/static/chunks/node_modules_next_dist_1ybzpk2._.js:2477
[ 1555620ms] [WARNING] Image with src "http://localhost:3000/logo.svg" has either width or height modified, but not the other. If you use CSS to change the size of your image, also include the styles 'width: "auto"' or 'height: "auto"' to maintain the aspect ratio. @ http://localhost:3000/_next/static/chunks/node_modules_next_dist_1ybzpk2._.js:2477
[ 1555725ms] [LOG] [Fast Refresh] rebuilding @ http://localhost:3000/_next/static/chunks/node_modules_next_dist_1ybzpk2._.js:2477
[ 1555747ms] [LOG] [Fast Refresh] done in 130ms @ http://localhost:3000/_next/static/chunks/node_modules_next_dist_1ybzpk2._.js:2477
[ 1559020ms] [WARNING] The resource https://enjoyed-mudfish-95.clerk.accounts.dev/npm/@clerk/ui@1/dist/ui.browser.js was preloaded using link preload but not used within a few seconds from the window's load event. Please make sure it has an appropriate `as` value and it is preloaded intentionally. @ http://localhost:3000/dashboard:0
[ 1559020ms] [WARNING] The resource http://localhost:3000/_next/image?url=%2F_next%2Fstatic%2Fmedia%2Fwoman-playing-paddle-tennis-side-view.1xcthvfgcn2qy.jpg&w=640&q=75 was preloaded using link preload but not used within a few seconds from the window's load event. Please make sure it has an appropriate `as` value and it is preloaded intentionally. @ http://localhost:3000/dashboard:0
[ 1565150ms] [LOG] [Fast Refresh] rebuilding @ http://localhost:3000/_next/static/chunks/node_modules_next_dist_1ybzpk2._.js:2477
[ 1565183ms] [LOG] [Fast Refresh] done in 144ms @ http://localhost:3000/_next/static/chunks/node_modules_next_dist_1ybzpk2._.js:2477
[ 1569127ms] [LOG] [Fast Refresh] rebuilding @ http://localhost:3000/_next/static/chunks/node_modules_next_dist_1ybzpk2._.js:2477
[ 1569127ms] [LOG] [Fast Refresh] done in 112ms @ http://localhost:3000/_next/static/chunks/node_modules_next_dist_1ybzpk2._.js:2477
[ 1570348ms] [LOG] [Fast Refresh] rebuilding @ http://localhost:3000/_next/static/chunks/node_modules_next_dist_1ybzpk2._.js:2477
[ 1570349ms] [LOG] [Fast Refresh] done in 113ms @ http://localhost:3000/_next/static/chunks/node_modules_next_dist_1ybzpk2._.js:2477
[ 1572204ms] [LOG] [Fast Refresh] rebuilding @ http://localhost:3000/_next/static/chunks/node_modules_next_dist_1ybzpk2._.js:2477
[ 1572205ms] [LOG] [Fast Refresh] done in 111ms @ http://localhost:3000/_next/static/chunks/node_modules_next_dist_1ybzpk2._.js:2477
[ 1573472ms] [LOG] [Fast Refresh] rebuilding @ http://localhost:3000/_next/static/chunks/node_modules_next_dist_1ybzpk2._.js:2477
[ 1573472ms] [LOG] [Fast Refresh] done in 113ms @ http://localhost:3000/_next/static/chunks/node_modules_next_dist_1ybzpk2._.js:2477
[ 1574701ms] [LOG] [Fast Refresh] rebuilding @ http://localhost:3000/_next/static/chunks/node_modules_next_dist_1ybzpk2._.js:2477
[ 1574701ms] [LOG] [Fast Refresh] done in 110ms @ http://localhost:3000/_next/static/chunks/node_modules_next_dist_1ybzpk2._.js:2477
[ 1575923ms] [LOG] [Fast Refresh] rebuilding @ http://localhost:3000/_next/static/chunks/node_modules_next_dist_1ybzpk2._.js:2477
[ 1575923ms] [LOG] [Fast Refresh] done in 114ms @ http://localhost:3000/_next/static/chunks/node_modules_next_dist_1ybzpk2._.js:2477
[ 1578592ms] [LOG] [Fast Refresh] rebuilding @ http://localhost:3000/_next/static/chunks/node_modules_next_dist_1ybzpk2._.js:2477
[ 1578670ms] [LOG] [Fast Refresh] done in 189ms @ http://localhost:3000/_next/static/chunks/node_modules_next_dist_1ybzpk2._.js:2477
[ 1579838ms] [LOG] [Fast Refresh] rebuilding @ http://localhost:3000/_next/static/chunks/node_modules_next_dist_1ybzpk2._.js:2477
[ 1579839ms] [LOG] [Fast Refresh] done in 103ms @ http://localhost:3000/_next/static/chunks/node_modules_next_dist_1ybzpk2._.js:2477
[ 1584071ms] [LOG] [Fast Refresh] rebuilding @ http://localhost:3000/_next/static/chunks/node_modules_next_dist_1ybzpk2._.js:2477
[ 1584948ms] [ERROR] ./app/dashboard/_components/DashboardHome/components/SessionLoadCard/SessionLoadCard.tsx:45:10
the name `OwnerUtilization` is defined multiple times
  43 | }
  44 |
> 45 | function OwnerUtilization() {
     |          ^^^^^^^^^^^^^^^^
  46 |   const today = new Date();
  47 |   const from = subDays(today, OWNER_UTILIZATION_RANGE_DAYS - 1);
  48 |   const { data: days = [] } = useOwnerReservationSummary(from, today);

Ecmascript file had an error

Generated code of loaders [@locator/webpack-loader] transform of file content of app/dashboard/_components/DashboardHome/components/SessionLoadCard/SessionLoadCard.tsx:
./app/dashboard/_components/DashboardHome/components/SessionLoadCard/SessionLoadCard.tsx:45:10
  43 | }
  44 |
> 45 | function OwnerUtilization() {
     |          ^^^^^^^^^^^^^^^^
  46 |   const today = new Date();
  47 |   const from = subDays(today, OWNER_UTILIZATION_RANGE_DAYS - 1);
  48 |   const { data: days = [] } = useOwnerReservationSummary(from, today);

Import traces:
  Client Component Browser:
    ./app/dashboard/_components/DashboardHome/components/SessionLoadCard/SessionLoadCard.tsx [Client Component Browser]
    ./app/dashboard/_components/DashboardHome/DashboardHome.tsx [Client Component Browser]
    ./app/dashboard/page.tsx [Client Component Browser]
    ./app/dashboard/page.tsx [Server Component]

  Client Component SSR:
    ./app/dashboard/_components/DashboardHome/components/SessionLoadCard/SessionLoadCard.tsx [Client Component SSR]
    ./app/dashboard/_components/DashboardHome/DashboardHome.tsx [Client Component SSR]
    ./app/dashboard/page.tsx [Client Component SSR]
    ./app/dashboard/page.tsx [Server Component] @ http://localhost:3000/_next/static/chunks/node_modules_next_dist_1ybzpk2._.js:3318
[ 1584948ms] [ERROR] ./app/dashboard/_components/DashboardHome/components/SessionLoadCard/SessionLoadCard.tsx:66:10
the name `PlayerUtilization` is defined multiple times
  64 | }
  65 |
> 66 | function PlayerUtilization() {
     |          ^^^^^^^^^^^^^^^^^
  67 |   const { data: history = [] } = useMyReservations(true);
  68 |   const nonCancelled = history.filter((r) => r.status !== "CANCELLED");
  69 |   const counts = getWeeklyCounts(

Ecmascript file had an error

Generated code of loaders [@locator/webpack-loader] transform of file content of app/dashboard/_components/DashboardHome/components/SessionLoadCard/SessionLoadCard.tsx:
./app/dashboard/_components/DashboardHome/components/SessionLoadCard/SessionLoadCard.tsx:66:10
  64 | }
  65 |
> 66 | function PlayerUtilization() {
     |          ^^^^^^^^^^^^^^^^^
  67 |   const { data: history = [] } = useMyReservations(true);
  68 |   const nonCancelled = history.filter((r) => r.status !== "CANCELLED");
  69 |   const counts = getWeeklyCounts(

Import traces:
  Client Component Browser:
    ./app/dashboard/_components/DashboardHome/components/SessionLoadCard/SessionLoadCard.tsx [Client Component Browser]
    ./app/dashboard/_components/DashboardHome/DashboardHome.tsx [Client Component Browser]
    ./app/dashboard/page.tsx [Client Component Browser]
    ./app/dashboard/page.tsx [Server Component]

  Client Component SSR:
    ./app/dashboard/_components/DashboardHome/components/SessionLoadCard/SessionLoadCard.tsx [Client Component SSR]
    ./app/dashboard/_components/DashboardHome/DashboardHome.tsx [Client Component SSR]
    ./app/dashboard/page.tsx [Client Component SSR]
    ./app/dashboard/page.tsx [Server Component] @ http://localhost:3000/_next/static/chunks/node_modules_next_dist_1ybzpk2._.js:3318
[ 1585033ms] [ERROR] ./app/dashboard/_components/DashboardHome/components/SessionLoadCard/SessionLoadCard.tsx:45:10
the name `OwnerUtilization` is defined multiple times
  43 | }
  44 |
> 45 | function OwnerUtilization() {
     |          ^^^^^^^^^^^^^^^^
  46 |   const today = new Date();
  47 |   const from = subDays(today, OWNER_UTILIZATION_RANGE_DAYS - 1);
  48 |   const { data: days = [] } = useOwnerReservationSummary(from, today);

Ecmascript file had an error

Generated code of loaders [@locator/webpack-loader] transform of file content of app/dashboard/_components/DashboardHome/components/SessionLoadCard/SessionLoadCard.tsx:
./app/dashboard/_components/DashboardHome/components/SessionLoadCard/SessionLoadCard.tsx:45:10
  43 | }
  44 |
> 45 | function OwnerUtilization() {
     |          ^^^^^^^^^^^^^^^^
  46 |   const today = new Date();
  47 |   const from = subDays(today, OWNER_UTILIZATION_RANGE_DAYS - 1);
  48 |   const { data: days = [] } = useOwnerReservationSummary(from, today);

Import traces:
  Client Component Browser:
    ./app/dashboard/_components/DashboardHome/components/SessionLoadCard/SessionLoadCard.tsx [Client Component Browser]
    ./app/dashboard/_components/DashboardHome/DashboardHome.tsx [Client Component Browser]
    ./app/dashboard/page.tsx [Client Component Browser]
    ./app/dashboard/page.tsx [Server Component]

  Client Component SSR:
    ./app/dashboard/_components/DashboardHome/components/SessionLoadCard/SessionLoadCard.tsx [Client Component SSR]
    ./app/dashboard/_components/DashboardHome/DashboardHome.tsx [Client Component SSR]
    ./app/dashboard/page.tsx [Client Component SSR]
    ./app/dashboard/page.tsx [Server Component] @ http://localhost:3000/_next/static/chunks/node_modules_next_dist_1ybzpk2._.js:3318
[ 1585033ms] [ERROR] ./app/dashboard/_components/DashboardHome/components/SessionLoadCard/SessionLoadCard.tsx:66:10
the name `PlayerUtilization` is defined multiple times
  64 | }
  65 |
> 66 | function PlayerUtilization() {
     |          ^^^^^^^^^^^^^^^^^
  67 |   const { data: history = [] } = useMyReservations(true);
  68 |   const nonCancelled = history.filter((r) => r.status !== "CANCELLED");
  69 |   const counts = getWeeklyCounts(

Ecmascript file had an error

Generated code of loaders [@locator/webpack-loader] transform of file content of app/dashboard/_components/DashboardHome/components/SessionLoadCard/SessionLoadCard.tsx:
./app/dashboard/_components/DashboardHome/components/SessionLoadCard/SessionLoadCard.tsx:66:10
  64 | }
  65 |
> 66 | function PlayerUtilization() {
     |          ^^^^^^^^^^^^^^^^^
  67 |   const { data: history = [] } = useMyReservations(true);
  68 |   const nonCancelled = history.filter((r) => r.status !== "CANCELLED");
  69 |   const counts = getWeeklyCounts(

Import traces:
  Client Component Browser:
    ./app/dashboard/_components/DashboardHome/components/SessionLoadCard/SessionLoadCard.tsx [Client Component Browser]
    ./app/dashboard/_components/DashboardHome/DashboardHome.tsx [Client Component Browser]
    ./app/dashboard/page.tsx [Client Component Browser]
    ./app/dashboard/page.tsx [Server Component]

  Client Component SSR:
    ./app/dashboard/_components/DashboardHome/components/SessionLoadCard/SessionLoadCard.tsx [Client Component SSR]
    ./app/dashboard/_components/DashboardHome/DashboardHome.tsx [Client Component SSR]
    ./app/dashboard/page.tsx [Client Component SSR]
    ./app/dashboard/page.tsx [Server Component] @ http://localhost:3000/_next/static/chunks/node_modules_next_dist_1ybzpk2._.js:3318
[ 1585102ms] [ERROR] ./app/dashboard/_components/DashboardHome/components/SessionLoadCard/SessionLoadCard.tsx:45:10
the name `OwnerUtilization` is defined multiple times
  43 | }
  44 |
> 45 | function OwnerUtilization() {
     |          ^^^^^^^^^^^^^^^^
  46 |   const today = new Date();
  47 |   const from = subDays(today, OWNER_UTILIZATION_RANGE_DAYS - 1);
  48 |   const { data: days = [] } = useOwnerReservationSummary(from, today);

Ecmascript file had an error

Generated code of loaders [@locator/webpack-loader] transform of file content of app/dashboard/_components/DashboardHome/components/SessionLoadCard/SessionLoadCard.tsx:
./app/dashboard/_components/DashboardHome/components/SessionLoadCard/SessionLoadCard.tsx:45:10
  43 | }
  44 |
> 45 | function OwnerUtilization() {
     |          ^^^^^^^^^^^^^^^^
  46 |   const today = new Date();
  47 |   const from = subDays(today, OWNER_UTILIZATION_RANGE_DAYS - 1);
  48 |   const { data: days = [] } = useOwnerReservationSummary(from, today);

Import traces:
  Client Component Browser:
    ./app/dashboard/_components/DashboardHome/components/SessionLoadCard/SessionLoadCard.tsx [Client Component Browser]
    ./app/dashboard/_components/DashboardHome/DashboardHome.tsx [Client Component Browser]
    ./app/dashboard/page.tsx [Client Component Browser]
    ./app/dashboard/page.tsx [Server Component]

  Client Component SSR:
    ./app/dashboard/_components/DashboardHome/components/SessionLoadCard/SessionLoadCard.tsx [Client Component SSR]
    ./app/dashboard/_components/DashboardHome/DashboardHome.tsx [Client Component SSR]
    ./app/dashboard/page.tsx [Client Component SSR]
    ./app/dashboard/page.tsx [Server Component] @ http://localhost:3000/_next/static/chunks/node_modules_next_dist_1ybzpk2._.js:3318
[ 1585102ms] [ERROR] ./app/dashboard/_components/DashboardHome/components/SessionLoadCard/SessionLoadCard.tsx:66:10
the name `PlayerUtilization` is defined multiple times
  64 | }
  65 |
> 66 | function PlayerUtilization() {
     |          ^^^^^^^^^^^^^^^^^
  67 |   const { data: history = [] } = useMyReservations(true);
  68 |   const nonCancelled = history.filter((r) => r.status !== "CANCELLED");
  69 |   const counts = getWeeklyCounts(

Ecmascript file had an error

Generated code of loaders [@locator/webpack-loader] transform of file content of app/dashboard/_components/DashboardHome/components/SessionLoadCard/SessionLoadCard.tsx:
./app/dashboard/_components/DashboardHome/components/SessionLoadCard/SessionLoadCard.tsx:66:10
  64 | }
  65 |
> 66 | function PlayerUtilization() {
     |          ^^^^^^^^^^^^^^^^^
  67 |   const { data: history = [] } = useMyReservations(true);
  68 |   const nonCancelled = history.filter((r) => r.status !== "CANCELLED");
  69 |   const counts = getWeeklyCounts(

Import traces:
  Client Component Browser:
    ./app/dashboard/_components/DashboardHome/components/SessionLoadCard/SessionLoadCard.tsx [Client Component Browser]
    ./app/dashboard/_components/DashboardHome/DashboardHome.tsx [Client Component Browser]
    ./app/dashboard/page.tsx [Client Component Browser]
    ./app/dashboard/page.tsx [Server Component]

  Client Component SSR:
    ./app/dashboard/_components/DashboardHome/components/SessionLoadCard/SessionLoadCard.tsx [Client Component SSR]
    ./app/dashboard/_components/DashboardHome/DashboardHome.tsx [Client Component SSR]
    ./app/dashboard/page.tsx [Client Component SSR]
    ./app/dashboard/page.tsx [Server Component] @ http://localhost:3000/_next/static/chunks/node_modules_next_dist_1ybzpk2._.js:3318
[ 1585165ms] [ERROR] ./app/dashboard/_components/DashboardHome/components/SessionLoadCard/SessionLoadCard.tsx:45:10
the name `OwnerUtilization` is defined multiple times
  43 | }
  44 |
> 45 | function OwnerUtilization() {
     |          ^^^^^^^^^^^^^^^^
  46 |   const today = new Date();
  47 |   const from = subDays(today, OWNER_UTILIZATION_RANGE_DAYS - 1);
  48 |   const { data: days = [] } = useOwnerReservationSummary(from, today);

Ecmascript file had an error

Generated code of loaders [@locator/webpack-loader] transform of file content of app/dashboard/_components/DashboardHome/components/SessionLoadCard/SessionLoadCard.tsx:
./app/dashboard/_components/DashboardHome/components/SessionLoadCard/SessionLoadCard.tsx:45:10
  43 | }
  44 |
> 45 | function OwnerUtilization() {
     |          ^^^^^^^^^^^^^^^^
  46 |   const today = new Date();
  47 |   const from = subDays(today, OWNER_UTILIZATION_RANGE_DAYS - 1);
  48 |   const { data: days = [] } = useOwnerReservationSummary(from, today);

Import traces:
  Client Component Browser:
    ./app/dashboard/_components/DashboardHome/components/SessionLoadCard/SessionLoadCard.tsx [Client Component Browser]
    ./app/dashboard/_components/DashboardHome/DashboardHome.tsx [Client Component Browser]
    ./app/dashboard/page.tsx [Client Component Browser]
    ./app/dashboard/page.tsx [Server Component]

  Client Component SSR:
    ./app/dashboard/_components/DashboardHome/components/SessionLoadCard/SessionLoadCard.tsx [Client Component SSR]
    ./app/dashboard/_components/DashboardHome/DashboardHome.tsx [Client Component SSR]
    ./app/dashboard/page.tsx [Client Component SSR]
    ./app/dashboard/page.tsx [Server Component] @ http://localhost:3000/_next/static/chunks/node_modules_next_dist_1ybzpk2._.js:3318
[ 1585165ms] [ERROR] ./app/dashboard/_components/DashboardHome/components/SessionLoadCard/SessionLoadCard.tsx:66:10
the name `PlayerUtilization` is defined multiple times
  64 | }
  65 |
> 66 | function PlayerUtilization() {
     |          ^^^^^^^^^^^^^^^^^
  67 |   const { data: history = [] } = useMyReservations(true);
  68 |   const nonCancelled = history.filter((r) => r.status !== "CANCELLED");
  69 |   const counts = getWeeklyCounts(

Ecmascript file had an error

Generated code of loaders [@locator/webpack-loader] transform of file content of app/dashboard/_components/DashboardHome/components/SessionLoadCard/SessionLoadCard.tsx:
./app/dashboard/_components/DashboardHome/components/SessionLoadCard/SessionLoadCard.tsx:66:10
  64 | }
  65 |
> 66 | function PlayerUtilization() {
     |          ^^^^^^^^^^^^^^^^^
  67 |   const { data: history = [] } = useMyReservations(true);
  68 |   const nonCancelled = history.filter((r) => r.status !== "CANCELLED");
  69 |   const counts = getWeeklyCounts(

Import traces:
  Client Component Browser:
    ./app/dashboard/_components/DashboardHome/components/SessionLoadCard/SessionLoadCard.tsx [Client Component Browser]
    ./app/dashboard/_components/DashboardHome/DashboardHome.tsx [Client Component Browser]
    ./app/dashboard/page.tsx [Client Component Browser]
    ./app/dashboard/page.tsx [Server Component]

  Client Component SSR:
    ./app/dashboard/_components/DashboardHome/components/SessionLoadCard/SessionLoadCard.tsx [Client Component SSR]
    ./app/dashboard/_components/DashboardHome/DashboardHome.tsx [Client Component SSR]
    ./app/dashboard/page.tsx [Client Component SSR]
    ./app/dashboard/page.tsx [Server Component] @ http://localhost:3000/_next/static/chunks/node_modules_next_dist_1ybzpk2._.js:3318
[ 1585228ms] [ERROR] ./app/dashboard/_components/DashboardHome/components/SessionLoadCard/SessionLoadCard.tsx:45:10
the name `OwnerUtilization` is defined multiple times
  43 | }
  44 |
> 45 | function OwnerUtilization() {
     |          ^^^^^^^^^^^^^^^^
  46 |   const today = new Date();
  47 |   const from = subDays(today, OWNER_UTILIZATION_RANGE_DAYS - 1);
  48 |   const { data: days = [] } = useOwnerReservationSummary(from, today);

Ecmascript file had an error

Generated code of loaders [@locator/webpack-loader] transform of file content of app/dashboard/_components/DashboardHome/components/SessionLoadCard/SessionLoadCard.tsx:
./app/dashboard/_components/DashboardHome/components/SessionLoadCard/SessionLoadCard.tsx:45:10
  43 | }
  44 |
> 45 | function OwnerUtilization() {
     |          ^^^^^^^^^^^^^^^^
  46 |   const today = new Date();
  47 |   const from = subDays(today, OWNER_UTILIZATION_RANGE_DAYS - 1);
  48 |   const { data: days = [] } = useOwnerReservationSummary(from, today);

Import traces:
  Client Component Browser:
    ./app/dashboard/_components/DashboardHome/components/SessionLoadCard/SessionLoadCard.tsx [Client Component Browser]
    ./app/dashboard/_components/DashboardHome/DashboardHome.tsx [Client Component Browser]
    ./app/dashboard/page.tsx [Client Component Browser]
    ./app/dashboard/page.tsx [Server Component]

  Client Component SSR:
    ./app/dashboard/_components/DashboardHome/components/SessionLoadCard/SessionLoadCard.tsx [Client Component SSR]
    ./app/dashboard/_components/DashboardHome/DashboardHome.tsx [Client Component SSR]
    ./app/dashboard/page.tsx [Client Component SSR]
    ./app/dashboard/page.tsx [Server Component] @ http://localhost:3000/_next/static/chunks/node_modules_next_dist_1ybzpk2._.js:3318
[ 1585228ms] [ERROR] ./app/dashboard/_components/DashboardHome/components/SessionLoadCard/SessionLoadCard.tsx:66:10
the name `PlayerUtilization` is defined multiple times
  64 | }
  65 |
> 66 | function PlayerUtilization() {
     |          ^^^^^^^^^^^^^^^^^
  67 |   const { data: history = [] } = useMyReservations(true);
  68 |   const nonCancelled = history.filter((r) => r.status !== "CANCELLED");
  69 |   const counts = getWeeklyCounts(

Ecmascript file had an error

Generated code of loaders [@locator/webpack-loader] transform of file content of app/dashboard/_components/DashboardHome/components/SessionLoadCard/SessionLoadCard.tsx:
./app/dashboard/_components/DashboardHome/components/SessionLoadCard/SessionLoadCard.tsx:66:10
  64 | }
  65 |
> 66 | function PlayerUtilization() {
     |          ^^^^^^^^^^^^^^^^^
  67 |   const { data: history = [] } = useMyReservations(true);
  68 |   const nonCancelled = history.filter((r) => r.status !== "CANCELLED");
  69 |   const counts = getWeeklyCounts(

Import traces:
  Client Component Browser:
    ./app/dashboard/_components/DashboardHome/components/SessionLoadCard/SessionLoadCard.tsx [Client Component Browser]
    ./app/dashboard/_components/DashboardHome/DashboardHome.tsx [Client Component Browser]
    ./app/dashboard/page.tsx [Client Component Browser]
    ./app/dashboard/page.tsx [Server Component]

  Client Component SSR:
    ./app/dashboard/_components/DashboardHome/components/SessionLoadCard/SessionLoadCard.tsx [Client Component SSR]
    ./app/dashboard/_components/DashboardHome/DashboardHome.tsx [Client Component SSR]
    ./app/dashboard/page.tsx [Client Component SSR]
    ./app/dashboard/page.tsx [Server Component] @ http://localhost:3000/_next/static/chunks/node_modules_next_dist_1ybzpk2._.js:3318
[ 1585291ms] [ERROR] ./app/dashboard/_components/DashboardHome/components/SessionLoadCard/SessionLoadCard.tsx:45:10
the name `OwnerUtilization` is defined multiple times
  43 | }
  44 |
> 45 | function OwnerUtilization() {
     |          ^^^^^^^^^^^^^^^^
  46 |   const today = new Date();
  47 |   const from = subDays(today, OWNER_UTILIZATION_RANGE_DAYS - 1);
  48 |   const { data: days = [] } = useOwnerReservationSummary(from, today);

Ecmascript file had an error

Generated code of loaders [@locator/webpack-loader] transform of file content of app/dashboard/_components/DashboardHome/components/SessionLoadCard/SessionLoadCard.tsx:
./app/dashboard/_components/DashboardHome/components/SessionLoadCard/SessionLoadCard.tsx:45:10
  43 | }
  44 |
> 45 | function OwnerUtilization() {
     |          ^^^^^^^^^^^^^^^^
  46 |   const today = new Date();
  47 |   const from = subDays(today, OWNER_UTILIZATION_RANGE_DAYS - 1);
  48 |   const { data: days = [] } = useOwnerReservationSummary(from, today);

Import traces:
  Client Component Browser:
    ./app/dashboard/_components/DashboardHome/components/SessionLoadCard/SessionLoadCard.tsx [Client Component Browser]
    ./app/dashboard/_components/DashboardHome/DashboardHome.tsx [Client Component Browser]
    ./app/dashboard/page.tsx [Client Component Browser]
    ./app/dashboard/page.tsx [Server Component]

  Client Component SSR:
    ./app/dashboard/_components/DashboardHome/components/SessionLoadCard/SessionLoadCard.tsx [Client Component SSR]
    ./app/dashboard/_components/DashboardHome/DashboardHome.tsx [Client Component SSR]
    ./app/dashboard/page.tsx [Client Component SSR]
    ./app/dashboard/page.tsx [Server Component] @ http://localhost:3000/_next/static/chunks/node_modules_next_dist_1ybzpk2._.js:3318
[ 1585291ms] [ERROR] ./app/dashboard/_components/DashboardHome/components/SessionLoadCard/SessionLoadCard.tsx:66:10
the name `PlayerUtilization` is defined multiple times
  64 | }
  65 |
> 66 | function PlayerUtilization() {
     |          ^^^^^^^^^^^^^^^^^
  67 |   const { data: history = [] } = useMyReservations(true);
  68 |   const nonCancelled = history.filter((r) => r.status !== "CANCELLED");
  69 |   const counts = getWeeklyCounts(

Ecmascript file had an error

Generated code of loaders [@locator/webpack-loader] transform of file content of app/dashboard/_components/DashboardHome/components/SessionLoadCard/SessionLoadCard.tsx:
./app/dashboard/_components/DashboardHome/components/SessionLoadCard/SessionLoadCard.tsx:66:10
  64 | }
  65 |
> 66 | function PlayerUtilization() {
     |          ^^^^^^^^^^^^^^^^^
  67 |   const { data: history = [] } = useMyReservations(true);
  68 |   const nonCancelled = history.filter((r) => r.status !== "CANCELLED");
  69 |   const counts = getWeeklyCounts(

Import traces:
  Client Component Browser:
    ./app/dashboard/_components/DashboardHome/components/SessionLoadCard/SessionLoadCard.tsx [Client Component Browser]
    ./app/dashboard/_components/DashboardHome/DashboardHome.tsx [Client Component Browser]
    ./app/dashboard/page.tsx [Client Component Browser]
    ./app/dashboard/page.tsx [Server Component]

  Client Component SSR:
    ./app/dashboard/_components/DashboardHome/components/SessionLoadCard/SessionLoadCard.tsx [Client Component SSR]
    ./app/dashboard/_components/DashboardHome/DashboardHome.tsx [Client Component SSR]
    ./app/dashboard/page.tsx [Client Component SSR]
    ./app/dashboard/page.tsx [Server Component] @ http://localhost:3000/_next/static/chunks/node_modules_next_dist_1ybzpk2._.js:3318
[ 1585354ms] [ERROR] ./app/dashboard/_components/DashboardHome/components/SessionLoadCard/SessionLoadCard.tsx:45:10
the name `OwnerUtilization` is defined multiple times
  43 | }
  44 |
> 45 | function OwnerUtilization() {
     |          ^^^^^^^^^^^^^^^^
  46 |   const today = new Date();
  47 |   const from = subDays(today, OWNER_UTILIZATION_RANGE_DAYS - 1);
  48 |   const { data: days = [] } = useOwnerReservationSummary(from, today);

Ecmascript file had an error

Generated code of loaders [@locator/webpack-loader] transform of file content of app/dashboard/_components/DashboardHome/components/SessionLoadCard/SessionLoadCard.tsx:
./app/dashboard/_components/DashboardHome/components/SessionLoadCard/SessionLoadCard.tsx:45:10
  43 | }
  44 |
> 45 | function OwnerUtilization() {
     |          ^^^^^^^^^^^^^^^^
  46 |   const today = new Date();
  47 |   const from = subDays(today, OWNER_UTILIZATION_RANGE_DAYS - 1);
  48 |   const { data: days = [] } = useOwnerReservationSummary(from, today);

Import traces:
  Client Component Browser:
    ./app/dashboard/_components/DashboardHome/components/SessionLoadCard/SessionLoadCard.tsx [Client Component Browser]
    ./app/dashboard/_components/DashboardHome/DashboardHome.tsx [Client Component Browser]
    ./app/dashboard/page.tsx [Client Component Browser]
    ./app/dashboard/page.tsx [Server Component]

  Client Component SSR:
    ./app/dashboard/_components/DashboardHome/components/SessionLoadCard/SessionLoadCard.tsx [Client Component SSR]
    ./app/dashboard/_components/DashboardHome/DashboardHome.tsx [Client Component SSR]
    ./app/dashboard/page.tsx [Client Component SSR]
    ./app/dashboard/page.tsx [Server Component] @ http://localhost:3000/_next/static/chunks/node_modules_next_dist_1ybzpk2._.js:3318
[ 1585354ms] [ERROR] ./app/dashboard/_components/DashboardHome/components/SessionLoadCard/SessionLoadCard.tsx:66:10
the name `PlayerUtilization` is defined multiple times
  64 | }
  65 |
> 66 | function PlayerUtilization() {
     |          ^^^^^^^^^^^^^^^^^
  67 |   const { data: history = [] } = useMyReservations(true);
  68 |   const nonCancelled = history.filter((r) => r.status !== "CANCELLED");
  69 |   const counts = getWeeklyCounts(

Ecmascript file had an error

Generated code of loaders [@locator/webpack-loader] transform of file content of app/dashboard/_components/DashboardHome/components/SessionLoadCard/SessionLoadCard.tsx:
./app/dashboard/_components/DashboardHome/components/SessionLoadCard/SessionLoadCard.tsx:66:10
  64 | }
  65 |
> 66 | function PlayerUtilization() {
     |          ^^^^^^^^^^^^^^^^^
  67 |   const { data: history = [] } = useMyReservations(true);
  68 |   const nonCancelled = history.filter((r) => r.status !== "CANCELLED");
  69 |   const counts = getWeeklyCounts(

Import traces:
  Client Component Browser:
    ./app/dashboard/_components/DashboardHome/components/SessionLoadCard/SessionLoadCard.tsx [Client Component Browser]
    ./app/dashboard/_components/DashboardHome/DashboardHome.tsx [Client Component Browser]
    ./app/dashboard/page.tsx [Client Component Browser]
    ./app/dashboard/page.tsx [Server Component]

  Client Component SSR:
    ./app/dashboard/_components/DashboardHome/components/SessionLoadCard/SessionLoadCard.tsx [Client Component SSR]
    ./app/dashboard/_components/DashboardHome/DashboardHome.tsx [Client Component SSR]
    ./app/dashboard/page.tsx [Client Component SSR]
    ./app/dashboard/page.tsx [Server Component] @ http://localhost:3000/_next/static/chunks/node_modules_next_dist_1ybzpk2._.js:3318
[ 1585431ms] [ERROR] ./app/dashboard/_components/DashboardHome/components/SessionLoadCard/SessionLoadCard.tsx:45:10
the name `OwnerUtilization` is defined multiple times
  43 | }
  44 |
> 45 | function OwnerUtilization() {
     |          ^^^^^^^^^^^^^^^^
  46 |   const today = new Date();
  47 |   const from = subDays(today, OWNER_UTILIZATION_RANGE_DAYS - 1);
  48 |   const { data: days = [] } = useOwnerReservationSummary(from, today);

Ecmascript file had an error

Generated code of loaders [@locator/webpack-loader] transform of file content of app/dashboard/_components/DashboardHome/components/SessionLoadCard/SessionLoadCard.tsx:
./app/dashboard/_components/DashboardHome/components/SessionLoadCard/SessionLoadCard.tsx:45:10
  43 | }
  44 |
> 45 | function OwnerUtilization() {
     |          ^^^^^^^^^^^^^^^^
  46 |   const today = new Date();
  47 |   const from = subDays(today, OWNER_UTILIZATION_RANGE_DAYS - 1);
  48 |   const { data: days = [] } = useOwnerReservationSummary(from, today);

Import traces:
  Client Component Browser:
    ./app/dashboard/_components/DashboardHome/components/SessionLoadCard/SessionLoadCard.tsx [Client Component Browser]
    ./app/dashboard/_components/DashboardHome/DashboardHome.tsx [Client Component Browser]
    ./app/dashboard/page.tsx [Client Component Browser]
    ./app/dashboard/page.tsx [Server Component]

  Client Component SSR:
    ./app/dashboard/_components/DashboardHome/components/SessionLoadCard/SessionLoadCard.tsx [Client Component SSR]
    ./app/dashboard/_components/DashboardHome/DashboardHome.tsx [Client Component SSR]
    ./app/dashboard/page.tsx [Client Component SSR]
    ./app/dashboard/page.tsx [Server Component] @ http://localhost:3000/_next/static/chunks/node_modules_next_dist_1ybzpk2._.js:3318
[ 1585432ms] [ERROR] ./app/dashboard/_components/DashboardHome/components/SessionLoadCard/SessionLoadCard.tsx:66:10
the name `PlayerUtilization` is defined multiple times
  64 | }
  65 |
> 66 | function PlayerUtilization() {
     |          ^^^^^^^^^^^^^^^^^
  67 |   const { data: history = [] } = useMyReservations(true);
  68 |   const nonCancelled = history.filter((r) => r.status !== "CANCELLED");
  69 |   const counts = getWeeklyCounts(

Ecmascript file had an error

Generated code of loaders [@locator/webpack-loader] transform of file content of app/dashboard/_components/DashboardHome/components/SessionLoadCard/SessionLoadCard.tsx:
./app/dashboard/_components/DashboardHome/components/SessionLoadCard/SessionLoadCard.tsx:66:10
  64 | }
  65 |
> 66 | function PlayerUtilization() {
     |          ^^^^^^^^^^^^^^^^^
  67 |   const { data: history = [] } = useMyReservations(true);
  68 |   const nonCancelled = history.filter((r) => r.status !== "CANCELLED");
  69 |   const counts = getWeeklyCounts(

Import traces:
  Client Component Browser:
    ./app/dashboard/_components/DashboardHome/components/SessionLoadCard/SessionLoadCard.tsx [Client Component Browser]
    ./app/dashboard/_components/DashboardHome/DashboardHome.tsx [Client Component Browser]
    ./app/dashboard/page.tsx [Client Component Browser]
    ./app/dashboard/page.tsx [Server Component]

  Client Component SSR:
    ./app/dashboard/_components/DashboardHome/components/SessionLoadCard/SessionLoadCard.tsx [Client Component SSR]
    ./app/dashboard/_components/DashboardHome/DashboardHome.tsx [Client Component SSR]
    ./app/dashboard/page.tsx [Client Component SSR]
    ./app/dashboard/page.tsx [Server Component] @ http://localhost:3000/_next/static/chunks/node_modules_next_dist_1ybzpk2._.js:3318
[ 1585531ms] [ERROR] ./app/dashboard/_components/DashboardHome/components/SessionLoadCard/SessionLoadCard.tsx:45:10
the name `OwnerUtilization` is defined multiple times
  43 | }
  44 |
> 45 | function OwnerUtilization() {
     |          ^^^^^^^^^^^^^^^^
  46 |   const today = new Date();
  47 |   const from = subDays(today, OWNER_UTILIZATION_RANGE_DAYS - 1);
  48 |   const { data: days = [] } = useOwnerReservationSummary(from, today);

Ecmascript file had an error

Generated code of loaders [@locator/webpack-loader] transform of file content of app/dashboard/_components/DashboardHome/components/SessionLoadCard/SessionLoadCard.tsx:
./app/dashboard/_components/DashboardHome/components/SessionLoadCard/SessionLoadCard.tsx:45:10
  43 | }
  44 |
> 45 | function OwnerUtilization() {
     |          ^^^^^^^^^^^^^^^^
  46 |   const today = new Date();
  47 |   const from = subDays(today, OWNER_UTILIZATION_RANGE_DAYS - 1);
  48 |   const { data: days = [] } = useOwnerReservationSummary(from, today);

Import traces:
  Client Component Browser:
    ./app/dashboard/_components/DashboardHome/components/SessionLoadCard/SessionLoadCard.tsx [Client Component Browser]
    ./app/dashboard/_components/DashboardHome/DashboardHome.tsx [Client Component Browser]
    ./app/dashboard/page.tsx [Client Component Browser]
    ./app/dashboard/page.tsx [Server Component]

  Client Component SSR:
    ./app/dashboard/_components/DashboardHome/components/SessionLoadCard/SessionLoadCard.tsx [Client Component SSR]
    ./app/dashboard/_components/DashboardHome/DashboardHome.tsx [Client Component SSR]
    ./app/dashboard/page.tsx [Client Component SSR]
    ./app/dashboard/page.tsx [Server Component] @ http://localhost:3000/_next/static/chunks/node_modules_next_dist_1ybzpk2._.js:3318
[ 1585531ms] [ERROR] ./app/dashboard/_components/DashboardHome/components/SessionLoadCard/SessionLoadCard.tsx:66:10
the name `PlayerUtilization` is defined multiple times
  64 | }
  65 |
> 66 | function PlayerUtilization() {
     |          ^^^^^^^^^^^^^^^^^
  67 |   const { data: history = [] } = useMyReservations(true);
  68 |   const nonCancelled = history.filter((r) => r.status !== "CANCELLED");
  69 |   const counts = getWeeklyCounts(

Ecmascript file had an error

Generated code of loaders [@locator/webpack-loader] transform of file content of app/dashboard/_components/DashboardHome/components/SessionLoadCard/SessionLoadCard.tsx:
./app/dashboard/_components/DashboardHome/components/SessionLoadCard/SessionLoadCard.tsx:66:10
  64 | }
  65 |
> 66 | function PlayerUtilization() {
     |          ^^^^^^^^^^^^^^^^^
  67 |   const { data: history = [] } = useMyReservations(true);
  68 |   const nonCancelled = history.filter((r) => r.status !== "CANCELLED");
  69 |   const counts = getWeeklyCounts(

Import traces:
  Client Component Browser:
    ./app/dashboard/_components/DashboardHome/components/SessionLoadCard/SessionLoadCard.tsx [Client Component Browser]
    ./app/dashboard/_components/DashboardHome/DashboardHome.tsx [Client Component Browser]
    ./app/dashboard/page.tsx [Client Component Browser]
    ./app/dashboard/page.tsx [Server Component]

  Client Component SSR:
    ./app/dashboard/_components/DashboardHome/components/SessionLoadCard/SessionLoadCard.tsx [Client Component SSR]
    ./app/dashboard/_components/DashboardHome/DashboardHome.tsx [Client Component SSR]
    ./app/dashboard/page.tsx [Client Component SSR]
    ./app/dashboard/page.tsx [Server Component] @ http://localhost:3000/_next/static/chunks/node_modules_next_dist_1ybzpk2._.js:3318
[ 1585554ms] [ERROR] Failed to load resource: the server responded with a status of 500 (Internal Server Error) @ http://localhost:3000/dashboard?_rsc=baRm8Hg-bKr8antF:0
[ 1585633ms] [ERROR] Failed to load resource: the server responded with a status of 500 (Internal Server Error) @ http://localhost:3000/dashboard?_rsc=baRm8Hg-bKr8antF:0
[ 1585635ms] [LOG] [Fast Refresh] rebuilding @ http://localhost:3000/_next/static/chunks/node_modules_next_dist_1ybzpk2._.js:2477
[ 1585690ms] [ERROR] Failed to load resource: the server responded with a status of 500 (Internal Server Error) @ http://localhost:3000/dashboard:0
[ 1585806ms] [INFO] %cDownload the React DevTools for a better development experience: https://react.dev/link/react-devtools font-weight:bold @ http://localhost:3000/_next/static/chunks/node_modules_react-dom_0kla17-._.js:15305
[ 1585826ms] Error: ./app/dashboard/_components/DashboardHome/components/SessionLoadCard/SessionLoadCard.tsx:45:10
the name `OwnerUtilization` is defined multiple times
  43 | }
  44 |
> 45 | function OwnerUtilization() {
     |          ^^^^^^^^^^^^^^^^
  46 |   const today = new Date();
  47 |   const from = subDays(today, OWNER_UTILIZATION_RANGE_DAYS - 1);
  48 |   const { data: days = [] } = useOwnerReservationSummary(from, today);

Ecmascript file had an error

Generated code of loaders [@locator/webpack-loader] transform of file content of app/dashboard/_components/DashboardHome/components/SessionLoadCard/SessionLoadCard.tsx:
./app/dashboard/_components/DashboardHome/components/SessionLoadCard/SessionLoadCard.tsx:45:10
  43 | }
  44 |
> 45 | function OwnerUtilization() {
     |          ^^^^^^^^^^^^^^^^
  46 |   const today = new Date();
  47 |   const from = subDays(today, OWNER_UTILIZATION_RANGE_DAYS - 1);
  48 |   const { data: days = [] } = useOwnerReservationSummary(from, today);

Import traces:
  Client Component Browser:
    ./app/dashboard/_components/DashboardHome/components/SessionLoadCard/SessionLoadCard.tsx [Client Component Browser]
    ./app/dashboard/_components/DashboardHome/DashboardHome.tsx [Client Component Browser]
    ./app/dashboard/page.tsx [Client Component Browser]
    ./app/dashboard/page.tsx [Server Component]

  Client Component SSR:
    ./app/dashboard/_components/DashboardHome/components/SessionLoadCard/SessionLoadCard.tsx [Client Component SSR]
    ./app/dashboard/_components/DashboardHome/DashboardHome.tsx [Client Component SSR]
    ./app/dashboard/page.tsx [Client Component SSR]
    ./app/dashboard/page.tsx [Server Component]


    at <unknown> (Error: ./app/dashboard/_components/DashboardHome/components/SessionLoadCard/SessionLoadCard.tsx:45:10)
    at <unknown> (./app/dashboard/_components/DashboardHome/components/SessionLoadCard/SessionLoadCard.tsx:45:10)
    at Object.getCompilationErrors (file://C:\Users\Nico\Desktop\play-padel\node_modules\next\dist\server\dev\hot-reloader-turbopack.js:1186:59)
    at DevBundlerService.getCompilationError (file://C:\Users\Nico\Desktop\play-padel\node_modules\next\dist\server\lib\dev-bundler-service.js:44:55)
    at DevServer.getCompilationError (file://C:\Users\Nico\Desktop\play-padel\node_modules\next\dist\server\dev\next-dev-server.js:720:42)
    at DevServer.findPageComponents (file://C:\Users\Nico\Desktop\play-padel\node_modules\next\dist\server\dev\next-dev-server.js:690:43)
    at async DevServer.renderErrorToResponseImpl (file://C:\Users\Nico\Desktop\play-padel\node_modules\next\dist\server\base-server.js:1753:26)
[ 1585823ms] [LOG] [HMR] connected @ http://localhost:3000/_next/static/chunks/node_modules_next_dist_1gdrd03._.js:1226
[ 1585828ms] [ERROR] ./app/dashboard/_components/DashboardHome/components/SessionLoadCard/SessionLoadCard.tsx:45:10
the name `OwnerUtilization` is defined multiple times
  43 | }
  44 |
> 45 | function OwnerUtilization() {
     |          ^^^^^^^^^^^^^^^^
  46 |   const today = new Date();
  47 |   const from = subDays(today, OWNER_UTILIZATION_RANGE_DAYS - 1);
  48 |   const { data: days = [] } = useOwnerReservationSummary(from, today);

Ecmascript file had an error

Generated code of loaders [@locator/webpack-loader] transform of file content of app/dashboard/_components/DashboardHome/components/SessionLoadCard/SessionLoadCard.tsx:
./app/dashboard/_components/DashboardHome/components/SessionLoadCard/SessionLoadCard.tsx:45:10
  43 | }
  44 |
> 45 | function OwnerUtilization() {
     |          ^^^^^^^^^^^^^^^^
  46 |   const today = new Date();
  47 |   const from = subDays(today, OWNER_UTILIZATION_RANGE_DAYS - 1);
  48 |   const { data: days = [] } = useOwnerReservationSummary(from, today);

Import traces:
  Client Component Browser:
    ./app/dashboard/_components/DashboardHome/components/SessionLoadCard/SessionLoadCard.tsx [Client Component Browser]
    ./app/dashboard/_components/DashboardHome/DashboardHome.tsx [Client Component Browser]
    ./app/dashboard/page.tsx [Client Component Browser]
    ./app/dashboard/page.tsx [Server Component]

  Client Component SSR:
    ./app/dashboard/_components/DashboardHome/components/SessionLoadCard/SessionLoadCard.tsx [Client Component SSR]
    ./app/dashboard/_components/DashboardHome/DashboardHome.tsx [Client Component SSR]
    ./app/dashboard/page.tsx [Client Component SSR]
    ./app/dashboard/page.tsx [Server Component] @ http://localhost:3000/_next/static/chunks/node_modules_next_dist_1gdrd03._.js:1945
[ 1585828ms] [ERROR] ./app/dashboard/_components/DashboardHome/components/SessionLoadCard/SessionLoadCard.tsx:66:10
the name `PlayerUtilization` is defined multiple times
  64 | }
  65 |
> 66 | function PlayerUtilization() {
     |          ^^^^^^^^^^^^^^^^^
  67 |   const { data: history = [] } = useMyReservations(true);
  68 |   const nonCancelled = history.filter((r) => r.status !== "CANCELLED");
  69 |   const counts = getWeeklyCounts(

Ecmascript file had an error

Generated code of loaders [@locator/webpack-loader] transform of file content of app/dashboard/_components/DashboardHome/components/SessionLoadCard/SessionLoadCard.tsx:
./app/dashboard/_components/DashboardHome/components/SessionLoadCard/SessionLoadCard.tsx:66:10
  64 | }
  65 |
> 66 | function PlayerUtilization() {
     |          ^^^^^^^^^^^^^^^^^
  67 |   const { data: history = [] } = useMyReservations(true);
  68 |   const nonCancelled = history.filter((r) => r.status !== "CANCELLED");
  69 |   const counts = getWeeklyCounts(

Import traces:
  Client Component Browser:
    ./app/dashboard/_components/DashboardHome/components/SessionLoadCard/SessionLoadCard.tsx [Client Component Browser]
    ./app/dashboard/_components/DashboardHome/DashboardHome.tsx [Client Component Browser]
    ./app/dashboard/page.tsx [Client Component Browser]
    ./app/dashboard/page.tsx [Server Component]

  Client Component SSR:
    ./app/dashboard/_components/DashboardHome/components/SessionLoadCard/SessionLoadCard.tsx [Client Component SSR]
    ./app/dashboard/_components/DashboardHome/DashboardHome.tsx [Client Component SSR]
    ./app/dashboard/page.tsx [Client Component SSR]
    ./app/dashboard/page.tsx [Server Component] @ http://localhost:3000/_next/static/chunks/node_modules_next_dist_1gdrd03._.js:1945
[ 1585920ms] [ERROR] ./app/dashboard/_components/DashboardHome/components/SessionLoadCard/SessionLoadCard.tsx:45:10
the name `OwnerUtilization` is defined multiple times
  43 | }
  44 |
> 45 | function OwnerUtilization() {
     |          ^^^^^^^^^^^^^^^^
  46 |   const today = new Date();
  47 |   const from = subDays(today, OWNER_UTILIZATION_RANGE_DAYS - 1);
  48 |   const { data: days = [] } = useOwnerReservationSummary(from, today);

Ecmascript file had an error

Generated code of loaders [@locator/webpack-loader] transform of file content of app/dashboard/_components/DashboardHome/components/SessionLoadCard/SessionLoadCard.tsx:
./app/dashboard/_components/DashboardHome/components/SessionLoadCard/SessionLoadCard.tsx:45:10
  43 | }
  44 |
> 45 | function OwnerUtilization() {
     |          ^^^^^^^^^^^^^^^^
  46 |   const today = new Date();
  47 |   const from = subDays(today, OWNER_UTILIZATION_RANGE_DAYS - 1);
  48 |   const { data: days = [] } = useOwnerReservationSummary(from, today);

Import traces:
  Client Component Browser:
    ./app/dashboard/_components/DashboardHome/components/SessionLoadCard/SessionLoadCard.tsx [Client Component Browser]
    ./app/dashboard/_components/DashboardHome/DashboardHome.tsx [Client Component Browser]
    ./app/dashboard/page.tsx [Client Component Browser]
    ./app/dashboard/page.tsx [Server Component]

  Client Component SSR:
    ./app/dashboard/_components/DashboardHome/components/SessionLoadCard/SessionLoadCard.tsx [Client Component SSR]
    ./app/dashboard/_components/DashboardHome/DashboardHome.tsx [Client Component SSR]
    ./app/dashboard/page.tsx [Client Component SSR]
    ./app/dashboard/page.tsx [Server Component] @ http://localhost:3000/_next/static/chunks/node_modules_next_dist_1gdrd03._.js:1945
[ 1585921ms] [ERROR] ./app/dashboard/_components/DashboardHome/components/SessionLoadCard/SessionLoadCard.tsx:66:10
the name `PlayerUtilization` is defined multiple times
  64 | }
  65 |
> 66 | function PlayerUtilization() {
     |          ^^^^^^^^^^^^^^^^^
  67 |   const { data: history = [] } = useMyReservations(true);
  68 |   const nonCancelled = history.filter((r) => r.status !== "CANCELLED");
  69 |   const counts = getWeeklyCounts(

Ecmascript file had an error

Generated code of loaders [@locator/webpack-loader] transform of file content of app/dashboard/_components/DashboardHome/components/SessionLoadCard/SessionLoadCard.tsx:
./app/dashboard/_components/DashboardHome/components/SessionLoadCard/SessionLoadCard.tsx:66:10
  64 | }
  65 |
> 66 | function PlayerUtilization() {
     |          ^^^^^^^^^^^^^^^^^
  67 |   const { data: history = [] } = useMyReservations(true);
  68 |   const nonCancelled = history.filter((r) => r.status !== "CANCELLED");
  69 |   const counts = getWeeklyCounts(

Import traces:
  Client Component Browser:
    ./app/dashboard/_components/DashboardHome/components/SessionLoadCard/SessionLoadCard.tsx [Client Component Browser]
    ./app/dashboard/_components/DashboardHome/DashboardHome.tsx [Client Component Browser]
    ./app/dashboard/page.tsx [Client Component Browser]
    ./app/dashboard/page.tsx [Server Component]

  Client Component SSR:
    ./app/dashboard/_components/DashboardHome/components/SessionLoadCard/SessionLoadCard.tsx [Client Component SSR]
    ./app/dashboard/_components/DashboardHome/DashboardHome.tsx [Client Component SSR]
    ./app/dashboard/page.tsx [Client Component SSR]
    ./app/dashboard/page.tsx [Server Component] @ http://localhost:3000/_next/static/chunks/node_modules_next_dist_1gdrd03._.js:1945
[ 1586011ms] [ERROR] ./app/dashboard/_components/DashboardHome/components/SessionLoadCard/SessionLoadCard.tsx:45:10
the name `OwnerUtilization` is defined multiple times
  43 | }
  44 |
> 45 | function OwnerUtilization() {
     |          ^^^^^^^^^^^^^^^^
  46 |   const today = new Date();
  47 |   const from = subDays(today, OWNER_UTILIZATION_RANGE_DAYS - 1);
  48 |   const { data: days = [] } = useOwnerReservationSummary(from, today);

Ecmascript file had an error

Generated code of loaders [@locator/webpack-loader] transform of file content of app/dashboard/_components/DashboardHome/components/SessionLoadCard/SessionLoadCard.tsx:
./app/dashboard/_components/DashboardHome/components/SessionLoadCard/SessionLoadCard.tsx:45:10
  43 | }
  44 |
> 45 | function OwnerUtilization() {
     |          ^^^^^^^^^^^^^^^^
  46 |   const today = new Date();
  47 |   const from = subDays(today, OWNER_UTILIZATION_RANGE_DAYS - 1);
  48 |   const { data: days = [] } = useOwnerReservationSummary(from, today);

Import traces:
  Client Component Browser:
    ./app/dashboard/_components/DashboardHome/components/SessionLoadCard/SessionLoadCard.tsx [Client Component Browser]
    ./app/dashboard/_components/DashboardHome/DashboardHome.tsx [Client Component Browser]
    ./app/dashboard/page.tsx [Client Component Browser]
    ./app/dashboard/page.tsx [Server Component]

  Client Component SSR:
    ./app/dashboard/_components/DashboardHome/components/SessionLoadCard/SessionLoadCard.tsx [Client Component SSR]
    ./app/dashboard/_components/DashboardHome/DashboardHome.tsx [Client Component SSR]
    ./app/dashboard/page.tsx [Client Component SSR]
    ./app/dashboard/page.tsx [Server Component] @ http://localhost:3000/_next/static/chunks/node_modules_next_dist_1gdrd03._.js:1945
[ 1586012ms] [ERROR] ./app/dashboard/_components/DashboardHome/components/SessionLoadCard/SessionLoadCard.tsx:66:10
the name `PlayerUtilization` is defined multiple times
  64 | }
  65 |
> 66 | function PlayerUtilization() {
     |          ^^^^^^^^^^^^^^^^^
  67 |   const { data: history = [] } = useMyReservations(true);
  68 |   const nonCancelled = history.filter((r) => r.status !== "CANCELLED");
  69 |   const counts = getWeeklyCounts(

Ecmascript file had an error

Generated code of loaders [@locator/webpack-loader] transform of file content of app/dashboard/_components/DashboardHome/components/SessionLoadCard/SessionLoadCard.tsx:
./app/dashboard/_components/DashboardHome/components/SessionLoadCard/SessionLoadCard.tsx:66:10
  64 | }
  65 |
> 66 | function PlayerUtilization() {
     |          ^^^^^^^^^^^^^^^^^
  67 |   const { data: history = [] } = useMyReservations(true);
  68 |   const nonCancelled = history.filter((r) => r.status !== "CANCELLED");
  69 |   const counts = getWeeklyCounts(

Import traces:
  Client Component Browser:
    ./app/dashboard/_components/DashboardHome/components/SessionLoadCard/SessionLoadCard.tsx [Client Component Browser]
    ./app/dashboard/_components/DashboardHome/DashboardHome.tsx [Client Component Browser]
    ./app/dashboard/page.tsx [Client Component Browser]
    ./app/dashboard/page.tsx [Server Component]

  Client Component SSR:
    ./app/dashboard/_components/DashboardHome/components/SessionLoadCard/SessionLoadCard.tsx [Client Component SSR]
    ./app/dashboard/_components/DashboardHome/DashboardHome.tsx [Client Component SSR]
    ./app/dashboard/page.tsx [Client Component SSR]
    ./app/dashboard/page.tsx [Server Component] @ http://localhost:3000/_next/static/chunks/node_modules_next_dist_1gdrd03._.js:1945
[ 1586106ms] [ERROR] ./app/dashboard/_components/DashboardHome/components/SessionLoadCard/SessionLoadCard.tsx:45:10
the name `OwnerUtilization` is defined multiple times
  43 | }
  44 |
> 45 | function OwnerUtilization() {
     |          ^^^^^^^^^^^^^^^^
  46 |   const today = new Date();
  47 |   const from = subDays(today, OWNER_UTILIZATION_RANGE_DAYS - 1);
  48 |   const { data: days = [] } = useOwnerReservationSummary(from, today);

Ecmascript file had an error

Generated code of loaders [@locator/webpack-loader] transform of file content of app/dashboard/_components/DashboardHome/components/SessionLoadCard/SessionLoadCard.tsx:
./app/dashboard/_components/DashboardHome/components/SessionLoadCard/SessionLoadCard.tsx:45:10
  43 | }
  44 |
> 45 | function OwnerUtilization() {
     |          ^^^^^^^^^^^^^^^^
  46 |   const today = new Date();
  47 |   const from = subDays(today, OWNER_UTILIZATION_RANGE_DAYS - 1);
  48 |   const { data: days = [] } = useOwnerReservationSummary(from, today);

Import traces:
  Client Component Browser:
    ./app/dashboard/_components/DashboardHome/components/SessionLoadCard/SessionLoadCard.tsx [Client Component Browser]
    ./app/dashboard/_components/DashboardHome/DashboardHome.tsx [Client Component Browser]
    ./app/dashboard/page.tsx [Client Component Browser]
    ./app/dashboard/page.tsx [Server Component]

  Client Component SSR:
    ./app/dashboard/_components/DashboardHome/components/SessionLoadCard/SessionLoadCard.tsx [Client Component SSR]
    ./app/dashboard/_components/DashboardHome/DashboardHome.tsx [Client Component SSR]
    ./app/dashboard/page.tsx [Client Component SSR]
    ./app/dashboard/page.tsx [Server Component] @ http://localhost:3000/_next/static/chunks/node_modules_next_dist_1gdrd03._.js:1945
[ 1586106ms] [ERROR] ./app/dashboard/_components/DashboardHome/components/SessionLoadCard/SessionLoadCard.tsx:66:10
the name `PlayerUtilization` is defined multiple times
  64 | }
  65 |
> 66 | function PlayerUtilization() {
     |          ^^^^^^^^^^^^^^^^^
  67 |   const { data: history = [] } = useMyReservations(true);
  68 |   const nonCancelled = history.filter((r) => r.status !== "CANCELLED");
  69 |   const counts = getWeeklyCounts(

Ecmascript file had an error

Generated code of loaders [@locator/webpack-loader] transform of file content of app/dashboard/_components/DashboardHome/components/SessionLoadCard/SessionLoadCard.tsx:
./app/dashboard/_components/DashboardHome/components/SessionLoadCard/SessionLoadCard.tsx:66:10
  64 | }
  65 |
> 66 | function PlayerUtilization() {
     |          ^^^^^^^^^^^^^^^^^
  67 |   const { data: history = [] } = useMyReservations(true);
  68 |   const nonCancelled = history.filter((r) => r.status !== "CANCELLED");
  69 |   const counts = getWeeklyCounts(

Import traces:
  Client Component Browser:
    ./app/dashboard/_components/DashboardHome/components/SessionLoadCard/SessionLoadCard.tsx [Client Component Browser]
    ./app/dashboard/_components/DashboardHome/DashboardHome.tsx [Client Component Browser]
    ./app/dashboard/page.tsx [Client Component Browser]
    ./app/dashboard/page.tsx [Server Component]

  Client Component SSR:
    ./app/dashboard/_components/DashboardHome/components/SessionLoadCard/SessionLoadCard.tsx [Client Component SSR]
    ./app/dashboard/_components/DashboardHome/DashboardHome.tsx [Client Component SSR]
    ./app/dashboard/page.tsx [Client Component SSR]
    ./app/dashboard/page.tsx [Server Component] @ http://localhost:3000/_next/static/chunks/node_modules_next_dist_1gdrd03._.js:1945
[ 1586184ms] [ERROR] ./app/dashboard/_components/DashboardHome/components/SessionLoadCard/SessionLoadCard.tsx:45:10
the name `OwnerUtilization` is defined multiple times
  43 | }
  44 |
> 45 | function OwnerUtilization() {
     |          ^^^^^^^^^^^^^^^^
  46 |   const today = new Date();
  47 |   const from = subDays(today, OWNER_UTILIZATION_RANGE_DAYS - 1);
  48 |   const { data: days = [] } = useOwnerReservationSummary(from, today);

Ecmascript file had an error

Generated code of loaders [@locator/webpack-loader] transform of file content of app/dashboard/_components/DashboardHome/components/SessionLoadCard/SessionLoadCard.tsx:
./app/dashboard/_components/DashboardHome/components/SessionLoadCard/SessionLoadCard.tsx:45:10
  43 | }
  44 |
> 45 | function OwnerUtilization() {
     |          ^^^^^^^^^^^^^^^^
  46 |   const today = new Date();
  47 |   const from = subDays(today, OWNER_UTILIZATION_RANGE_DAYS - 1);
  48 |   const { data: days = [] } = useOwnerReservationSummary(from, today);

Import traces:
  Client Component Browser:
    ./app/dashboard/_components/DashboardHome/components/SessionLoadCard/SessionLoadCard.tsx [Client Component Browser]
    ./app/dashboard/_components/DashboardHome/DashboardHome.tsx [Client Component Browser]
    ./app/dashboard/page.tsx [Client Component Browser]
    ./app/dashboard/page.tsx [Server Component]

  Client Component SSR:
    ./app/dashboard/_components/DashboardHome/components/SessionLoadCard/SessionLoadCard.tsx [Client Component SSR]
    ./app/dashboard/_components/DashboardHome/DashboardHome.tsx [Client Component SSR]
    ./app/dashboard/page.tsx [Client Component SSR]
    ./app/dashboard/page.tsx [Server Component] @ http://localhost:3000/_next/static/chunks/node_modules_next_dist_1gdrd03._.js:1945
[ 1586184ms] [ERROR] ./app/dashboard/_components/DashboardHome/components/SessionLoadCard/SessionLoadCard.tsx:66:10
the name `PlayerUtilization` is defined multiple times
  64 | }
  65 |
> 66 | function PlayerUtilization() {
     |          ^^^^^^^^^^^^^^^^^
  67 |   const { data: history = [] } = useMyReservations(true);
  68 |   const nonCancelled = history.filter((r) => r.status !== "CANCELLED");
  69 |   const counts = getWeeklyCounts(

Ecmascript file had an error

Generated code of loaders [@locator/webpack-loader] transform of file content of app/dashboard/_components/DashboardHome/components/SessionLoadCard/SessionLoadCard.tsx:
./app/dashboard/_components/DashboardHome/components/SessionLoadCard/SessionLoadCard.tsx:66:10
  64 | }
  65 |
> 66 | function PlayerUtilization() {
     |          ^^^^^^^^^^^^^^^^^
  67 |   const { data: history = [] } = useMyReservations(true);
  68 |   const nonCancelled = history.filter((r) => r.status !== "CANCELLED");
  69 |   const counts = getWeeklyCounts(

Import traces:
  Client Component Browser:
    ./app/dashboard/_components/DashboardHome/components/SessionLoadCard/SessionLoadCard.tsx [Client Component Browser]
    ./app/dashboard/_components/DashboardHome/DashboardHome.tsx [Client Component Browser]
    ./app/dashboard/page.tsx [Client Component Browser]
    ./app/dashboard/page.tsx [Server Component]

  Client Component SSR:
    ./app/dashboard/_components/DashboardHome/components/SessionLoadCard/SessionLoadCard.tsx [Client Component SSR]
    ./app/dashboard/_components/DashboardHome/DashboardHome.tsx [Client Component SSR]
    ./app/dashboard/page.tsx [Client Component SSR]
    ./app/dashboard/page.tsx [Server Component] @ http://localhost:3000/_next/static/chunks/node_modules_next_dist_1gdrd03._.js:1945
[ 1586261ms] [ERROR] ./app/dashboard/_components/DashboardHome/components/SessionLoadCard/SessionLoadCard.tsx:45:10
the name `OwnerUtilization` is defined multiple times
  43 | }
  44 |
> 45 | function OwnerUtilization() {
     |          ^^^^^^^^^^^^^^^^
  46 |   const today = new Date();
  47 |   const from = subDays(today, OWNER_UTILIZATION_RANGE_DAYS - 1);
  48 |   const { data: days = [] } = useOwnerReservationSummary(from, today);

Ecmascript file had an error

Generated code of loaders [@locator/webpack-loader] transform of file content of app/dashboard/_components/DashboardHome/components/SessionLoadCard/SessionLoadCard.tsx:
./app/dashboard/_components/DashboardHome/components/SessionLoadCard/SessionLoadCard.tsx:45:10
  43 | }
  44 |
> 45 | function OwnerUtilization() {
     |          ^^^^^^^^^^^^^^^^
  46 |   const today = new Date();
  47 |   const from = subDays(today, OWNER_UTILIZATION_RANGE_DAYS - 1);
  48 |   const { data: days = [] } = useOwnerReservationSummary(from, today);

Import traces:
  Client Component Browser:
    ./app/dashboard/_components/DashboardHome/components/SessionLoadCard/SessionLoadCard.tsx [Client Component Browser]
    ./app/dashboard/_components/DashboardHome/DashboardHome.tsx [Client Component Browser]
    ./app/dashboard/page.tsx [Client Component Browser]
    ./app/dashboard/page.tsx [Server Component]

  Client Component SSR:
    ./app/dashboard/_components/DashboardHome/components/SessionLoadCard/SessionLoadCard.tsx [Client Component SSR]
    ./app/dashboard/_components/DashboardHome/DashboardHome.tsx [Client Component SSR]
    ./app/dashboard/page.tsx [Client Component SSR]
    ./app/dashboard/page.tsx [Server Component] @ http://localhost:3000/_next/static/chunks/node_modules_next_dist_1gdrd03._.js:1945
[ 1586262ms] [ERROR] ./app/dashboard/_components/DashboardHome/components/SessionLoadCard/SessionLoadCard.tsx:66:10
the name `PlayerUtilization` is defined multiple times
  64 | }
  65 |
> 66 | function PlayerUtilization() {
     |          ^^^^^^^^^^^^^^^^^
  67 |   const { data: history = [] } = useMyReservations(true);
  68 |   const nonCancelled = history.filter((r) => r.status !== "CANCELLED");
  69 |   const counts = getWeeklyCounts(

Ecmascript file had an error

Generated code of loaders [@locator/webpack-loader] transform of file content of app/dashboard/_components/DashboardHome/components/SessionLoadCard/SessionLoadCard.tsx:
./app/dashboard/_components/DashboardHome/components/SessionLoadCard/SessionLoadCard.tsx:66:10
  64 | }
  65 |
> 66 | function PlayerUtilization() {
     |          ^^^^^^^^^^^^^^^^^
  67 |   const { data: history = [] } = useMyReservations(true);
  68 |   const nonCancelled = history.filter((r) => r.status !== "CANCELLED");
  69 |   const counts = getWeeklyCounts(

Import traces:
  Client Component Browser:
    ./app/dashboard/_components/DashboardHome/components/SessionLoadCard/SessionLoadCard.tsx [Client Component Browser]
    ./app/dashboard/_components/DashboardHome/DashboardHome.tsx [Client Component Browser]
    ./app/dashboard/page.tsx [Client Component Browser]
    ./app/dashboard/page.tsx [Server Component]

  Client Component SSR:
    ./app/dashboard/_components/DashboardHome/components/SessionLoadCard/SessionLoadCard.tsx [Client Component SSR]
    ./app/dashboard/_components/DashboardHome/DashboardHome.tsx [Client Component SSR]
    ./app/dashboard/page.tsx [Client Component SSR]
    ./app/dashboard/page.tsx [Server Component] @ http://localhost:3000/_next/static/chunks/node_modules_next_dist_1gdrd03._.js:1945
[ 1586339ms] [ERROR] ./app/dashboard/_components/DashboardHome/components/SessionLoadCard/SessionLoadCard.tsx:45:10
the name `OwnerUtilization` is defined multiple times
  43 | }
  44 |
> 45 | function OwnerUtilization() {
     |          ^^^^^^^^^^^^^^^^
  46 |   const today = new Date();
  47 |   const from = subDays(today, OWNER_UTILIZATION_RANGE_DAYS - 1);
  48 |   const { data: days = [] } = useOwnerReservationSummary(from, today);

Ecmascript file had an error

Generated code of loaders [@locator/webpack-loader] transform of file content of app/dashboard/_components/DashboardHome/components/SessionLoadCard/SessionLoadCard.tsx:
./app/dashboard/_components/DashboardHome/components/SessionLoadCard/SessionLoadCard.tsx:45:10
  43 | }
  44 |
> 45 | function OwnerUtilization() {
     |          ^^^^^^^^^^^^^^^^
  46 |   const today = new Date();
  47 |   const from = subDays(today, OWNER_UTILIZATION_RANGE_DAYS - 1);
  48 |   const { data: days = [] } = useOwnerReservationSummary(from, today);

Import traces:
  Client Component Browser:
    ./app/dashboard/_components/DashboardHome/components/SessionLoadCard/SessionLoadCard.tsx [Client Component Browser]
    ./app/dashboard/_components/DashboardHome/DashboardHome.tsx [Client Component Browser]
    ./app/dashboard/page.tsx [Client Component Browser]
    ./app/dashboard/page.tsx [Server Component]

  Client Component SSR:
    ./app/dashboard/_components/DashboardHome/components/SessionLoadCard/SessionLoadCard.tsx [Client Component SSR]
    ./app/dashboard/_components/DashboardHome/DashboardHome.tsx [Client Component SSR]
    ./app/dashboard/page.tsx [Client Component SSR]
    ./app/dashboard/page.tsx [Server Component] @ http://localhost:3000/_next/static/chunks/node_modules_next_dist_1gdrd03._.js:1945
[ 1586339ms] [ERROR] ./app/dashboard/_components/DashboardHome/components/SessionLoadCard/SessionLoadCard.tsx:66:10
the name `PlayerUtilization` is defined multiple times
  64 | }
  65 |
> 66 | function PlayerUtilization() {
     |          ^^^^^^^^^^^^^^^^^
  67 |   const { data: history = [] } = useMyReservations(true);
  68 |   const nonCancelled = history.filter((r) => r.status !== "CANCELLED");
  69 |   const counts = getWeeklyCounts(

Ecmascript file had an error

Generated code of loaders [@locator/webpack-loader] transform of file content of app/dashboard/_components/DashboardHome/components/SessionLoadCard/SessionLoadCard.tsx:
./app/dashboard/_components/DashboardHome/components/SessionLoadCard/SessionLoadCard.tsx:66:10
  64 | }
  65 |
> 66 | function PlayerUtilization() {
     |          ^^^^^^^^^^^^^^^^^
  67 |   const { data: history = [] } = useMyReservations(true);
  68 |   const nonCancelled = history.filter((r) => r.status !== "CANCELLED");
  69 |   const counts = getWeeklyCounts(

Import traces:
  Client Component Browser:
    ./app/dashboard/_components/DashboardHome/components/SessionLoadCard/SessionLoadCard.tsx [Client Component Browser]
    ./app/dashboard/_components/DashboardHome/DashboardHome.tsx [Client Component Browser]
    ./app/dashboard/page.tsx [Client Component Browser]
    ./app/dashboard/page.tsx [Server Component]

  Client Component SSR:
    ./app/dashboard/_components/DashboardHome/components/SessionLoadCard/SessionLoadCard.tsx [Client Component SSR]
    ./app/dashboard/_components/DashboardHome/DashboardHome.tsx [Client Component SSR]
    ./app/dashboard/page.tsx [Client Component SSR]
    ./app/dashboard/page.tsx [Server Component] @ http://localhost:3000/_next/static/chunks/node_modules_next_dist_1gdrd03._.js:1945
[ 1586416ms] [ERROR] ./app/dashboard/_components/DashboardHome/components/SessionLoadCard/SessionLoadCard.tsx:45:10
the name `OwnerUtilization` is defined multiple times
  43 | }
  44 |
> 45 | function OwnerUtilization() {
     |          ^^^^^^^^^^^^^^^^
  46 |   const today = new Date();
  47 |   const from = subDays(today, OWNER_UTILIZATION_RANGE_DAYS - 1);
  48 |   const { data: days = [] } = useOwnerReservationSummary(from, today);

Ecmascript file had an error

Generated code of loaders [@locator/webpack-loader] transform of file content of app/dashboard/_components/DashboardHome/components/SessionLoadCard/SessionLoadCard.tsx:
./app/dashboard/_components/DashboardHome/components/SessionLoadCard/SessionLoadCard.tsx:45:10
  43 | }
  44 |
> 45 | function OwnerUtilization() {
     |          ^^^^^^^^^^^^^^^^
  46 |   const today = new Date();
  47 |   const from = subDays(today, OWNER_UTILIZATION_RANGE_DAYS - 1);
  48 |   const { data: days = [] } = useOwnerReservationSummary(from, today);

Import traces:
  Client Component Browser:
    ./app/dashboard/_components/DashboardHome/components/SessionLoadCard/SessionLoadCard.tsx [Client Component Browser]
    ./app/dashboard/_components/DashboardHome/DashboardHome.tsx [Client Component Browser]
    ./app/dashboard/page.tsx [Client Component Browser]
    ./app/dashboard/page.tsx [Server Component]

  Client Component SSR:
    ./app/dashboard/_components/DashboardHome/components/SessionLoadCard/SessionLoadCard.tsx [Client Component SSR]
    ./app/dashboard/_components/DashboardHome/DashboardHome.tsx [Client Component SSR]
    ./app/dashboard/page.tsx [Client Component SSR]
    ./app/dashboard/page.tsx [Server Component] @ http://localhost:3000/_next/static/chunks/node_modules_next_dist_1gdrd03._.js:1945
[ 1586417ms] [ERROR] ./app/dashboard/_components/DashboardHome/components/SessionLoadCard/SessionLoadCard.tsx:66:10
the name `PlayerUtilization` is defined multiple times
  64 | }
  65 |
> 66 | function PlayerUtilization() {
     |          ^^^^^^^^^^^^^^^^^
  67 |   const { data: history = [] } = useMyReservations(true);
  68 |   const nonCancelled = history.filter((r) => r.status !== "CANCELLED");
  69 |   const counts = getWeeklyCounts(

Ecmascript file had an error

Generated code of loaders [@locator/webpack-loader] transform of file content of app/dashboard/_components/DashboardHome/components/SessionLoadCard/SessionLoadCard.tsx:
./app/dashboard/_components/DashboardHome/components/SessionLoadCard/SessionLoadCard.tsx:66:10
  64 | }
  65 |
> 66 | function PlayerUtilization() {
     |          ^^^^^^^^^^^^^^^^^
  67 |   const { data: history = [] } = useMyReservations(true);
  68 |   const nonCancelled = history.filter((r) => r.status !== "CANCELLED");
  69 |   const counts = getWeeklyCounts(

Import traces:
  Client Component Browser:
    ./app/dashboard/_components/DashboardHome/components/SessionLoadCard/SessionLoadCard.tsx [Client Component Browser]
    ./app/dashboard/_components/DashboardHome/DashboardHome.tsx [Client Component Browser]
    ./app/dashboard/page.tsx [Client Component Browser]
    ./app/dashboard/page.tsx [Server Component]

  Client Component SSR:
    ./app/dashboard/_components/DashboardHome/components/SessionLoadCard/SessionLoadCard.tsx [Client Component SSR]
    ./app/dashboard/_components/DashboardHome/DashboardHome.tsx [Client Component SSR]
    ./app/dashboard/page.tsx [Client Component SSR]
    ./app/dashboard/page.tsx [Server Component] @ http://localhost:3000/_next/static/chunks/node_modules_next_dist_1gdrd03._.js:1945
[ 1586495ms] [ERROR] ./app/dashboard/_components/DashboardHome/components/SessionLoadCard/SessionLoadCard.tsx:45:10
the name `OwnerUtilization` is defined multiple times
  43 | }
  44 |
> 45 | function OwnerUtilization() {
     |          ^^^^^^^^^^^^^^^^
  46 |   const today = new Date();
  47 |   const from = subDays(today, OWNER_UTILIZATION_RANGE_DAYS - 1);
  48 |   const { data: days = [] } = useOwnerReservationSummary(from, today);

Ecmascript file had an error

Generated code of loaders [@locator/webpack-loader] transform of file content of app/dashboard/_components/DashboardHome/components/SessionLoadCard/SessionLoadCard.tsx:
./app/dashboard/_components/DashboardHome/components/SessionLoadCard/SessionLoadCard.tsx:45:10
  43 | }
  44 |
> 45 | function OwnerUtilization() {
     |          ^^^^^^^^^^^^^^^^
  46 |   const today = new Date();
  47 |   const from = subDays(today, OWNER_UTILIZATION_RANGE_DAYS - 1);
  48 |   const { data: days = [] } = useOwnerReservationSummary(from, today);

Import traces:
  Client Component Browser:
    ./app/dashboard/_components/DashboardHome/components/SessionLoadCard/SessionLoadCard.tsx [Client Component Browser]
    ./app/dashboard/_components/DashboardHome/DashboardHome.tsx [Client Component Browser]
    ./app/dashboard/page.tsx [Client Component Browser]
    ./app/dashboard/page.tsx [Server Component]

  Client Component SSR:
    ./app/dashboard/_components/DashboardHome/components/SessionLoadCard/SessionLoadCard.tsx [Client Component SSR]
    ./app/dashboard/_components/DashboardHome/DashboardHome.tsx [Client Component SSR]
    ./app/dashboard/page.tsx [Client Component SSR]
    ./app/dashboard/page.tsx [Server Component] @ http://localhost:3000/_next/static/chunks/node_modules_next_dist_1gdrd03._.js:1945
[ 1586495ms] [ERROR] ./app/dashboard/_components/DashboardHome/components/SessionLoadCard/SessionLoadCard.tsx:66:10
the name `PlayerUtilization` is defined multiple times
  64 | }
  65 |
> 66 | function PlayerUtilization() {
     |          ^^^^^^^^^^^^^^^^^
  67 |   const { data: history = [] } = useMyReservations(true);
  68 |   const nonCancelled = history.filter((r) => r.status !== "CANCELLED");
  69 |   const counts = getWeeklyCounts(

Ecmascript file had an error

Generated code of loaders [@locator/webpack-loader] transform of file content of app/dashboard/_components/DashboardHome/components/SessionLoadCard/SessionLoadCard.tsx:
./app/dashboard/_components/DashboardHome/components/SessionLoadCard/SessionLoadCard.tsx:66:10
  64 | }
  65 |
> 66 | function PlayerUtilization() {
     |          ^^^^^^^^^^^^^^^^^
  67 |   const { data: history = [] } = useMyReservations(true);
  68 |   const nonCancelled = history.filter((r) => r.status !== "CANCELLED");
  69 |   const counts = getWeeklyCounts(

Import traces:
  Client Component Browser:
    ./app/dashboard/_components/DashboardHome/components/SessionLoadCard/SessionLoadCard.tsx [Client Component Browser]
    ./app/dashboard/_components/DashboardHome/DashboardHome.tsx [Client Component Browser]
    ./app/dashboard/page.tsx [Client Component Browser]
    ./app/dashboard/page.tsx [Server Component]

  Client Component SSR:
    ./app/dashboard/_components/DashboardHome/components/SessionLoadCard/SessionLoadCard.tsx [Client Component SSR]
    ./app/dashboard/_components/DashboardHome/DashboardHome.tsx [Client Component SSR]
    ./app/dashboard/page.tsx [Client Component SSR]
    ./app/dashboard/page.tsx [Server Component] @ http://localhost:3000/_next/static/chunks/node_modules_next_dist_1gdrd03._.js:1945
[ 1586573ms] [ERROR] ./app/dashboard/_components/DashboardHome/components/SessionLoadCard/SessionLoadCard.tsx:45:10
the name `OwnerUtilization` is defined multiple times
  43 | }
  44 |
> 45 | function OwnerUtilization() {
     |          ^^^^^^^^^^^^^^^^
  46 |   const today = new Date();
  47 |   const from = subDays(today, OWNER_UTILIZATION_RANGE_DAYS - 1);
  48 |   const { data: days = [] } = useOwnerReservationSummary(from, today);

Ecmascript file had an error

Generated code of loaders [@locator/webpack-loader] transform of file content of app/dashboard/_components/DashboardHome/components/SessionLoadCard/SessionLoadCard.tsx:
./app/dashboard/_components/DashboardHome/components/SessionLoadCard/SessionLoadCard.tsx:45:10
  43 | }
  44 |
> 45 | function OwnerUtilization() {
     |          ^^^^^^^^^^^^^^^^
  46 |   const today = new Date();
  47 |   const from = subDays(today, OWNER_UTILIZATION_RANGE_DAYS - 1);
  48 |   const { data: days = [] } = useOwnerReservationSummary(from, today);

Import traces:
  Client Component Browser:
    ./app/dashboard/_components/DashboardHome/components/SessionLoadCard/SessionLoadCard.tsx [Client Component Browser]
    ./app/dashboard/_components/DashboardHome/DashboardHome.tsx [Client Component Browser]
    ./app/dashboard/page.tsx [Client Component Browser]
    ./app/dashboard/page.tsx [Server Component]

  Client Component SSR:
    ./app/dashboard/_components/DashboardHome/components/SessionLoadCard/SessionLoadCard.tsx [Client Component SSR]
    ./app/dashboard/_components/DashboardHome/DashboardHome.tsx [Client Component SSR]
    ./app/dashboard/page.tsx [Client Component SSR]
    ./app/dashboard/page.tsx [Server Component] @ http://localhost:3000/_next/static/chunks/node_modules_next_dist_1gdrd03._.js:1945
[ 1586573ms] [ERROR] ./app/dashboard/_components/DashboardHome/components/SessionLoadCard/SessionLoadCard.tsx:66:10
the name `PlayerUtilization` is defined multiple times
  64 | }
  65 |
> 66 | function PlayerUtilization() {
     |          ^^^^^^^^^^^^^^^^^
  67 |   const { data: history = [] } = useMyReservations(true);
  68 |   const nonCancelled = history.filter((r) => r.status !== "CANCELLED");
  69 |   const counts = getWeeklyCounts(

Ecmascript file had an error

Generated code of loaders [@locator/webpack-loader] transform of file content of app/dashboard/_components/DashboardHome/components/SessionLoadCard/SessionLoadCard.tsx:
./app/dashboard/_components/DashboardHome/components/SessionLoadCard/SessionLoadCard.tsx:66:10
  64 | }
  65 |
> 66 | function PlayerUtilization() {
     |          ^^^^^^^^^^^^^^^^^
  67 |   const { data: history = [] } = useMyReservations(true);
  68 |   const nonCancelled = history.filter((r) => r.status !== "CANCELLED");
  69 |   const counts = getWeeklyCounts(

Import traces:
  Client Component Browser:
    ./app/dashboard/_components/DashboardHome/components/SessionLoadCard/SessionLoadCard.tsx [Client Component Browser]
    ./app/dashboard/_components/DashboardHome/DashboardHome.tsx [Client Component Browser]
    ./app/dashboard/page.tsx [Client Component Browser]
    ./app/dashboard/page.tsx [Server Component]

  Client Component SSR:
    ./app/dashboard/_components/DashboardHome/components/SessionLoadCard/SessionLoadCard.tsx [Client Component SSR]
    ./app/dashboard/_components/DashboardHome/DashboardHome.tsx [Client Component SSR]
    ./app/dashboard/page.tsx [Client Component SSR]
    ./app/dashboard/page.tsx [Server Component] @ http://localhost:3000/_next/static/chunks/node_modules_next_dist_1gdrd03._.js:1945
[ 1586653ms] [ERROR] ./app/dashboard/_components/DashboardHome/components/SessionLoadCard/SessionLoadCard.tsx:45:10
the name `OwnerUtilization` is defined multiple times
  43 | }
  44 |
> 45 | function OwnerUtilization() {
     |          ^^^^^^^^^^^^^^^^
  46 |   const today = new Date();
  47 |   const from = subDays(today, OWNER_UTILIZATION_RANGE_DAYS - 1);
  48 |   const { data: days = [] } = useOwnerReservationSummary(from, today);

Ecmascript file had an error

Generated code of loaders [@locator/webpack-loader] transform of file content of app/dashboard/_components/DashboardHome/components/SessionLoadCard/SessionLoadCard.tsx:
./app/dashboard/_components/DashboardHome/components/SessionLoadCard/SessionLoadCard.tsx:45:10
  43 | }
  44 |
> 45 | function OwnerUtilization() {
     |          ^^^^^^^^^^^^^^^^
  46 |   const today = new Date();
  47 |   const from = subDays(today, OWNER_UTILIZATION_RANGE_DAYS - 1);
  48 |   const { data: days = [] } = useOwnerReservationSummary(from, today);

Import traces:
  Client Component Browser:
    ./app/dashboard/_components/DashboardHome/components/SessionLoadCard/SessionLoadCard.tsx [Client Component Browser]
    ./app/dashboard/_components/DashboardHome/DashboardHome.tsx [Client Component Browser]
    ./app/dashboard/page.tsx [Client Component Browser]
    ./app/dashboard/page.tsx [Server Component]

  Client Component SSR:
    ./app/dashboard/_components/DashboardHome/components/SessionLoadCard/SessionLoadCard.tsx [Client Component SSR]
    ./app/dashboard/_components/DashboardHome/DashboardHome.tsx [Client Component SSR]
    ./app/dashboard/page.tsx [Client Component SSR]
    ./app/dashboard/page.tsx [Server Component] @ http://localhost:3000/_next/static/chunks/node_modules_next_dist_1gdrd03._.js:1945
[ 1586653ms] [ERROR] ./app/dashboard/_components/DashboardHome/components/SessionLoadCard/SessionLoadCard.tsx:66:10
the name `PlayerUtilization` is defined multiple times
  64 | }
  65 |
> 66 | function PlayerUtilization() {
     |          ^^^^^^^^^^^^^^^^^
  67 |   const { data: history = [] } = useMyReservations(true);
  68 |   const nonCancelled = history.filter((r) => r.status !== "CANCELLED");
  69 |   const counts = getWeeklyCounts(

Ecmascript file had an error

Generated code of loaders [@locator/webpack-loader] transform of file content of app/dashboard/_components/DashboardHome/components/SessionLoadCard/SessionLoadCard.tsx:
./app/dashboard/_components/DashboardHome/components/SessionLoadCard/SessionLoadCard.tsx:66:10
  64 | }
  65 |
> 66 | function PlayerUtilization() {
     |          ^^^^^^^^^^^^^^^^^
  67 |   const { data: history = [] } = useMyReservations(true);
  68 |   const nonCancelled = history.filter((r) => r.status !== "CANCELLED");
  69 |   const counts = getWeeklyCounts(

Import traces:
  Client Component Browser:
    ./app/dashboard/_components/DashboardHome/components/SessionLoadCard/SessionLoadCard.tsx [Client Component Browser]
    ./app/dashboard/_components/DashboardHome/DashboardHome.tsx [Client Component Browser]
    ./app/dashboard/page.tsx [Client Component Browser]
    ./app/dashboard/page.tsx [Server Component]

  Client Component SSR:
    ./app/dashboard/_components/DashboardHome/components/SessionLoadCard/SessionLoadCard.tsx [Client Component SSR]
    ./app/dashboard/_components/DashboardHome/DashboardHome.tsx [Client Component SSR]
    ./app/dashboard/page.tsx [Client Component SSR]
    ./app/dashboard/page.tsx [Server Component] @ http://localhost:3000/_next/static/chunks/node_modules_next_dist_1gdrd03._.js:1945
[ 1586744ms] [ERROR] ./app/dashboard/_components/DashboardHome/components/SessionLoadCard/SessionLoadCard.tsx:45:10
the name `OwnerUtilization` is defined multiple times
  43 | }
  44 |
> 45 | function OwnerUtilization() {
     |          ^^^^^^^^^^^^^^^^
  46 |   const today = new Date();
  47 |   const from = subDays(today, OWNER_UTILIZATION_RANGE_DAYS - 1);
  48 |   const { data: days = [] } = useOwnerReservationSummary(from, today);

Ecmascript file had an error

Generated code of loaders [@locator/webpack-loader] transform of file content of app/dashboard/_components/DashboardHome/components/SessionLoadCard/SessionLoadCard.tsx:
./app/dashboard/_components/DashboardHome/components/SessionLoadCard/SessionLoadCard.tsx:45:10
  43 | }
  44 |
> 45 | function OwnerUtilization() {
     |          ^^^^^^^^^^^^^^^^
  46 |   const today = new Date();
  47 |   const from = subDays(today, OWNER_UTILIZATION_RANGE_DAYS - 1);
  48 |   const { data: days = [] } = useOwnerReservationSummary(from, today);

Import traces:
  Client Component Browser:
    ./app/dashboard/_components/DashboardHome/components/SessionLoadCard/SessionLoadCard.tsx [Client Component Browser]
    ./app/dashboard/_components/DashboardHome/DashboardHome.tsx [Client Component Browser]
    ./app/dashboard/page.tsx [Client Component Browser]
    ./app/dashboard/page.tsx [Server Component]

  Client Component SSR:
    ./app/dashboard/_components/DashboardHome/components/SessionLoadCard/SessionLoadCard.tsx [Client Component SSR]
    ./app/dashboard/_components/DashboardHome/DashboardHome.tsx [Client Component SSR]
    ./app/dashboard/page.tsx [Client Component SSR]
    ./app/dashboard/page.tsx [Server Component] @ http://localhost:3000/_next/static/chunks/node_modules_next_dist_1gdrd03._.js:1945
[ 1586744ms] [ERROR] ./app/dashboard/_components/DashboardHome/components/SessionLoadCard/SessionLoadCard.tsx:66:10
the name `PlayerUtilization` is defined multiple times
  64 | }
  65 |
> 66 | function PlayerUtilization() {
     |          ^^^^^^^^^^^^^^^^^
  67 |   const { data: history = [] } = useMyReservations(true);
  68 |   const nonCancelled = history.filter((r) => r.status !== "CANCELLED");
  69 |   const counts = getWeeklyCounts(

Ecmascript file had an error

Generated code of loaders [@locator/webpack-loader] transform of file content of app/dashboard/_components/DashboardHome/components/SessionLoadCard/SessionLoadCard.tsx:
./app/dashboard/_components/DashboardHome/components/SessionLoadCard/SessionLoadCard.tsx:66:10
  64 | }
  65 |
> 66 | function PlayerUtilization() {
     |          ^^^^^^^^^^^^^^^^^
  67 |   const { data: history = [] } = useMyReservations(true);
  68 |   const nonCancelled = history.filter((r) => r.status !== "CANCELLED");
  69 |   const counts = getWeeklyCounts(

Import traces:
  Client Component Browser:
    ./app/dashboard/_components/DashboardHome/components/SessionLoadCard/SessionLoadCard.tsx [Client Component Browser]
    ./app/dashboard/_components/DashboardHome/DashboardHome.tsx [Client Component Browser]
    ./app/dashboard/page.tsx [Client Component Browser]
    ./app/dashboard/page.tsx [Server Component]

  Client Component SSR:
    ./app/dashboard/_components/DashboardHome/components/SessionLoadCard/SessionLoadCard.tsx [Client Component SSR]
    ./app/dashboard/_components/DashboardHome/DashboardHome.tsx [Client Component SSR]
    ./app/dashboard/page.tsx [Client Component SSR]
    ./app/dashboard/page.tsx [Server Component] @ http://localhost:3000/_next/static/chunks/node_modules_next_dist_1gdrd03._.js:1945
[ 1586822ms] [ERROR] ./app/dashboard/_components/DashboardHome/components/SessionLoadCard/SessionLoadCard.tsx:45:10
the name `OwnerUtilization` is defined multiple times
  43 | }
  44 |
> 45 | function OwnerUtilization() {
     |          ^^^^^^^^^^^^^^^^
  46 |   const today = new Date();
  47 |   const from = subDays(today, OWNER_UTILIZATION_RANGE_DAYS - 1);
  48 |   const { data: days = [] } = useOwnerReservationSummary(from, today);

Ecmascript file had an error

Generated code of loaders [@locator/webpack-loader] transform of file content of app/dashboard/_components/DashboardHome/components/SessionLoadCard/SessionLoadCard.tsx:
./app/dashboard/_components/DashboardHome/components/SessionLoadCard/SessionLoadCard.tsx:45:10
  43 | }
  44 |
> 45 | function OwnerUtilization() {
     |          ^^^^^^^^^^^^^^^^
  46 |   const today = new Date();
  47 |   const from = subDays(today, OWNER_UTILIZATION_RANGE_DAYS - 1);
  48 |   const { data: days = [] } = useOwnerReservationSummary(from, today);

Import traces:
  Client Component Browser:
    ./app/dashboard/_components/DashboardHome/components/SessionLoadCard/SessionLoadCard.tsx [Client Component Browser]
    ./app/dashboard/_components/DashboardHome/DashboardHome.tsx [Client Component Browser]
    ./app/dashboard/page.tsx [Client Component Browser]
    ./app/dashboard/page.tsx [Server Component]

  Client Component SSR:
    ./app/dashboard/_components/DashboardHome/components/SessionLoadCard/SessionLoadCard.tsx [Client Component SSR]
    ./app/dashboard/_components/DashboardHome/DashboardHome.tsx [Client Component SSR]
    ./app/dashboard/page.tsx [Client Component SSR]
    ./app/dashboard/page.tsx [Server Component] @ http://localhost:3000/_next/static/chunks/node_modules_next_dist_1gdrd03._.js:1945
[ 1586822ms] [ERROR] ./app/dashboard/_components/DashboardHome/components/SessionLoadCard/SessionLoadCard.tsx:66:10
the name `PlayerUtilization` is defined multiple times
  64 | }
  65 |
> 66 | function PlayerUtilization() {
     |          ^^^^^^^^^^^^^^^^^
  67 |   const { data: history = [] } = useMyReservations(true);
  68 |   const nonCancelled = history.filter((r) => r.status !== "CANCELLED");
  69 |   const counts = getWeeklyCounts(

Ecmascript file had an error

Generated code of loaders [@locator/webpack-loader] transform of file content of app/dashboard/_components/DashboardHome/components/SessionLoadCard/SessionLoadCard.tsx:
./app/dashboard/_components/DashboardHome/components/SessionLoadCard/SessionLoadCard.tsx:66:10
  64 | }
  65 |
> 66 | function PlayerUtilization() {
     |          ^^^^^^^^^^^^^^^^^
  67 |   const { data: history = [] } = useMyReservations(true);
  68 |   const nonCancelled = history.filter((r) => r.status !== "CANCELLED");
  69 |   const counts = getWeeklyCounts(

Import traces:
  Client Component Browser:
    ./app/dashboard/_components/DashboardHome/components/SessionLoadCard/SessionLoadCard.tsx [Client Component Browser]
    ./app/dashboard/_components/DashboardHome/DashboardHome.tsx [Client Component Browser]
    ./app/dashboard/page.tsx [Client Component Browser]
    ./app/dashboard/page.tsx [Server Component]

  Client Component SSR:
    ./app/dashboard/_components/DashboardHome/components/SessionLoadCard/SessionLoadCard.tsx [Client Component SSR]
    ./app/dashboard/_components/DashboardHome/DashboardHome.tsx [Client Component SSR]
    ./app/dashboard/page.tsx [Client Component SSR]
    ./app/dashboard/page.tsx [Server Component] @ http://localhost:3000/_next/static/chunks/node_modules_next_dist_1gdrd03._.js:1945
[ 1586883ms] [ERROR] ./app/dashboard/_components/DashboardHome/components/SessionLoadCard/SessionLoadCard.tsx:45:10
the name `OwnerUtilization` is defined multiple times
  43 | }
  44 |
> 45 | function OwnerUtilization() {
     |          ^^^^^^^^^^^^^^^^
  46 |   const today = new Date();
  47 |   const from = subDays(today, OWNER_UTILIZATION_RANGE_DAYS - 1);
  48 |   const { data: days = [] } = useOwnerReservationSummary(from, today);

Ecmascript file had an error

Generated code of loaders [@locator/webpack-loader] transform of file content of app/dashboard/_components/DashboardHome/components/SessionLoadCard/SessionLoadCard.tsx:
./app/dashboard/_components/DashboardHome/components/SessionLoadCard/SessionLoadCard.tsx:45:10
  43 | }
  44 |
> 45 | function OwnerUtilization() {
     |          ^^^^^^^^^^^^^^^^
  46 |   const today = new Date();
  47 |   const from = subDays(today, OWNER_UTILIZATION_RANGE_DAYS - 1);
  48 |   const { data: days = [] } = useOwnerReservationSummary(from, today);

Import traces:
  Client Component Browser:
    ./app/dashboard/_components/DashboardHome/components/SessionLoadCard/SessionLoadCard.tsx [Client Component Browser]
    ./app/dashboard/_components/DashboardHome/DashboardHome.tsx [Client Component Browser]
    ./app/dashboard/page.tsx [Client Component Browser]
    ./app/dashboard/page.tsx [Server Component]

  Client Component SSR:
    ./app/dashboard/_components/DashboardHome/components/SessionLoadCard/SessionLoadCard.tsx [Client Component SSR]
    ./app/dashboard/_components/DashboardHome/DashboardHome.tsx [Client Component SSR]
    ./app/dashboard/page.tsx [Client Component SSR]
    ./app/dashboard/page.tsx [Server Component] @ http://localhost:3000/_next/static/chunks/node_modules_next_dist_1gdrd03._.js:1945
[ 1586884ms] [ERROR] ./app/dashboard/_components/DashboardHome/components/SessionLoadCard/SessionLoadCard.tsx:66:10
the name `PlayerUtilization` is defined multiple times
  64 | }
  65 |
> 66 | function PlayerUtilization() {
     |          ^^^^^^^^^^^^^^^^^
  67 |   const { data: history = [] } = useMyReservations(true);
  68 |   const nonCancelled = history.filter((r) => r.status !== "CANCELLED");
  69 |   const counts = getWeeklyCounts(

Ecmascript file had an error

Generated code of loaders [@locator/webpack-loader] transform of file content of app/dashboard/_components/DashboardHome/components/SessionLoadCard/SessionLoadCard.tsx:
./app/dashboard/_components/DashboardHome/components/SessionLoadCard/SessionLoadCard.tsx:66:10
  64 | }
  65 |
> 66 | function PlayerUtilization() {
     |          ^^^^^^^^^^^^^^^^^
  67 |   const { data: history = [] } = useMyReservations(true);
  68 |   const nonCancelled = history.filter((r) => r.status !== "CANCELLED");
  69 |   const counts = getWeeklyCounts(

Import traces:
  Client Component Browser:
    ./app/dashboard/_components/DashboardHome/components/SessionLoadCard/SessionLoadCard.tsx [Client Component Browser]
    ./app/dashboard/_components/DashboardHome/DashboardHome.tsx [Client Component Browser]
    ./app/dashboard/page.tsx [Client Component Browser]
    ./app/dashboard/page.tsx [Server Component]

  Client Component SSR:
    ./app/dashboard/_components/DashboardHome/components/SessionLoadCard/SessionLoadCard.tsx [Client Component SSR]
    ./app/dashboard/_components/DashboardHome/DashboardHome.tsx [Client Component SSR]
    ./app/dashboard/page.tsx [Client Component SSR]
    ./app/dashboard/page.tsx [Server Component] @ http://localhost:3000/_next/static/chunks/node_modules_next_dist_1gdrd03._.js:1945
[ 1586945ms] [ERROR] ./app/dashboard/_components/DashboardHome/components/SessionLoadCard/SessionLoadCard.tsx:45:10
the name `OwnerUtilization` is defined multiple times
  43 | }
  44 |
> 45 | function OwnerUtilization() {
     |          ^^^^^^^^^^^^^^^^
  46 |   const today = new Date();
  47 |   const from = subDays(today, OWNER_UTILIZATION_RANGE_DAYS - 1);
  48 |   const { data: days = [] } = useOwnerReservationSummary(from, today);

Ecmascript file had an error

Generated code of loaders [@locator/webpack-loader] transform of file content of app/dashboard/_components/DashboardHome/components/SessionLoadCard/SessionLoadCard.tsx:
./app/dashboard/_components/DashboardHome/components/SessionLoadCard/SessionLoadCard.tsx:45:10
  43 | }
  44 |
> 45 | function OwnerUtilization() {
     |          ^^^^^^^^^^^^^^^^
  46 |   const today = new Date();
  47 |   const from = subDays(today, OWNER_UTILIZATION_RANGE_DAYS - 1);
  48 |   const { data: days = [] } = useOwnerReservationSummary(from, today);

Import traces:
  Client Component Browser:
    ./app/dashboard/_components/DashboardHome/components/SessionLoadCard/SessionLoadCard.tsx [Client Component Browser]
    ./app/dashboard/_components/DashboardHome/DashboardHome.tsx [Client Component Browser]
    ./app/dashboard/page.tsx [Client Component Browser]
    ./app/dashboard/page.tsx [Server Component]

  Client Component SSR:
    ./app/dashboard/_components/DashboardHome/components/SessionLoadCard/SessionLoadCard.tsx [Client Component SSR]
    ./app/dashboard/_components/DashboardHome/DashboardHome.tsx [Client Component SSR]
    ./app/dashboard/page.tsx [Client Component SSR]
    ./app/dashboard/page.tsx [Server Component] @ http://localhost:3000/_next/static/chunks/node_modules_next_dist_1gdrd03._.js:1945
[ 1586945ms] [ERROR] ./app/dashboard/_components/DashboardHome/components/SessionLoadCard/SessionLoadCard.tsx:66:10
the name `PlayerUtilization` is defined multiple times
  64 | }
  65 |
> 66 | function PlayerUtilization() {
     |          ^^^^^^^^^^^^^^^^^
  67 |   const { data: history = [] } = useMyReservations(true);
  68 |   const nonCancelled = history.filter((r) => r.status !== "CANCELLED");
  69 |   const counts = getWeeklyCounts(

Ecmascript file had an error

Generated code of loaders [@locator/webpack-loader] transform of file content of app/dashboard/_components/DashboardHome/components/SessionLoadCard/SessionLoadCard.tsx:
./app/dashboard/_components/DashboardHome/components/SessionLoadCard/SessionLoadCard.tsx:66:10
  64 | }
  65 |
> 66 | function PlayerUtilization() {
     |          ^^^^^^^^^^^^^^^^^
  67 |   const { data: history = [] } = useMyReservations(true);
  68 |   const nonCancelled = history.filter((r) => r.status !== "CANCELLED");
  69 |   const counts = getWeeklyCounts(

Import traces:
  Client Component Browser:
    ./app/dashboard/_components/DashboardHome/components/SessionLoadCard/SessionLoadCard.tsx [Client Component Browser]
    ./app/dashboard/_components/DashboardHome/DashboardHome.tsx [Client Component Browser]
    ./app/dashboard/page.tsx [Client Component Browser]
    ./app/dashboard/page.tsx [Server Component]

  Client Component SSR:
    ./app/dashboard/_components/DashboardHome/components/SessionLoadCard/SessionLoadCard.tsx [Client Component SSR]
    ./app/dashboard/_components/DashboardHome/DashboardHome.tsx [Client Component SSR]
    ./app/dashboard/page.tsx [Client Component SSR]
    ./app/dashboard/page.tsx [Server Component] @ http://localhost:3000/_next/static/chunks/node_modules_next_dist_1gdrd03._.js:1945
[ 1587024ms] [ERROR] ./app/dashboard/_components/DashboardHome/components/SessionLoadCard/SessionLoadCard.tsx:45:10
the name `OwnerUtilization` is defined multiple times
  43 | }
  44 |
> 45 | function OwnerUtilization() {
     |          ^^^^^^^^^^^^^^^^
  46 |   const today = new Date();
  47 |   const from = subDays(today, OWNER_UTILIZATION_RANGE_DAYS - 1);
  48 |   const { data: days = [] } = useOwnerReservationSummary(from, today);

Ecmascript file had an error

Generated code of loaders [@locator/webpack-loader] transform of file content of app/dashboard/_components/DashboardHome/components/SessionLoadCard/SessionLoadCard.tsx:
./app/dashboard/_components/DashboardHome/components/SessionLoadCard/SessionLoadCard.tsx:45:10
  43 | }
  44 |
> 45 | function OwnerUtilization() {
     |          ^^^^^^^^^^^^^^^^
  46 |   const today = new Date();
  47 |   const from = subDays(today, OWNER_UTILIZATION_RANGE_DAYS - 1);
  48 |   const { data: days = [] } = useOwnerReservationSummary(from, today);

Import traces:
  Client Component Browser:
    ./app/dashboard/_components/DashboardHome/components/SessionLoadCard/SessionLoadCard.tsx [Client Component Browser]
    ./app/dashboard/_components/DashboardHome/DashboardHome.tsx [Client Component Browser]
    ./app/dashboard/page.tsx [Client Component Browser]
    ./app/dashboard/page.tsx [Server Component]

  Client Component SSR:
    ./app/dashboard/_components/DashboardHome/components/SessionLoadCard/SessionLoadCard.tsx [Client Component SSR]
    ./app/dashboard/_components/DashboardHome/DashboardHome.tsx [Client Component SSR]
    ./app/dashboard/page.tsx [Client Component SSR]
    ./app/dashboard/page.tsx [Server Component] @ http://localhost:3000/_next/static/chunks/node_modules_next_dist_1gdrd03._.js:1945
[ 1587024ms] [ERROR] ./app/dashboard/_components/DashboardHome/components/SessionLoadCard/SessionLoadCard.tsx:66:10
the name `PlayerUtilization` is defined multiple times
  64 | }
  65 |
> 66 | function PlayerUtilization() {
     |          ^^^^^^^^^^^^^^^^^
  67 |   const { data: history = [] } = useMyReservations(true);
  68 |   const nonCancelled = history.filter((r) => r.status !== "CANCELLED");
  69 |   const counts = getWeeklyCounts(

Ecmascript file had an error

Generated code of loaders [@locator/webpack-loader] transform of file content of app/dashboard/_components/DashboardHome/components/SessionLoadCard/SessionLoadCard.tsx:
./app/dashboard/_components/DashboardHome/components/SessionLoadCard/SessionLoadCard.tsx:66:10
  64 | }
  65 |
> 66 | function PlayerUtilization() {
     |          ^^^^^^^^^^^^^^^^^
  67 |   const { data: history = [] } = useMyReservations(true);
  68 |   const nonCancelled = history.filter((r) => r.status !== "CANCELLED");
  69 |   const counts = getWeeklyCounts(

Import traces:
  Client Component Browser:
    ./app/dashboard/_components/DashboardHome/components/SessionLoadCard/SessionLoadCard.tsx [Client Component Browser]
    ./app/dashboard/_components/DashboardHome/DashboardHome.tsx [Client Component Browser]
    ./app/dashboard/page.tsx [Client Component Browser]
    ./app/dashboard/page.tsx [Server Component]

  Client Component SSR:
    ./app/dashboard/_components/DashboardHome/components/SessionLoadCard/SessionLoadCard.tsx [Client Component SSR]
    ./app/dashboard/_components/DashboardHome/DashboardHome.tsx [Client Component SSR]
    ./app/dashboard/page.tsx [Client Component SSR]
    ./app/dashboard/page.tsx [Server Component] @ http://localhost:3000/_next/static/chunks/node_modules_next_dist_1gdrd03._.js:1945
[ 1587101ms] [ERROR] ./app/dashboard/_components/DashboardHome/components/SessionLoadCard/SessionLoadCard.tsx:45:10
the name `OwnerUtilization` is defined multiple times
  43 | }
  44 |
> 45 | function OwnerUtilization() {
     |          ^^^^^^^^^^^^^^^^
  46 |   const today = new Date();
  47 |   const from = subDays(today, OWNER_UTILIZATION_RANGE_DAYS - 1);
  48 |   const { data: days = [] } = useOwnerReservationSummary(from, today);

Ecmascript file had an error

Generated code of loaders [@locator/webpack-loader] transform of file content of app/dashboard/_components/DashboardHome/components/SessionLoadCard/SessionLoadCard.tsx:
./app/dashboard/_components/DashboardHome/components/SessionLoadCard/SessionLoadCard.tsx:45:10
  43 | }
  44 |
> 45 | function OwnerUtilization() {
     |          ^^^^^^^^^^^^^^^^
  46 |   const today = new Date();
  47 |   const from = subDays(today, OWNER_UTILIZATION_RANGE_DAYS - 1);
  48 |   const { data: days = [] } = useOwnerReservationSummary(from, today);

Import traces:
  Client Component Browser:
    ./app/dashboard/_components/DashboardHome/components/SessionLoadCard/SessionLoadCard.tsx [Client Component Browser]
    ./app/dashboard/_components/DashboardHome/DashboardHome.tsx [Client Component Browser]
    ./app/dashboard/page.tsx [Client Component Browser]
    ./app/dashboard/page.tsx [Server Component]

  Client Component SSR:
    ./app/dashboard/_components/DashboardHome/components/SessionLoadCard/SessionLoadCard.tsx [Client Component SSR]
    ./app/dashboard/_components/DashboardHome/DashboardHome.tsx [Client Component SSR]
    ./app/dashboard/page.tsx [Client Component SSR]
    ./app/dashboard/page.tsx [Server Component] @ http://localhost:3000/_next/static/chunks/node_modules_next_dist_1gdrd03._.js:1945
[ 1587101ms] [ERROR] ./app/dashboard/_components/DashboardHome/components/SessionLoadCard/SessionLoadCard.tsx:66:10
the name `PlayerUtilization` is defined multiple times
  64 | }
  65 |
> 66 | function PlayerUtilization() {
     |          ^^^^^^^^^^^^^^^^^
  67 |   const { data: history = [] } = useMyReservations(true);
  68 |   const nonCancelled = history.filter((r) => r.status !== "CANCELLED");
  69 |   const counts = getWeeklyCounts(

Ecmascript file had an error

Generated code of loaders [@locator/webpack-loader] transform of file content of app/dashboard/_components/DashboardHome/components/SessionLoadCard/SessionLoadCard.tsx:
./app/dashboard/_components/DashboardHome/components/SessionLoadCard/SessionLoadCard.tsx:66:10
  64 | }
  65 |
> 66 | function PlayerUtilization() {
     |          ^^^^^^^^^^^^^^^^^
  67 |   const { data: history = [] } = useMyReservations(true);
  68 |   const nonCancelled = history.filter((r) => r.status !== "CANCELLED");
  69 |   const counts = getWeeklyCounts(

Import traces:
  Client Component Browser:
    ./app/dashboard/_components/DashboardHome/components/SessionLoadCard/SessionLoadCard.tsx [Client Component Browser]
    ./app/dashboard/_components/DashboardHome/DashboardHome.tsx [Client Component Browser]
    ./app/dashboard/page.tsx [Client Component Browser]
    ./app/dashboard/page.tsx [Server Component]

  Client Component SSR:
    ./app/dashboard/_components/DashboardHome/components/SessionLoadCard/SessionLoadCard.tsx [Client Component SSR]
    ./app/dashboard/_components/DashboardHome/DashboardHome.tsx [Client Component SSR]
    ./app/dashboard/page.tsx [Client Component SSR]
    ./app/dashboard/page.tsx [Server Component] @ http://localhost:3000/_next/static/chunks/node_modules_next_dist_1gdrd03._.js:1945
[ 1587163ms] [ERROR] ./app/dashboard/_components/DashboardHome/components/SessionLoadCard/SessionLoadCard.tsx:45:10
the name `OwnerUtilization` is defined multiple times
  43 | }
  44 |
> 45 | function OwnerUtilization() {
     |          ^^^^^^^^^^^^^^^^
  46 |   const today = new Date();
  47 |   const from = subDays(today, OWNER_UTILIZATION_RANGE_DAYS - 1);
  48 |   const { data: days = [] } = useOwnerReservationSummary(from, today);

Ecmascript file had an error

Generated code of loaders [@locator/webpack-loader] transform of file content of app/dashboard/_components/DashboardHome/components/SessionLoadCard/SessionLoadCard.tsx:
./app/dashboard/_components/DashboardHome/components/SessionLoadCard/SessionLoadCard.tsx:45:10
  43 | }
  44 |
> 45 | function OwnerUtilization() {
     |          ^^^^^^^^^^^^^^^^
  46 |   const today = new Date();
  47 |   const from = subDays(today, OWNER_UTILIZATION_RANGE_DAYS - 1);
  48 |   const { data: days = [] } = useOwnerReservationSummary(from, today);

Import traces:
  Client Component Browser:
    ./app/dashboard/_components/DashboardHome/components/SessionLoadCard/SessionLoadCard.tsx [Client Component Browser]
    ./app/dashboard/_components/DashboardHome/DashboardHome.tsx [Client Component Browser]
    ./app/dashboard/page.tsx [Client Component Browser]
    ./app/dashboard/page.tsx [Server Component]

  Client Component SSR:
    ./app/dashboard/_components/DashboardHome/components/SessionLoadCard/SessionLoadCard.tsx [Client Component SSR]
    ./app/dashboard/_components/DashboardHome/DashboardHome.tsx [Client Component SSR]
    ./app/dashboard/page.tsx [Client Component SSR]
    ./app/dashboard/page.tsx [Server Component] @ http://localhost:3000/_next/static/chunks/node_modules_next_dist_1gdrd03._.js:1945
[ 1587163ms] [ERROR] ./app/dashboard/_components/DashboardHome/components/SessionLoadCard/SessionLoadCard.tsx:66:10
the name `PlayerUtilization` is defined multiple times
  64 | }
  65 |
> 66 | function PlayerUtilization() {
     |          ^^^^^^^^^^^^^^^^^
  67 |   const { data: history = [] } = useMyReservations(true);
  68 |   const nonCancelled = history.filter((r) => r.status !== "CANCELLED");
  69 |   const counts = getWeeklyCounts(

Ecmascript file had an error

Generated code of loaders [@locator/webpack-loader] transform of file content of app/dashboard/_components/DashboardHome/components/SessionLoadCard/SessionLoadCard.tsx:
./app/dashboard/_components/DashboardHome/components/SessionLoadCard/SessionLoadCard.tsx:66:10
  64 | }
  65 |
> 66 | function PlayerUtilization() {
     |          ^^^^^^^^^^^^^^^^^
  67 |   const { data: history = [] } = useMyReservations(true);
  68 |   const nonCancelled = history.filter((r) => r.status !== "CANCELLED");
  69 |   const counts = getWeeklyCounts(

Import traces:
  Client Component Browser:
    ./app/dashboard/_components/DashboardHome/components/SessionLoadCard/SessionLoadCard.tsx [Client Component Browser]
    ./app/dashboard/_components/DashboardHome/DashboardHome.tsx [Client Component Browser]
    ./app/dashboard/page.tsx [Client Component Browser]
    ./app/dashboard/page.tsx [Server Component]

  Client Component SSR:
    ./app/dashboard/_components/DashboardHome/components/SessionLoadCard/SessionLoadCard.tsx [Client Component SSR]
    ./app/dashboard/_components/DashboardHome/DashboardHome.tsx [Client Component SSR]
    ./app/dashboard/page.tsx [Client Component SSR]
    ./app/dashboard/page.tsx [Server Component] @ http://localhost:3000/_next/static/chunks/node_modules_next_dist_1gdrd03._.js:1945
[ 1587227ms] [ERROR] ./app/dashboard/_components/DashboardHome/components/SessionLoadCard/SessionLoadCard.tsx:45:10
the name `OwnerUtilization` is defined multiple times
  43 | }
  44 |
> 45 | function OwnerUtilization() {
     |          ^^^^^^^^^^^^^^^^
  46 |   const today = new Date();
  47 |   const from = subDays(today, OWNER_UTILIZATION_RANGE_DAYS - 1);
  48 |   const { data: days = [] } = useOwnerReservationSummary(from, today);

Ecmascript file had an error

Generated code of loaders [@locator/webpack-loader] transform of file content of app/dashboard/_components/DashboardHome/components/SessionLoadCard/SessionLoadCard.tsx:
./app/dashboard/_components/DashboardHome/components/SessionLoadCard/SessionLoadCard.tsx:45:10
  43 | }
  44 |
> 45 | function OwnerUtilization() {
     |          ^^^^^^^^^^^^^^^^
  46 |   const today = new Date();
  47 |   const from = subDays(today, OWNER_UTILIZATION_RANGE_DAYS - 1);
  48 |   const { data: days = [] } = useOwnerReservationSummary(from, today);

Import traces:
  Client Component Browser:
    ./app/dashboard/_components/DashboardHome/components/SessionLoadCard/SessionLoadCard.tsx [Client Component Browser]
    ./app/dashboard/_components/DashboardHome/DashboardHome.tsx [Client Component Browser]
    ./app/dashboard/page.tsx [Client Component Browser]
    ./app/dashboard/page.tsx [Server Component]

  Client Component SSR:
    ./app/dashboard/_components/DashboardHome/components/SessionLoadCard/SessionLoadCard.tsx [Client Component SSR]
    ./app/dashboard/_components/DashboardHome/DashboardHome.tsx [Client Component SSR]
    ./app/dashboard/page.tsx [Client Component SSR]
    ./app/dashboard/page.tsx [Server Component] @ http://localhost:3000/_next/static/chunks/node_modules_next_dist_1gdrd03._.js:1945
[ 1587227ms] [ERROR] ./app/dashboard/_components/DashboardHome/components/SessionLoadCard/SessionLoadCard.tsx:66:10
the name `PlayerUtilization` is defined multiple times
  64 | }
  65 |
> 66 | function PlayerUtilization() {
     |          ^^^^^^^^^^^^^^^^^
  67 |   const { data: history = [] } = useMyReservations(true);
  68 |   const nonCancelled = history.filter((r) => r.status !== "CANCELLED");
  69 |   const counts = getWeeklyCounts(

Ecmascript file had an error

Generated code of loaders [@locator/webpack-loader] transform of file content of app/dashboard/_components/DashboardHome/components/SessionLoadCard/SessionLoadCard.tsx:
./app/dashboard/_components/DashboardHome/components/SessionLoadCard/SessionLoadCard.tsx:66:10
  64 | }
  65 |
> 66 | function PlayerUtilization() {
     |          ^^^^^^^^^^^^^^^^^
  67 |   const { data: history = [] } = useMyReservations(true);
  68 |   const nonCancelled = history.filter((r) => r.status !== "CANCELLED");
  69 |   const counts = getWeeklyCounts(

Import traces:
  Client Component Browser:
    ./app/dashboard/_components/DashboardHome/components/SessionLoadCard/SessionLoadCard.tsx [Client Component Browser]
    ./app/dashboard/_components/DashboardHome/DashboardHome.tsx [Client Component Browser]
    ./app/dashboard/page.tsx [Client Component Browser]
    ./app/dashboard/page.tsx [Server Component]

  Client Component SSR:
    ./app/dashboard/_components/DashboardHome/components/SessionLoadCard/SessionLoadCard.tsx [Client Component SSR]
    ./app/dashboard/_components/DashboardHome/DashboardHome.tsx [Client Component SSR]
    ./app/dashboard/page.tsx [Client Component SSR]
    ./app/dashboard/page.tsx [Server Component] @ http://localhost:3000/_next/static/chunks/node_modules_next_dist_1gdrd03._.js:1945
[ 1587304ms] [LOG] [Fast Refresh] rebuilding @ http://localhost:3000/_next/static/chunks/node_modules_next_dist_1gdrd03._.js:1226
[ 1588076ms] [ERROR] ./app/dashboard/_components/DashboardHome/components/SessionLoadCard/SessionLoadCard.tsx:45:10
the name `OwnerUtilization` is defined multiple times
  43 | }
  44 |
> 45 | function OwnerUtilization() {
     |          ^^^^^^^^^^^^^^^^
  46 |   const today = new Date();
  47 |   const from = subDays(today, OWNER_UTILIZATION_RANGE_DAYS - 1);
  48 |   const { data: days = [] } = useOwnerReservationSummary(from, today);

Ecmascript file had an error

Generated code of loaders [@locator/webpack-loader] transform of file content of app/dashboard/_components/DashboardHome/components/SessionLoadCard/SessionLoadCard.tsx:
./app/dashboard/_components/DashboardHome/components/SessionLoadCard/SessionLoadCard.tsx:45:10
  43 | }
  44 |
> 45 | function OwnerUtilization() {
     |          ^^^^^^^^^^^^^^^^
  46 |   const today = new Date();
  47 |   const from = subDays(today, OWNER_UTILIZATION_RANGE_DAYS - 1);
  48 |   const { data: days = [] } = useOwnerReservationSummary(from, today);

Import traces:
  Client Component Browser:
    ./app/dashboard/_components/DashboardHome/components/SessionLoadCard/SessionLoadCard.tsx [Client Component Browser]
    ./app/dashboard/_components/DashboardHome/DashboardHome.tsx [Client Component Browser]
    ./app/dashboard/page.tsx [Client Component Browser]
    ./app/dashboard/page.tsx [Server Component]

  Client Component SSR:
    ./app/dashboard/_components/DashboardHome/components/SessionLoadCard/SessionLoadCard.tsx [Client Component SSR]
    ./app/dashboard/_components/DashboardHome/DashboardHome.tsx [Client Component SSR]
    ./app/dashboard/page.tsx [Client Component SSR]
    ./app/dashboard/page.tsx [Server Component] @ http://localhost:3000/_next/static/chunks/node_modules_next_dist_1gdrd03._.js:1945
[ 1588076ms] [ERROR] ./app/dashboard/_components/DashboardHome/components/SessionLoadCard/SessionLoadCard.tsx:66:10
the name `PlayerUtilization` is defined multiple times
  64 | }
  65 |
> 66 | function PlayerUtilization() {
     |          ^^^^^^^^^^^^^^^^^
  67 |   const { data: history = [] } = useMyReservations(true);
  68 |   const nonCancelled = history.filter((r) => r.status !== "CANCELLED");
  69 |   const counts = getWeeklyCounts(

Ecmascript file had an error

Generated code of loaders [@locator/webpack-loader] transform of file content of app/dashboard/_components/DashboardHome/components/SessionLoadCard/SessionLoadCard.tsx:
./app/dashboard/_components/DashboardHome/components/SessionLoadCard/SessionLoadCard.tsx:66:10
  64 | }
  65 |
> 66 | function PlayerUtilization() {
     |          ^^^^^^^^^^^^^^^^^
  67 |   const { data: history = [] } = useMyReservations(true);
  68 |   const nonCancelled = history.filter((r) => r.status !== "CANCELLED");
  69 |   const counts = getWeeklyCounts(

Import traces:
  Client Component Browser:
    ./app/dashboard/_components/DashboardHome/components/SessionLoadCard/SessionLoadCard.tsx [Client Component Browser]
    ./app/dashboard/_components/DashboardHome/DashboardHome.tsx [Client Component Browser]
    ./app/dashboard/page.tsx [Client Component Browser]
    ./app/dashboard/page.tsx [Server Component]

  Client Component SSR:
    ./app/dashboard/_components/DashboardHome/components/SessionLoadCard/SessionLoadCard.tsx [Client Component SSR]
    ./app/dashboard/_components/DashboardHome/DashboardHome.tsx [Client Component SSR]
    ./app/dashboard/page.tsx [Client Component SSR]
    ./app/dashboard/page.tsx [Server Component] @ http://localhost:3000/_next/static/chunks/node_modules_next_dist_1gdrd03._.js:1945
[ 1588154ms] [ERROR] ./app/dashboard/_components/DashboardHome/components/SessionLoadCard/SessionLoadCard.tsx:45:10
the name `OwnerUtilization` is defined multiple times
  43 | }
  44 |
> 45 | function OwnerUtilization() {
     |          ^^^^^^^^^^^^^^^^
  46 |   const today = new Date();
  47 |   const from = subDays(today, OWNER_UTILIZATION_RANGE_DAYS - 1);
  48 |   const { data: days = [] } = useOwnerReservationSummary(from, today);

Ecmascript file had an error

Generated code of loaders [@locator/webpack-loader] transform of file content of app/dashboard/_components/DashboardHome/components/SessionLoadCard/SessionLoadCard.tsx:
./app/dashboard/_components/DashboardHome/components/SessionLoadCard/SessionLoadCard.tsx:45:10
  43 | }
  44 |
> 45 | function OwnerUtilization() {
     |          ^^^^^^^^^^^^^^^^
  46 |   const today = new Date();
  47 |   const from = subDays(today, OWNER_UTILIZATION_RANGE_DAYS - 1);
  48 |   const { data: days = [] } = useOwnerReservationSummary(from, today);

Import traces:
  Client Component Browser:
    ./app/dashboard/_components/DashboardHome/components/SessionLoadCard/SessionLoadCard.tsx [Client Component Browser]
    ./app/dashboard/_components/DashboardHome/DashboardHome.tsx [Client Component Browser]
    ./app/dashboard/page.tsx [Client Component Browser]
    ./app/dashboard/page.tsx [Server Component]

  Client Component SSR:
    ./app/dashboard/_components/DashboardHome/components/SessionLoadCard/SessionLoadCard.tsx [Client Component SSR]
    ./app/dashboard/_components/DashboardHome/DashboardHome.tsx [Client Component SSR]
    ./app/dashboard/page.tsx [Client Component SSR]
    ./app/dashboard/page.tsx [Server Component] @ http://localhost:3000/_next/static/chunks/node_modules_next_dist_1gdrd03._.js:1945
[ 1588154ms] [ERROR] ./app/dashboard/_components/DashboardHome/components/SessionLoadCard/SessionLoadCard.tsx:66:10
the name `PlayerUtilization` is defined multiple times
  64 | }
  65 |
> 66 | function PlayerUtilization() {
     |          ^^^^^^^^^^^^^^^^^
  67 |   const { data: history = [] } = useMyReservations(true);
  68 |   const nonCancelled = history.filter((r) => r.status !== "CANCELLED");
  69 |   const counts = getWeeklyCounts(

Ecmascript file had an error

Generated code of loaders [@locator/webpack-loader] transform of file content of app/dashboard/_components/DashboardHome/components/SessionLoadCard/SessionLoadCard.tsx:
./app/dashboard/_components/DashboardHome/components/SessionLoadCard/SessionLoadCard.tsx:66:10
  64 | }
  65 |
> 66 | function PlayerUtilization() {
     |          ^^^^^^^^^^^^^^^^^
  67 |   const { data: history = [] } = useMyReservations(true);
  68 |   const nonCancelled = history.filter((r) => r.status !== "CANCELLED");
  69 |   const counts = getWeeklyCounts(

Import traces:
  Client Component Browser:
    ./app/dashboard/_components/DashboardHome/components/SessionLoadCard/SessionLoadCard.tsx [Client Component Browser]
    ./app/dashboard/_components/DashboardHome/DashboardHome.tsx [Client Component Browser]
    ./app/dashboard/page.tsx [Client Component Browser]
    ./app/dashboard/page.tsx [Server Component]

  Client Component SSR:
    ./app/dashboard/_components/DashboardHome/components/SessionLoadCard/SessionLoadCard.tsx [Client Component SSR]
    ./app/dashboard/_components/DashboardHome/DashboardHome.tsx [Client Component SSR]
    ./app/dashboard/page.tsx [Client Component SSR]
    ./app/dashboard/page.tsx [Server Component] @ http://localhost:3000/_next/static/chunks/node_modules_next_dist_1gdrd03._.js:1945
[ 1588217ms] [ERROR] ./app/dashboard/_components/DashboardHome/components/SessionLoadCard/SessionLoadCard.tsx:45:10
the name `OwnerUtilization` is defined multiple times
  43 | }
  44 |
> 45 | function OwnerUtilization() {
     |          ^^^^^^^^^^^^^^^^
  46 |   const today = new Date();
  47 |   const from = subDays(today, OWNER_UTILIZATION_RANGE_DAYS - 1);
  48 |   const { data: days = [] } = useOwnerReservationSummary(from, today);

Ecmascript file had an error

Generated code of loaders [@locator/webpack-loader] transform of file content of app/dashboard/_components/DashboardHome/components/SessionLoadCard/SessionLoadCard.tsx:
./app/dashboard/_components/DashboardHome/components/SessionLoadCard/SessionLoadCard.tsx:45:10
  43 | }
  44 |
> 45 | function OwnerUtilization() {
     |          ^^^^^^^^^^^^^^^^
  46 |   const today = new Date();
  47 |   const from = subDays(today, OWNER_UTILIZATION_RANGE_DAYS - 1);
  48 |   const { data: days = [] } = useOwnerReservationSummary(from, today);

Import traces:
  Client Component Browser:
    ./app/dashboard/_components/DashboardHome/components/SessionLoadCard/SessionLoadCard.tsx [Client Component Browser]
    ./app/dashboard/_components/DashboardHome/DashboardHome.tsx [Client Component Browser]
    ./app/dashboard/page.tsx [Client Component Browser]
    ./app/dashboard/page.tsx [Server Component]

  Client Component SSR:
    ./app/dashboard/_components/DashboardHome/components/SessionLoadCard/SessionLoadCard.tsx [Client Component SSR]
    ./app/dashboard/_components/DashboardHome/DashboardHome.tsx [Client Component SSR]
    ./app/dashboard/page.tsx [Client Component SSR]
    ./app/dashboard/page.tsx [Server Component] @ http://localhost:3000/_next/static/chunks/node_modules_next_dist_1gdrd03._.js:1945
[ 1588217ms] [ERROR] ./app/dashboard/_components/DashboardHome/components/SessionLoadCard/SessionLoadCard.tsx:66:10
the name `PlayerUtilization` is defined multiple times
  64 | }
  65 |
> 66 | function PlayerUtilization() {
     |          ^^^^^^^^^^^^^^^^^
  67 |   const { data: history = [] } = useMyReservations(true);
  68 |   const nonCancelled = history.filter((r) => r.status !== "CANCELLED");
  69 |   const counts = getWeeklyCounts(

Ecmascript file had an error

Generated code of loaders [@locator/webpack-loader] transform of file content of app/dashboard/_components/DashboardHome/components/SessionLoadCard/SessionLoadCard.tsx:
./app/dashboard/_components/DashboardHome/components/SessionLoadCard/SessionLoadCard.tsx:66:10
  64 | }
  65 |
> 66 | function PlayerUtilization() {
     |          ^^^^^^^^^^^^^^^^^
  67 |   const { data: history = [] } = useMyReservations(true);
  68 |   const nonCancelled = history.filter((r) => r.status !== "CANCELLED");
  69 |   const counts = getWeeklyCounts(

Import traces:
  Client Component Browser:
    ./app/dashboard/_components/DashboardHome/components/SessionLoadCard/SessionLoadCard.tsx [Client Component Browser]
    ./app/dashboard/_components/DashboardHome/DashboardHome.tsx [Client Component Browser]
    ./app/dashboard/page.tsx [Client Component Browser]
    ./app/dashboard/page.tsx [Server Component]

  Client Component SSR:
    ./app/dashboard/_components/DashboardHome/components/SessionLoadCard/SessionLoadCard.tsx [Client Component SSR]
    ./app/dashboard/_components/DashboardHome/DashboardHome.tsx [Client Component SSR]
    ./app/dashboard/page.tsx [Client Component SSR]
    ./app/dashboard/page.tsx [Server Component] @ http://localhost:3000/_next/static/chunks/node_modules_next_dist_1gdrd03._.js:1945
[ 1588279ms] [ERROR] ./app/dashboard/_components/DashboardHome/components/SessionLoadCard/SessionLoadCard.tsx:45:10
the name `OwnerUtilization` is defined multiple times
  43 | }
  44 |
> 45 | function OwnerUtilization() {
     |          ^^^^^^^^^^^^^^^^
  46 |   const today = new Date();
  47 |   const from = subDays(today, OWNER_UTILIZATION_RANGE_DAYS - 1);
  48 |   const { data: days = [] } = useOwnerReservationSummary(from, today);

Ecmascript file had an error

Generated code of loaders [@locator/webpack-loader] transform of file content of app/dashboard/_components/DashboardHome/components/SessionLoadCard/SessionLoadCard.tsx:
./app/dashboard/_components/DashboardHome/components/SessionLoadCard/SessionLoadCard.tsx:45:10
  43 | }
  44 |
> 45 | function OwnerUtilization() {
     |          ^^^^^^^^^^^^^^^^
  46 |   const today = new Date();
  47 |   const from = subDays(today, OWNER_UTILIZATION_RANGE_DAYS - 1);
  48 |   const { data: days = [] } = useOwnerReservationSummary(from, today);

Import traces:
  Client Component Browser:
    ./app/dashboard/_components/DashboardHome/components/SessionLoadCard/SessionLoadCard.tsx [Client Component Browser]
    ./app/dashboard/_components/DashboardHome/DashboardHome.tsx [Client Component Browser]
    ./app/dashboard/page.tsx [Client Component Browser]
    ./app/dashboard/page.tsx [Server Component]

  Client Component SSR:
    ./app/dashboard/_components/DashboardHome/components/SessionLoadCard/SessionLoadCard.tsx [Client Component SSR]
    ./app/dashboard/_components/DashboardHome/DashboardHome.tsx [Client Component SSR]
    ./app/dashboard/page.tsx [Client Component SSR]
    ./app/dashboard/page.tsx [Server Component] @ http://localhost:3000/_next/static/chunks/node_modules_next_dist_1gdrd03._.js:1945
[ 1588280ms] [ERROR] ./app/dashboard/_components/DashboardHome/components/SessionLoadCard/SessionLoadCard.tsx:66:10
the name `PlayerUtilization` is defined multiple times
  64 | }
  65 |
> 66 | function PlayerUtilization() {
     |          ^^^^^^^^^^^^^^^^^
  67 |   const { data: history = [] } = useMyReservations(true);
  68 |   const nonCancelled = history.filter((r) => r.status !== "CANCELLED");
  69 |   const counts = getWeeklyCounts(

Ecmascript file had an error

Generated code of loaders [@locator/webpack-loader] transform of file content of app/dashboard/_components/DashboardHome/components/SessionLoadCard/SessionLoadCard.tsx:
./app/dashboard/_components/DashboardHome/components/SessionLoadCard/SessionLoadCard.tsx:66:10
  64 | }
  65 |
> 66 | function PlayerUtilization() {
     |          ^^^^^^^^^^^^^^^^^
  67 |   const { data: history = [] } = useMyReservations(true);
  68 |   const nonCancelled = history.filter((r) => r.status !== "CANCELLED");
  69 |   const counts = getWeeklyCounts(

Import traces:
  Client Component Browser:
    ./app/dashboard/_components/DashboardHome/components/SessionLoadCard/SessionLoadCard.tsx [Client Component Browser]
    ./app/dashboard/_components/DashboardHome/DashboardHome.tsx [Client Component Browser]
    ./app/dashboard/page.tsx [Client Component Browser]
    ./app/dashboard/page.tsx [Server Component]

  Client Component SSR:
    ./app/dashboard/_components/DashboardHome/components/SessionLoadCard/SessionLoadCard.tsx [Client Component SSR]
    ./app/dashboard/_components/DashboardHome/DashboardHome.tsx [Client Component SSR]
    ./app/dashboard/page.tsx [Client Component SSR]
    ./app/dashboard/page.tsx [Server Component] @ http://localhost:3000/_next/static/chunks/node_modules_next_dist_1gdrd03._.js:1945
[ 1588343ms] [ERROR] ./app/dashboard/_components/DashboardHome/components/SessionLoadCard/SessionLoadCard.tsx:45:10
the name `OwnerUtilization` is defined multiple times
  43 | }
  44 |
> 45 | function OwnerUtilization() {
     |          ^^^^^^^^^^^^^^^^
  46 |   const today = new Date();
  47 |   const from = subDays(today, OWNER_UTILIZATION_RANGE_DAYS - 1);
  48 |   const { data: days = [] } = useOwnerReservationSummary(from, today);

Ecmascript file had an error

Generated code of loaders [@locator/webpack-loader] transform of file content of app/dashboard/_components/DashboardHome/components/SessionLoadCard/SessionLoadCard.tsx:
./app/dashboard/_components/DashboardHome/components/SessionLoadCard/SessionLoadCard.tsx:45:10
  43 | }
  44 |
> 45 | function OwnerUtilization() {
     |          ^^^^^^^^^^^^^^^^
  46 |   const today = new Date();
  47 |   const from = subDays(today, OWNER_UTILIZATION_RANGE_DAYS - 1);
  48 |   const { data: days = [] } = useOwnerReservationSummary(from, today);

Import traces:
  Client Component Browser:
    ./app/dashboard/_components/DashboardHome/components/SessionLoadCard/SessionLoadCard.tsx [Client Component Browser]
    ./app/dashboard/_components/DashboardHome/DashboardHome.tsx [Client Component Browser]
    ./app/dashboard/page.tsx [Client Component Browser]
    ./app/dashboard/page.tsx [Server Component]

  Client Component SSR:
    ./app/dashboard/_components/DashboardHome/components/SessionLoadCard/SessionLoadCard.tsx [Client Component SSR]
    ./app/dashboard/_components/DashboardHome/DashboardHome.tsx [Client Component SSR]
    ./app/dashboard/page.tsx [Client Component SSR]
    ./app/dashboard/page.tsx [Server Component] @ http://localhost:3000/_next/static/chunks/node_modules_next_dist_1gdrd03._.js:1945
[ 1588343ms] [ERROR] ./app/dashboard/_components/DashboardHome/components/SessionLoadCard/SessionLoadCard.tsx:66:10
the name `PlayerUtilization` is defined multiple times
  64 | }
  65 |
> 66 | function PlayerUtilization() {
     |          ^^^^^^^^^^^^^^^^^
  67 |   const { data: history = [] } = useMyReservations(true);
  68 |   const nonCancelled = history.filter((r) => r.status !== "CANCELLED");
  69 |   const counts = getWeeklyCounts(

Ecmascript file had an error

Generated code of loaders [@locator/webpack-loader] transform of file content of app/dashboard/_components/DashboardHome/components/SessionLoadCard/SessionLoadCard.tsx:
./app/dashboard/_components/DashboardHome/components/SessionLoadCard/SessionLoadCard.tsx:66:10
  64 | }
  65 |
> 66 | function PlayerUtilization() {
     |          ^^^^^^^^^^^^^^^^^
  67 |   const { data: history = [] } = useMyReservations(true);
  68 |   const nonCancelled = history.filter((r) => r.status !== "CANCELLED");
  69 |   const counts = getWeeklyCounts(

Import traces:
  Client Component Browser:
    ./app/dashboard/_components/DashboardHome/components/SessionLoadCard/SessionLoadCard.tsx [Client Component Browser]
    ./app/dashboard/_components/DashboardHome/DashboardHome.tsx [Client Component Browser]
    ./app/dashboard/page.tsx [Client Component Browser]
    ./app/dashboard/page.tsx [Server Component]

  Client Component SSR:
    ./app/dashboard/_components/DashboardHome/components/SessionLoadCard/SessionLoadCard.tsx [Client Component SSR]
    ./app/dashboard/_components/DashboardHome/DashboardHome.tsx [Client Component SSR]
    ./app/dashboard/page.tsx [Client Component SSR]
    ./app/dashboard/page.tsx [Server Component] @ http://localhost:3000/_next/static/chunks/node_modules_next_dist_1gdrd03._.js:1945
[ 1588421ms] [ERROR] ./app/dashboard/_components/DashboardHome/components/SessionLoadCard/SessionLoadCard.tsx:45:10
the name `OwnerUtilization` is defined multiple times
  43 | }
  44 |
> 45 | function OwnerUtilization() {
     |          ^^^^^^^^^^^^^^^^
  46 |   const today = new Date();
  47 |   const from = subDays(today, OWNER_UTILIZATION_RANGE_DAYS - 1);
  48 |   const { data: days = [] } = useOwnerReservationSummary(from, today);

Ecmascript file had an error

Generated code of loaders [@locator/webpack-loader] transform of file content of app/dashboard/_components/DashboardHome/components/SessionLoadCard/SessionLoadCard.tsx:
./app/dashboard/_components/DashboardHome/components/SessionLoadCard/SessionLoadCard.tsx:45:10
  43 | }
  44 |
> 45 | function OwnerUtilization() {
     |          ^^^^^^^^^^^^^^^^
  46 |   const today = new Date();
  47 |   const from = subDays(today, OWNER_UTILIZATION_RANGE_DAYS - 1);
  48 |   const { data: days = [] } = useOwnerReservationSummary(from, today);

Import traces:
  Client Component Browser:
    ./app/dashboard/_components/DashboardHome/components/SessionLoadCard/SessionLoadCard.tsx [Client Component Browser]
    ./app/dashboard/_components/DashboardHome/DashboardHome.tsx [Client Component Browser]
    ./app/dashboard/page.tsx [Client Component Browser]
    ./app/dashboard/page.tsx [Server Component]

  Client Component SSR:
    ./app/dashboard/_components/DashboardHome/components/SessionLoadCard/SessionLoadCard.tsx [Client Component SSR]
    ./app/dashboard/_components/DashboardHome/DashboardHome.tsx [Client Component SSR]
    ./app/dashboard/page.tsx [Client Component SSR]
    ./app/dashboard/page.tsx [Server Component] @ http://localhost:3000/_next/static/chunks/node_modules_next_dist_1gdrd03._.js:1945
[ 1588421ms] [ERROR] ./app/dashboard/_components/DashboardHome/components/SessionLoadCard/SessionLoadCard.tsx:66:10
the name `PlayerUtilization` is defined multiple times
  64 | }
  65 |
> 66 | function PlayerUtilization() {
     |          ^^^^^^^^^^^^^^^^^
  67 |   const { data: history = [] } = useMyReservations(true);
  68 |   const nonCancelled = history.filter((r) => r.status !== "CANCELLED");
  69 |   const counts = getWeeklyCounts(

Ecmascript file had an error

Generated code of loaders [@locator/webpack-loader] transform of file content of app/dashboard/_components/DashboardHome/components/SessionLoadCard/SessionLoadCard.tsx:
./app/dashboard/_components/DashboardHome/components/SessionLoadCard/SessionLoadCard.tsx:66:10
  64 | }
  65 |
> 66 | function PlayerUtilization() {
     |          ^^^^^^^^^^^^^^^^^
  67 |   const { data: history = [] } = useMyReservations(true);
  68 |   const nonCancelled = history.filter((r) => r.status !== "CANCELLED");
  69 |   const counts = getWeeklyCounts(

Import traces:
  Client Component Browser:
    ./app/dashboard/_components/DashboardHome/components/SessionLoadCard/SessionLoadCard.tsx [Client Component Browser]
    ./app/dashboard/_components/DashboardHome/DashboardHome.tsx [Client Component Browser]
    ./app/dashboard/page.tsx [Client Component Browser]
    ./app/dashboard/page.tsx [Server Component]

  Client Component SSR:
    ./app/dashboard/_components/DashboardHome/components/SessionLoadCard/SessionLoadCard.tsx [Client Component SSR]
    ./app/dashboard/_components/DashboardHome/DashboardHome.tsx [Client Component SSR]
    ./app/dashboard/page.tsx [Client Component SSR]
    ./app/dashboard/page.tsx [Server Component] @ http://localhost:3000/_next/static/chunks/node_modules_next_dist_1gdrd03._.js:1945
[ 1588500ms] [ERROR] ./app/dashboard/_components/DashboardHome/components/SessionLoadCard/SessionLoadCard.tsx:45:10
the name `OwnerUtilization` is defined multiple times
  43 | }
  44 |
> 45 | function OwnerUtilization() {
     |          ^^^^^^^^^^^^^^^^
  46 |   const today = new Date();
  47 |   const from = subDays(today, OWNER_UTILIZATION_RANGE_DAYS - 1);
  48 |   const { data: days = [] } = useOwnerReservationSummary(from, today);

Ecmascript file had an error

Generated code of loaders [@locator/webpack-loader] transform of file content of app/dashboard/_components/DashboardHome/components/SessionLoadCard/SessionLoadCard.tsx:
./app/dashboard/_components/DashboardHome/components/SessionLoadCard/SessionLoadCard.tsx:45:10
  43 | }
  44 |
> 45 | function OwnerUtilization() {
     |          ^^^^^^^^^^^^^^^^
  46 |   const today = new Date();
  47 |   const from = subDays(today, OWNER_UTILIZATION_RANGE_DAYS - 1);
  48 |   const { data: days = [] } = useOwnerReservationSummary(from, today);

Import traces:
  Client Component Browser:
    ./app/dashboard/_components/DashboardHome/components/SessionLoadCard/SessionLoadCard.tsx [Client Component Browser]
    ./app/dashboard/_components/DashboardHome/DashboardHome.tsx [Client Component Browser]
    ./app/dashboard/page.tsx [Client Component Browser]
    ./app/dashboard/page.tsx [Server Component]

  Client Component SSR:
    ./app/dashboard/_components/DashboardHome/components/SessionLoadCard/SessionLoadCard.tsx [Client Component SSR]
    ./app/dashboard/_components/DashboardHome/DashboardHome.tsx [Client Component SSR]
    ./app/dashboard/page.tsx [Client Component SSR]
    ./app/dashboard/page.tsx [Server Component] @ http://localhost:3000/_next/static/chunks/node_modules_next_dist_1gdrd03._.js:1945
[ 1588500ms] [ERROR] ./app/dashboard/_components/DashboardHome/components/SessionLoadCard/SessionLoadCard.tsx:66:10
the name `PlayerUtilization` is defined multiple times
  64 | }
  65 |
> 66 | function PlayerUtilization() {
     |          ^^^^^^^^^^^^^^^^^
  67 |   const { data: history = [] } = useMyReservations(true);
  68 |   const nonCancelled = history.filter((r) => r.status !== "CANCELLED");
  69 |   const counts = getWeeklyCounts(

Ecmascript file had an error

Generated code of loaders [@locator/webpack-loader] transform of file content of app/dashboard/_components/DashboardHome/components/SessionLoadCard/SessionLoadCard.tsx:
./app/dashboard/_components/DashboardHome/components/SessionLoadCard/SessionLoadCard.tsx:66:10
  64 | }
  65 |
> 66 | function PlayerUtilization() {
     |          ^^^^^^^^^^^^^^^^^
  67 |   const { data: history = [] } = useMyReservations(true);
  68 |   const nonCancelled = history.filter((r) => r.status !== "CANCELLED");
  69 |   const counts = getWeeklyCounts(

Import traces:
  Client Component Browser:
    ./app/dashboard/_components/DashboardHome/components/SessionLoadCard/SessionLoadCard.tsx [Client Component Browser]
    ./app/dashboard/_components/DashboardHome/DashboardHome.tsx [Client Component Browser]
    ./app/dashboard/page.tsx [Client Component Browser]
    ./app/dashboard/page.tsx [Server Component]

  Client Component SSR:
    ./app/dashboard/_components/DashboardHome/components/SessionLoadCard/SessionLoadCard.tsx [Client Component SSR]
    ./app/dashboard/_components/DashboardHome/DashboardHome.tsx [Client Component SSR]
    ./app/dashboard/page.tsx [Client Component SSR]
    ./app/dashboard/page.tsx [Server Component] @ http://localhost:3000/_next/static/chunks/node_modules_next_dist_1gdrd03._.js:1945
[ 1588578ms] [ERROR] ./app/dashboard/_components/DashboardHome/components/SessionLoadCard/SessionLoadCard.tsx:45:10
the name `OwnerUtilization` is defined multiple times
  43 | }
  44 |
> 45 | function OwnerUtilization() {
     |          ^^^^^^^^^^^^^^^^
  46 |   const today = new Date();
  47 |   const from = subDays(today, OWNER_UTILIZATION_RANGE_DAYS - 1);
  48 |   const { data: days = [] } = useOwnerReservationSummary(from, today);

Ecmascript file had an error

Generated code of loaders [@locator/webpack-loader] transform of file content of app/dashboard/_components/DashboardHome/components/SessionLoadCard/SessionLoadCard.tsx:
./app/dashboard/_components/DashboardHome/components/SessionLoadCard/SessionLoadCard.tsx:45:10
  43 | }
  44 |
> 45 | function OwnerUtilization() {
     |          ^^^^^^^^^^^^^^^^
  46 |   const today = new Date();
  47 |   const from = subDays(today, OWNER_UTILIZATION_RANGE_DAYS - 1);
  48 |   const { data: days = [] } = useOwnerReservationSummary(from, today);

Import traces:
  Client Component Browser:
    ./app/dashboard/_components/DashboardHome/components/SessionLoadCard/SessionLoadCard.tsx [Client Component Browser]
    ./app/dashboard/_components/DashboardHome/DashboardHome.tsx [Client Component Browser]
    ./app/dashboard/page.tsx [Client Component Browser]
    ./app/dashboard/page.tsx [Server Component]

  Client Component SSR:
    ./app/dashboard/_components/DashboardHome/components/SessionLoadCard/SessionLoadCard.tsx [Client Component SSR]
    ./app/dashboard/_components/DashboardHome/DashboardHome.tsx [Client Component SSR]
    ./app/dashboard/page.tsx [Client Component SSR]
    ./app/dashboard/page.tsx [Server Component] @ http://localhost:3000/_next/static/chunks/node_modules_next_dist_1gdrd03._.js:1945
[ 1588578ms] [ERROR] ./app/dashboard/_components/DashboardHome/components/SessionLoadCard/SessionLoadCard.tsx:66:10
the name `PlayerUtilization` is defined multiple times
  64 | }
  65 |
> 66 | function PlayerUtilization() {
     |          ^^^^^^^^^^^^^^^^^
  67 |   const { data: history = [] } = useMyReservations(true);
  68 |   const nonCancelled = history.filter((r) => r.status !== "CANCELLED");
  69 |   const counts = getWeeklyCounts(

Ecmascript file had an error

Generated code of loaders [@locator/webpack-loader] transform of file content of app/dashboard/_components/DashboardHome/components/SessionLoadCard/SessionLoadCard.tsx:
./app/dashboard/_components/DashboardHome/components/SessionLoadCard/SessionLoadCard.tsx:66:10
  64 | }
  65 |
> 66 | function PlayerUtilization() {
     |          ^^^^^^^^^^^^^^^^^
  67 |   const { data: history = [] } = useMyReservations(true);
  68 |   const nonCancelled = history.filter((r) => r.status !== "CANCELLED");
  69 |   const counts = getWeeklyCounts(

Import traces:
  Client Component Browser:
    ./app/dashboard/_components/DashboardHome/components/SessionLoadCard/SessionLoadCard.tsx [Client Component Browser]
    ./app/dashboard/_components/DashboardHome/DashboardHome.tsx [Client Component Browser]
    ./app/dashboard/page.tsx [Client Component Browser]
    ./app/dashboard/page.tsx [Server Component]

  Client Component SSR:
    ./app/dashboard/_components/DashboardHome/components/SessionLoadCard/SessionLoadCard.tsx [Client Component SSR]
    ./app/dashboard/_components/DashboardHome/DashboardHome.tsx [Client Component SSR]
    ./app/dashboard/page.tsx [Client Component SSR]
    ./app/dashboard/page.tsx [Server Component] @ http://localhost:3000/_next/static/chunks/node_modules_next_dist_1gdrd03._.js:1945
[ 1588642ms] [ERROR] ./app/dashboard/_components/DashboardHome/components/SessionLoadCard/SessionLoadCard.tsx:45:10
the name `OwnerUtilization` is defined multiple times
  43 | }
  44 |
> 45 | function OwnerUtilization() {
     |          ^^^^^^^^^^^^^^^^
  46 |   const today = new Date();
  47 |   const from = subDays(today, OWNER_UTILIZATION_RANGE_DAYS - 1);
  48 |   const { data: days = [] } = useOwnerReservationSummary(from, today);

Ecmascript file had an error

Generated code of loaders [@locator/webpack-loader] transform of file content of app/dashboard/_components/DashboardHome/components/SessionLoadCard/SessionLoadCard.tsx:
./app/dashboard/_components/DashboardHome/components/SessionLoadCard/SessionLoadCard.tsx:45:10
  43 | }
  44 |
> 45 | function OwnerUtilization() {
     |          ^^^^^^^^^^^^^^^^
  46 |   const today = new Date();
  47 |   const from = subDays(today, OWNER_UTILIZATION_RANGE_DAYS - 1);
  48 |   const { data: days = [] } = useOwnerReservationSummary(from, today);

Import traces:
  Client Component Browser:
    ./app/dashboard/_components/DashboardHome/components/SessionLoadCard/SessionLoadCard.tsx [Client Component Browser]
    ./app/dashboard/_components/DashboardHome/DashboardHome.tsx [Client Component Browser]
    ./app/dashboard/page.tsx [Client Component Browser]
    ./app/dashboard/page.tsx [Server Component]

  Client Component SSR:
    ./app/dashboard/_components/DashboardHome/components/SessionLoadCard/SessionLoadCard.tsx [Client Component SSR]
    ./app/dashboard/_components/DashboardHome/DashboardHome.tsx [Client Component SSR]
    ./app/dashboard/page.tsx [Client Component SSR]
    ./app/dashboard/page.tsx [Server Component] @ http://localhost:3000/_next/static/chunks/node_modules_next_dist_1gdrd03._.js:1945
[ 1588642ms] [ERROR] ./app/dashboard/_components/DashboardHome/components/SessionLoadCard/SessionLoadCard.tsx:66:10
the name `PlayerUtilization` is defined multiple times
  64 | }
  65 |
> 66 | function PlayerUtilization() {
     |          ^^^^^^^^^^^^^^^^^
  67 |   const { data: history = [] } = useMyReservations(true);
  68 |   const nonCancelled = history.filter((r) => r.status !== "CANCELLED");
  69 |   const counts = getWeeklyCounts(

Ecmascript file had an error

Generated code of loaders [@locator/webpack-loader] transform of file content of app/dashboard/_components/DashboardHome/components/SessionLoadCard/SessionLoadCard.tsx:
./app/dashboard/_components/DashboardHome/components/SessionLoadCard/SessionLoadCard.tsx:66:10
  64 | }
  65 |
> 66 | function PlayerUtilization() {
     |          ^^^^^^^^^^^^^^^^^
  67 |   const { data: history = [] } = useMyReservations(true);
  68 |   const nonCancelled = history.filter((r) => r.status !== "CANCELLED");
  69 |   const counts = getWeeklyCounts(

Import traces:
  Client Component Browser:
    ./app/dashboard/_components/DashboardHome/components/SessionLoadCard/SessionLoadCard.tsx [Client Component Browser]
    ./app/dashboard/_components/DashboardHome/DashboardHome.tsx [Client Component Browser]
    ./app/dashboard/page.tsx [Client Component Browser]
    ./app/dashboard/page.tsx [Server Component]

  Client Component SSR:
    ./app/dashboard/_components/DashboardHome/components/SessionLoadCard/SessionLoadCard.tsx [Client Component SSR]
    ./app/dashboard/_components/DashboardHome/DashboardHome.tsx [Client Component SSR]
    ./app/dashboard/page.tsx [Client Component SSR]
    ./app/dashboard/page.tsx [Server Component] @ http://localhost:3000/_next/static/chunks/node_modules_next_dist_1gdrd03._.js:1945
[ 1588719ms] [ERROR] ./app/dashboard/_components/DashboardHome/components/SessionLoadCard/SessionLoadCard.tsx:45:10
the name `OwnerUtilization` is defined multiple times
  43 | }
  44 |
> 45 | function OwnerUtilization() {
     |          ^^^^^^^^^^^^^^^^
  46 |   const today = new Date();
  47 |   const from = subDays(today, OWNER_UTILIZATION_RANGE_DAYS - 1);
  48 |   const { data: days = [] } = useOwnerReservationSummary(from, today);

Ecmascript file had an error

Generated code of loaders [@locator/webpack-loader] transform of file content of app/dashboard/_components/DashboardHome/components/SessionLoadCard/SessionLoadCard.tsx:
./app/dashboard/_components/DashboardHome/components/SessionLoadCard/SessionLoadCard.tsx:45:10
  43 | }
  44 |
> 45 | function OwnerUtilization() {
     |          ^^^^^^^^^^^^^^^^
  46 |   const today = new Date();
  47 |   const from = subDays(today, OWNER_UTILIZATION_RANGE_DAYS - 1);
  48 |   const { data: days = [] } = useOwnerReservationSummary(from, today);

Import traces:
  Client Component Browser:
    ./app/dashboard/_components/DashboardHome/components/SessionLoadCard/SessionLoadCard.tsx [Client Component Browser]
    ./app/dashboard/_components/DashboardHome/DashboardHome.tsx [Client Component Browser]
    ./app/dashboard/page.tsx [Client Component Browser]
    ./app/dashboard/page.tsx [Server Component]

  Client Component SSR:
    ./app/dashboard/_components/DashboardHome/components/SessionLoadCard/SessionLoadCard.tsx [Client Component SSR]
    ./app/dashboard/_components/DashboardHome/DashboardHome.tsx [Client Component SSR]
    ./app/dashboard/page.tsx [Client Component SSR]
    ./app/dashboard/page.tsx [Server Component] @ http://localhost:3000/_next/static/chunks/node_modules_next_dist_1gdrd03._.js:1945
[ 1588719ms] [ERROR] ./app/dashboard/_components/DashboardHome/components/SessionLoadCard/SessionLoadCard.tsx:66:10
the name `PlayerUtilization` is defined multiple times
  64 | }
  65 |
> 66 | function PlayerUtilization() {
     |          ^^^^^^^^^^^^^^^^^
  67 |   const { data: history = [] } = useMyReservations(true);
  68 |   const nonCancelled = history.filter((r) => r.status !== "CANCELLED");
  69 |   const counts = getWeeklyCounts(

Ecmascript file had an error

Generated code of loaders [@locator/webpack-loader] transform of file content of app/dashboard/_components/DashboardHome/components/SessionLoadCard/SessionLoadCard.tsx:
./app/dashboard/_components/DashboardHome/components/SessionLoadCard/SessionLoadCard.tsx:66:10
  64 | }
  65 |
> 66 | function PlayerUtilization() {
     |          ^^^^^^^^^^^^^^^^^
  67 |   const { data: history = [] } = useMyReservations(true);
  68 |   const nonCancelled = history.filter((r) => r.status !== "CANCELLED");
  69 |   const counts = getWeeklyCounts(

Import traces:
  Client Component Browser:
    ./app/dashboard/_components/DashboardHome/components/SessionLoadCard/SessionLoadCard.tsx [Client Component Browser]
    ./app/dashboard/_components/DashboardHome/DashboardHome.tsx [Client Component Browser]
    ./app/dashboard/page.tsx [Client Component Browser]
    ./app/dashboard/page.tsx [Server Component]

  Client Component SSR:
    ./app/dashboard/_components/DashboardHome/components/SessionLoadCard/SessionLoadCard.tsx [Client Component SSR]
    ./app/dashboard/_components/DashboardHome/DashboardHome.tsx [Client Component SSR]
    ./app/dashboard/page.tsx [Client Component SSR]
    ./app/dashboard/page.tsx [Server Component] @ http://localhost:3000/_next/static/chunks/node_modules_next_dist_1gdrd03._.js:1945
[ 1588798ms] [ERROR] ./app/dashboard/_components/DashboardHome/components/SessionLoadCard/SessionLoadCard.tsx:45:10
the name `OwnerUtilization` is defined multiple times
  43 | }
  44 |
> 45 | function OwnerUtilization() {
     |          ^^^^^^^^^^^^^^^^
  46 |   const today = new Date();
  47 |   const from = subDays(today, OWNER_UTILIZATION_RANGE_DAYS - 1);
  48 |   const { data: days = [] } = useOwnerReservationSummary(from, today);

Ecmascript file had an error

Generated code of loaders [@locator/webpack-loader] transform of file content of app/dashboard/_components/DashboardHome/components/SessionLoadCard/SessionLoadCard.tsx:
./app/dashboard/_components/DashboardHome/components/SessionLoadCard/SessionLoadCard.tsx:45:10
  43 | }
  44 |
> 45 | function OwnerUtilization() {
     |          ^^^^^^^^^^^^^^^^
  46 |   const today = new Date();
  47 |   const from = subDays(today, OWNER_UTILIZATION_RANGE_DAYS - 1);
  48 |   const { data: days = [] } = useOwnerReservationSummary(from, today);

Import traces:
  Client Component Browser:
    ./app/dashboard/_components/DashboardHome/components/SessionLoadCard/SessionLoadCard.tsx [Client Component Browser]
    ./app/dashboard/_components/DashboardHome/DashboardHome.tsx [Client Component Browser]
    ./app/dashboard/page.tsx [Client Component Browser]
    ./app/dashboard/page.tsx [Server Component]

  Client Component SSR:
    ./app/dashboard/_components/DashboardHome/components/SessionLoadCard/SessionLoadCard.tsx [Client Component SSR]
    ./app/dashboard/_components/DashboardHome/DashboardHome.tsx [Client Component SSR]
    ./app/dashboard/page.tsx [Client Component SSR]
    ./app/dashboard/page.tsx [Server Component] @ http://localhost:3000/_next/static/chunks/node_modules_next_dist_1gdrd03._.js:1945
[ 1588798ms] [ERROR] ./app/dashboard/_components/DashboardHome/components/SessionLoadCard/SessionLoadCard.tsx:66:10
the name `PlayerUtilization` is defined multiple times
  64 | }
  65 |
> 66 | function PlayerUtilization() {
     |          ^^^^^^^^^^^^^^^^^
  67 |   const { data: history = [] } = useMyReservations(true);
  68 |   const nonCancelled = history.filter((r) => r.status !== "CANCELLED");
  69 |   const counts = getWeeklyCounts(

Ecmascript file had an error

Generated code of loaders [@locator/webpack-loader] transform of file content of app/dashboard/_components/DashboardHome/components/SessionLoadCard/SessionLoadCard.tsx:
./app/dashboard/_components/DashboardHome/components/SessionLoadCard/SessionLoadCard.tsx:66:10
  64 | }
  65 |
> 66 | function PlayerUtilization() {
     |          ^^^^^^^^^^^^^^^^^
  67 |   const { data: history = [] } = useMyReservations(true);
  68 |   const nonCancelled = history.filter((r) => r.status !== "CANCELLED");
  69 |   const counts = getWeeklyCounts(

Import traces:
  Client Component Browser:
    ./app/dashboard/_components/DashboardHome/components/SessionLoadCard/SessionLoadCard.tsx [Client Component Browser]
    ./app/dashboard/_components/DashboardHome/DashboardHome.tsx [Client Component Browser]
    ./app/dashboard/page.tsx [Client Component Browser]
    ./app/dashboard/page.tsx [Server Component]

  Client Component SSR:
    ./app/dashboard/_components/DashboardHome/components/SessionLoadCard/SessionLoadCard.tsx [Client Component SSR]
    ./app/dashboard/_components/DashboardHome/DashboardHome.tsx [Client Component SSR]
    ./app/dashboard/page.tsx [Client Component SSR]
    ./app/dashboard/page.tsx [Server Component] @ http://localhost:3000/_next/static/chunks/node_modules_next_dist_1gdrd03._.js:1945
[ 1588876ms] [ERROR] ./app/dashboard/_components/DashboardHome/components/SessionLoadCard/SessionLoadCard.tsx:45:10
the name `OwnerUtilization` is defined multiple times
  43 | }
  44 |
> 45 | function OwnerUtilization() {
     |          ^^^^^^^^^^^^^^^^
  46 |   const today = new Date();
  47 |   const from = subDays(today, OWNER_UTILIZATION_RANGE_DAYS - 1);
  48 |   const { data: days = [] } = useOwnerReservationSummary(from, today);

Ecmascript file had an error

Generated code of loaders [@locator/webpack-loader] transform of file content of app/dashboard/_components/DashboardHome/components/SessionLoadCard/SessionLoadCard.tsx:
./app/dashboard/_components/DashboardHome/components/SessionLoadCard/SessionLoadCard.tsx:45:10
  43 | }
  44 |
> 45 | function OwnerUtilization() {
     |          ^^^^^^^^^^^^^^^^
  46 |   const today = new Date();
  47 |   const from = subDays(today, OWNER_UTILIZATION_RANGE_DAYS - 1);
  48 |   const { data: days = [] } = useOwnerReservationSummary(from, today);

Import traces:
  Client Component Browser:
    ./app/dashboard/_components/DashboardHome/components/SessionLoadCard/SessionLoadCard.tsx [Client Component Browser]
    ./app/dashboard/_components/DashboardHome/DashboardHome.tsx [Client Component Browser]
    ./app/dashboard/page.tsx [Client Component Browser]
    ./app/dashboard/page.tsx [Server Component]

  Client Component SSR:
    ./app/dashboard/_components/DashboardHome/components/SessionLoadCard/SessionLoadCard.tsx [Client Component SSR]
    ./app/dashboard/_components/DashboardHome/DashboardHome.tsx [Client Component SSR]
    ./app/dashboard/page.tsx [Client Component SSR]
    ./app/dashboard/page.tsx [Server Component] @ http://localhost:3000/_next/static/chunks/node_modules_next_dist_1gdrd03._.js:1945
[ 1588876ms] [ERROR] ./app/dashboard/_components/DashboardHome/components/SessionLoadCard/SessionLoadCard.tsx:66:10
the name `PlayerUtilization` is defined multiple times
  64 | }
  65 |
> 66 | function PlayerUtilization() {
     |          ^^^^^^^^^^^^^^^^^
  67 |   const { data: history = [] } = useMyReservations(true);
  68 |   const nonCancelled = history.filter((r) => r.status !== "CANCELLED");
  69 |   const counts = getWeeklyCounts(

Ecmascript file had an error

Generated code of loaders [@locator/webpack-loader] transform of file content of app/dashboard/_components/DashboardHome/components/SessionLoadCard/SessionLoadCard.tsx:
./app/dashboard/_components/DashboardHome/components/SessionLoadCard/SessionLoadCard.tsx:66:10
  64 | }
  65 |
> 66 | function PlayerUtilization() {
     |          ^^^^^^^^^^^^^^^^^
  67 |   const { data: history = [] } = useMyReservations(true);
  68 |   const nonCancelled = history.filter((r) => r.status !== "CANCELLED");
  69 |   const counts = getWeeklyCounts(

Import traces:
  Client Component Browser:
    ./app/dashboard/_components/DashboardHome/components/SessionLoadCard/SessionLoadCard.tsx [Client Component Browser]
    ./app/dashboard/_components/DashboardHome/DashboardHome.tsx [Client Component Browser]
    ./app/dashboard/page.tsx [Client Component Browser]
    ./app/dashboard/page.tsx [Server Component]

  Client Component SSR:
    ./app/dashboard/_components/DashboardHome/components/SessionLoadCard/SessionLoadCard.tsx [Client Component SSR]
    ./app/dashboard/_components/DashboardHome/DashboardHome.tsx [Client Component SSR]
    ./app/dashboard/page.tsx [Client Component SSR]
    ./app/dashboard/page.tsx [Server Component] @ http://localhost:3000/_next/static/chunks/node_modules_next_dist_1gdrd03._.js:1945
[ 1588939ms] [ERROR] ./app/dashboard/_components/DashboardHome/components/SessionLoadCard/SessionLoadCard.tsx:45:10
the name `OwnerUtilization` is defined multiple times
  43 | }
  44 |
> 45 | function OwnerUtilization() {
     |          ^^^^^^^^^^^^^^^^
  46 |   const today = new Date();
  47 |   const from = subDays(today, OWNER_UTILIZATION_RANGE_DAYS - 1);
  48 |   const { data: days = [] } = useOwnerReservationSummary(from, today);

Ecmascript file had an error

Generated code of loaders [@locator/webpack-loader] transform of file content of app/dashboard/_components/DashboardHome/components/SessionLoadCard/SessionLoadCard.tsx:
./app/dashboard/_components/DashboardHome/components/SessionLoadCard/SessionLoadCard.tsx:45:10
  43 | }
  44 |
> 45 | function OwnerUtilization() {
     |          ^^^^^^^^^^^^^^^^
  46 |   const today = new Date();
  47 |   const from = subDays(today, OWNER_UTILIZATION_RANGE_DAYS - 1);
  48 |   const { data: days = [] } = useOwnerReservationSummary(from, today);

Import traces:
  Client Component Browser:
    ./app/dashboard/_components/DashboardHome/components/SessionLoadCard/SessionLoadCard.tsx [Client Component Browser]
    ./app/dashboard/_components/DashboardHome/DashboardHome.tsx [Client Component Browser]
    ./app/dashboard/page.tsx [Client Component Browser]
    ./app/dashboard/page.tsx [Server Component]

  Client Component SSR:
    ./app/dashboard/_components/DashboardHome/components/SessionLoadCard/SessionLoadCard.tsx [Client Component SSR]
    ./app/dashboard/_components/DashboardHome/DashboardHome.tsx [Client Component SSR]
    ./app/dashboard/page.tsx [Client Component SSR]
    ./app/dashboard/page.tsx [Server Component] @ http://localhost:3000/_next/static/chunks/node_modules_next_dist_1gdrd03._.js:1945
[ 1588939ms] [ERROR] ./app/dashboard/_components/DashboardHome/components/SessionLoadCard/SessionLoadCard.tsx:66:10
the name `PlayerUtilization` is defined multiple times
  64 | }
  65 |
> 66 | function PlayerUtilization() {
     |          ^^^^^^^^^^^^^^^^^
  67 |   const { data: history = [] } = useMyReservations(true);
  68 |   const nonCancelled = history.filter((r) => r.status !== "CANCELLED");
  69 |   const counts = getWeeklyCounts(

Ecmascript file had an error

Generated code of loaders [@locator/webpack-loader] transform of file content of app/dashboard/_components/DashboardHome/components/SessionLoadCard/SessionLoadCard.tsx:
./app/dashboard/_components/DashboardHome/components/SessionLoadCard/SessionLoadCard.tsx:66:10
  64 | }
  65 |
> 66 | function PlayerUtilization() {
     |          ^^^^^^^^^^^^^^^^^
  67 |   const { data: history = [] } = useMyReservations(true);
  68 |   const nonCancelled = history.filter((r) => r.status !== "CANCELLED");
  69 |   const counts = getWeeklyCounts(

Import traces:
  Client Component Browser:
    ./app/dashboard/_components/DashboardHome/components/SessionLoadCard/SessionLoadCard.tsx [Client Component Browser]
    ./app/dashboard/_components/DashboardHome/DashboardHome.tsx [Client Component Browser]
    ./app/dashboard/page.tsx [Client Component Browser]
    ./app/dashboard/page.tsx [Server Component]

  Client Component SSR:
    ./app/dashboard/_components/DashboardHome/components/SessionLoadCard/SessionLoadCard.tsx [Client Component SSR]
    ./app/dashboard/_components/DashboardHome/DashboardHome.tsx [Client Component SSR]
    ./app/dashboard/page.tsx [Client Component SSR]
    ./app/dashboard/page.tsx [Server Component] @ http://localhost:3000/_next/static/chunks/node_modules_next_dist_1gdrd03._.js:1945
[ 1589001ms] [ERROR] ./app/dashboard/_components/DashboardHome/components/SessionLoadCard/SessionLoadCard.tsx:45:10
the name `OwnerUtilization` is defined multiple times
  43 | }
  44 |
> 45 | function OwnerUtilization() {
     |          ^^^^^^^^^^^^^^^^
  46 |   const today = new Date();
  47 |   const from = subDays(today, OWNER_UTILIZATION_RANGE_DAYS - 1);
  48 |   const { data: days = [] } = useOwnerReservationSummary(from, today);

Ecmascript file had an error

Generated code of loaders [@locator/webpack-loader] transform of file content of app/dashboard/_components/DashboardHome/components/SessionLoadCard/SessionLoadCard.tsx:
./app/dashboard/_components/DashboardHome/components/SessionLoadCard/SessionLoadCard.tsx:45:10
  43 | }
  44 |
> 45 | function OwnerUtilization() {
     |          ^^^^^^^^^^^^^^^^
  46 |   const today = new Date();
  47 |   const from = subDays(today, OWNER_UTILIZATION_RANGE_DAYS - 1);
  48 |   const { data: days = [] } = useOwnerReservationSummary(from, today);

Import traces:
  Client Component Browser:
    ./app/dashboard/_components/DashboardHome/components/SessionLoadCard/SessionLoadCard.tsx [Client Component Browser]
    ./app/dashboard/_components/DashboardHome/DashboardHome.tsx [Client Component Browser]
    ./app/dashboard/page.tsx [Client Component Browser]
    ./app/dashboard/page.tsx [Server Component]

  Client Component SSR:
    ./app/dashboard/_components/DashboardHome/components/SessionLoadCard/SessionLoadCard.tsx [Client Component SSR]
    ./app/dashboard/_components/DashboardHome/DashboardHome.tsx [Client Component SSR]
    ./app/dashboard/page.tsx [Client Component SSR]
    ./app/dashboard/page.tsx [Server Component] @ http://localhost:3000/_next/static/chunks/node_modules_next_dist_1gdrd03._.js:1945
[ 1589001ms] [ERROR] ./app/dashboard/_components/DashboardHome/components/SessionLoadCard/SessionLoadCard.tsx:66:10
the name `PlayerUtilization` is defined multiple times
  64 | }
  65 |
> 66 | function PlayerUtilization() {
     |          ^^^^^^^^^^^^^^^^^
  67 |   const { data: history = [] } = useMyReservations(true);
  68 |   const nonCancelled = history.filter((r) => r.status !== "CANCELLED");
  69 |   const counts = getWeeklyCounts(

Ecmascript file had an error

Generated code of loaders [@locator/webpack-loader] transform of file content of app/dashboard/_components/DashboardHome/components/SessionLoadCard/SessionLoadCard.tsx:
./app/dashboard/_components/DashboardHome/components/SessionLoadCard/SessionLoadCard.tsx:66:10
  64 | }
  65 |
> 66 | function PlayerUtilization() {
     |          ^^^^^^^^^^^^^^^^^
  67 |   const { data: history = [] } = useMyReservations(true);
  68 |   const nonCancelled = history.filter((r) => r.status !== "CANCELLED");
  69 |   const counts = getWeeklyCounts(

Import traces:
  Client Component Browser:
    ./app/dashboard/_components/DashboardHome/components/SessionLoadCard/SessionLoadCard.tsx [Client Component Browser]
    ./app/dashboard/_components/DashboardHome/DashboardHome.tsx [Client Component Browser]
    ./app/dashboard/page.tsx [Client Component Browser]
    ./app/dashboard/page.tsx [Server Component]

  Client Component SSR:
    ./app/dashboard/_components/DashboardHome/components/SessionLoadCard/SessionLoadCard.tsx [Client Component SSR]
    ./app/dashboard/_components/DashboardHome/DashboardHome.tsx [Client Component SSR]
    ./app/dashboard/page.tsx [Client Component SSR]
    ./app/dashboard/page.tsx [Server Component] @ http://localhost:3000/_next/static/chunks/node_modules_next_dist_1gdrd03._.js:1945
[ 1589063ms] [ERROR] ./app/dashboard/_components/DashboardHome/components/SessionLoadCard/SessionLoadCard.tsx:45:10
the name `OwnerUtilization` is defined multiple times
  43 | }
  44 |
> 45 | function OwnerUtilization() {
     |          ^^^^^^^^^^^^^^^^
  46 |   const today = new Date();
  47 |   const from = subDays(today, OWNER_UTILIZATION_RANGE_DAYS - 1);
  48 |   const { data: days = [] } = useOwnerReservationSummary(from, today);

Ecmascript file had an error

Generated code of loaders [@locator/webpack-loader] transform of file content of app/dashboard/_components/DashboardHome/components/SessionLoadCard/SessionLoadCard.tsx:
./app/dashboard/_components/DashboardHome/components/SessionLoadCard/SessionLoadCard.tsx:45:10
  43 | }
  44 |
> 45 | function OwnerUtilization() {
     |          ^^^^^^^^^^^^^^^^
  46 |   const today = new Date();
  47 |   const from = subDays(today, OWNER_UTILIZATION_RANGE_DAYS - 1);
  48 |   const { data: days = [] } = useOwnerReservationSummary(from, today);

Import traces:
  Client Component Browser:
    ./app/dashboard/_components/DashboardHome/components/SessionLoadCard/SessionLoadCard.tsx [Client Component Browser]
    ./app/dashboard/_components/DashboardHome/DashboardHome.tsx [Client Component Browser]
    ./app/dashboard/page.tsx [Client Component Browser]
    ./app/dashboard/page.tsx [Server Component]

  Client Component SSR:
    ./app/dashboard/_components/DashboardHome/components/SessionLoadCard/SessionLoadCard.tsx [Client Component SSR]
    ./app/dashboard/_components/DashboardHome/DashboardHome.tsx [Client Component SSR]
    ./app/dashboard/page.tsx [Client Component SSR]
    ./app/dashboard/page.tsx [Server Component] @ http://localhost:3000/_next/static/chunks/node_modules_next_dist_1gdrd03._.js:1945
[ 1589064ms] [ERROR] ./app/dashboard/_components/DashboardHome/components/SessionLoadCard/SessionLoadCard.tsx:66:10
the name `PlayerUtilization` is defined multiple times
  64 | }
  65 |
> 66 | function PlayerUtilization() {
     |          ^^^^^^^^^^^^^^^^^
  67 |   const { data: history = [] } = useMyReservations(true);
  68 |   const nonCancelled = history.filter((r) => r.status !== "CANCELLED");
  69 |   const counts = getWeeklyCounts(

Ecmascript file had an error

Generated code of loaders [@locator/webpack-loader] transform of file content of app/dashboard/_components/DashboardHome/components/SessionLoadCard/SessionLoadCard.tsx:
./app/dashboard/_components/DashboardHome/components/SessionLoadCard/SessionLoadCard.tsx:66:10
  64 | }
  65 |
> 66 | function PlayerUtilization() {
     |          ^^^^^^^^^^^^^^^^^
  67 |   const { data: history = [] } = useMyReservations(true);
  68 |   const nonCancelled = history.filter((r) => r.status !== "CANCELLED");
  69 |   const counts = getWeeklyCounts(

Import traces:
  Client Component Browser:
    ./app/dashboard/_components/DashboardHome/components/SessionLoadCard/SessionLoadCard.tsx [Client Component Browser]
    ./app/dashboard/_components/DashboardHome/DashboardHome.tsx [Client Component Browser]
    ./app/dashboard/page.tsx [Client Component Browser]
    ./app/dashboard/page.tsx [Server Component]

  Client Component SSR:
    ./app/dashboard/_components/DashboardHome/components/SessionLoadCard/SessionLoadCard.tsx [Client Component SSR]
    ./app/dashboard/_components/DashboardHome/DashboardHome.tsx [Client Component SSR]
    ./app/dashboard/page.tsx [Client Component SSR]
    ./app/dashboard/page.tsx [Server Component] @ http://localhost:3000/_next/static/chunks/node_modules_next_dist_1gdrd03._.js:1945
[ 1589140ms] [ERROR] ./app/dashboard/_components/DashboardHome/components/SessionLoadCard/SessionLoadCard.tsx:45:10
the name `OwnerUtilization` is defined multiple times
  43 | }
  44 |
> 45 | function OwnerUtilization() {
     |          ^^^^^^^^^^^^^^^^
  46 |   const today = new Date();
  47 |   const from = subDays(today, OWNER_UTILIZATION_RANGE_DAYS - 1);
  48 |   const { data: days = [] } = useOwnerReservationSummary(from, today);

Ecmascript file had an error

Generated code of loaders [@locator/webpack-loader] transform of file content of app/dashboard/_components/DashboardHome/components/SessionLoadCard/SessionLoadCard.tsx:
./app/dashboard/_components/DashboardHome/components/SessionLoadCard/SessionLoadCard.tsx:45:10
  43 | }
  44 |
> 45 | function OwnerUtilization() {
     |          ^^^^^^^^^^^^^^^^
  46 |   const today = new Date();
  47 |   const from = subDays(today, OWNER_UTILIZATION_RANGE_DAYS - 1);
  48 |   const { data: days = [] } = useOwnerReservationSummary(from, today);

Import traces:
  Client Component Browser:
    ./app/dashboard/_components/DashboardHome/components/SessionLoadCard/SessionLoadCard.tsx [Client Component Browser]
    ./app/dashboard/_components/DashboardHome/DashboardHome.tsx [Client Component Browser]
    ./app/dashboard/page.tsx [Client Component Browser]
    ./app/dashboard/page.tsx [Server Component]

  Client Component SSR:
    ./app/dashboard/_components/DashboardHome/components/SessionLoadCard/SessionLoadCard.tsx [Client Component SSR]
    ./app/dashboard/_components/DashboardHome/DashboardHome.tsx [Client Component SSR]
    ./app/dashboard/page.tsx [Client Component SSR]
    ./app/dashboard/page.tsx [Server Component] @ http://localhost:3000/_next/static/chunks/node_modules_next_dist_1gdrd03._.js:1945
[ 1589141ms] [ERROR] ./app/dashboard/_components/DashboardHome/components/SessionLoadCard/SessionLoadCard.tsx:66:10
the name `PlayerUtilization` is defined multiple times
  64 | }
  65 |
> 66 | function PlayerUtilization() {
     |          ^^^^^^^^^^^^^^^^^
  67 |   const { data: history = [] } = useMyReservations(true);
  68 |   const nonCancelled = history.filter((r) => r.status !== "CANCELLED");
  69 |   const counts = getWeeklyCounts(

Ecmascript file had an error

Generated code of loaders [@locator/webpack-loader] transform of file content of app/dashboard/_components/DashboardHome/components/SessionLoadCard/SessionLoadCard.tsx:
./app/dashboard/_components/DashboardHome/components/SessionLoadCard/SessionLoadCard.tsx:66:10
  64 | }
  65 |
> 66 | function PlayerUtilization() {
     |          ^^^^^^^^^^^^^^^^^
  67 |   const { data: history = [] } = useMyReservations(true);
  68 |   const nonCancelled = history.filter((r) => r.status !== "CANCELLED");
  69 |   const counts = getWeeklyCounts(

Import traces:
  Client Component Browser:
    ./app/dashboard/_components/DashboardHome/components/SessionLoadCard/SessionLoadCard.tsx [Client Component Browser]
    ./app/dashboard/_components/DashboardHome/DashboardHome.tsx [Client Component Browser]
    ./app/dashboard/page.tsx [Client Component Browser]
    ./app/dashboard/page.tsx [Server Component]

  Client Component SSR:
    ./app/dashboard/_components/DashboardHome/components/SessionLoadCard/SessionLoadCard.tsx [Client Component SSR]
    ./app/dashboard/_components/DashboardHome/DashboardHome.tsx [Client Component SSR]
    ./app/dashboard/page.tsx [Client Component SSR]
    ./app/dashboard/page.tsx [Server Component] @ http://localhost:3000/_next/static/chunks/node_modules_next_dist_1gdrd03._.js:1945
[ 1589203ms] [ERROR] ./app/dashboard/_components/DashboardHome/components/SessionLoadCard/SessionLoadCard.tsx:45:10
the name `OwnerUtilization` is defined multiple times
  43 | }
  44 |
> 45 | function OwnerUtilization() {
     |          ^^^^^^^^^^^^^^^^
  46 |   const today = new Date();
  47 |   const from = subDays(today, OWNER_UTILIZATION_RANGE_DAYS - 1);
  48 |   const { data: days = [] } = useOwnerReservationSummary(from, today);

Ecmascript file had an error

Generated code of loaders [@locator/webpack-loader] transform of file content of app/dashboard/_components/DashboardHome/components/SessionLoadCard/SessionLoadCard.tsx:
./app/dashboard/_components/DashboardHome/components/SessionLoadCard/SessionLoadCard.tsx:45:10
  43 | }
  44 |
> 45 | function OwnerUtilization() {
     |          ^^^^^^^^^^^^^^^^
  46 |   const today = new Date();
  47 |   const from = subDays(today, OWNER_UTILIZATION_RANGE_DAYS - 1);
  48 |   const { data: days = [] } = useOwnerReservationSummary(from, today);

Import traces:
  Client Component Browser:
    ./app/dashboard/_components/DashboardHome/components/SessionLoadCard/SessionLoadCard.tsx [Client Component Browser]
    ./app/dashboard/_components/DashboardHome/DashboardHome.tsx [Client Component Browser]
    ./app/dashboard/page.tsx [Client Component Browser]
    ./app/dashboard/page.tsx [Server Component]

  Client Component SSR:
    ./app/dashboard/_components/DashboardHome/components/SessionLoadCard/SessionLoadCard.tsx [Client Component SSR]
    ./app/dashboard/_components/DashboardHome/DashboardHome.tsx [Client Component SSR]
    ./app/dashboard/page.tsx [Client Component SSR]
    ./app/dashboard/page.tsx [Server Component] @ http://localhost:3000/_next/static/chunks/node_modules_next_dist_1gdrd03._.js:1945
[ 1589204ms] [ERROR] ./app/dashboard/_components/DashboardHome/components/SessionLoadCard/SessionLoadCard.tsx:66:10
the name `PlayerUtilization` is defined multiple times
  64 | }
  65 |
> 66 | function PlayerUtilization() {
     |          ^^^^^^^^^^^^^^^^^
  67 |   const { data: history = [] } = useMyReservations(true);
  68 |   const nonCancelled = history.filter((r) => r.status !== "CANCELLED");
  69 |   const counts = getWeeklyCounts(

Ecmascript file had an error

Generated code of loaders [@locator/webpack-loader] transform of file content of app/dashboard/_components/DashboardHome/components/SessionLoadCard/SessionLoadCard.tsx:
./app/dashboard/_components/DashboardHome/components/SessionLoadCard/SessionLoadCard.tsx:66:10
  64 | }
  65 |
> 66 | function PlayerUtilization() {
     |          ^^^^^^^^^^^^^^^^^
  67 |   const { data: history = [] } = useMyReservations(true);
  68 |   const nonCancelled = history.filter((r) => r.status !== "CANCELLED");
  69 |   const counts = getWeeklyCounts(

Import traces:
  Client Component Browser:
    ./app/dashboard/_components/DashboardHome/components/SessionLoadCard/SessionLoadCard.tsx [Client Component Browser]
    ./app/dashboard/_components/DashboardHome/DashboardHome.tsx [Client Component Browser]
    ./app/dashboard/page.tsx [Client Component Browser]
    ./app/dashboard/page.tsx [Server Component]

  Client Component SSR:
    ./app/dashboard/_components/DashboardHome/components/SessionLoadCard/SessionLoadCard.tsx [Client Component SSR]
    ./app/dashboard/_components/DashboardHome/DashboardHome.tsx [Client Component SSR]
    ./app/dashboard/page.tsx [Client Component SSR]
    ./app/dashboard/page.tsx [Server Component] @ http://localhost:3000/_next/static/chunks/node_modules_next_dist_1gdrd03._.js:1945
[ 1589265ms] [ERROR] ./app/dashboard/_components/DashboardHome/components/SessionLoadCard/SessionLoadCard.tsx:45:10
the name `OwnerUtilization` is defined multiple times
  43 | }
  44 |
> 45 | function OwnerUtilization() {
     |          ^^^^^^^^^^^^^^^^
  46 |   const today = new Date();
  47 |   const from = subDays(today, OWNER_UTILIZATION_RANGE_DAYS - 1);
  48 |   const { data: days = [] } = useOwnerReservationSummary(from, today);

Ecmascript file had an error

Generated code of loaders [@locator/webpack-loader] transform of file content of app/dashboard/_components/DashboardHome/components/SessionLoadCard/SessionLoadCard.tsx:
./app/dashboard/_components/DashboardHome/components/SessionLoadCard/SessionLoadCard.tsx:45:10
  43 | }
  44 |
> 45 | function OwnerUtilization() {
     |          ^^^^^^^^^^^^^^^^
  46 |   const today = new Date();
  47 |   const from = subDays(today, OWNER_UTILIZATION_RANGE_DAYS - 1);
  48 |   const { data: days = [] } = useOwnerReservationSummary(from, today);

Import traces:
  Client Component Browser:
    ./app/dashboard/_components/DashboardHome/components/SessionLoadCard/SessionLoadCard.tsx [Client Component Browser]
    ./app/dashboard/_components/DashboardHome/DashboardHome.tsx [Client Component Browser]
    ./app/dashboard/page.tsx [Client Component Browser]
    ./app/dashboard/page.tsx [Server Component]

  Client Component SSR:
    ./app/dashboard/_components/DashboardHome/components/SessionLoadCard/SessionLoadCard.tsx [Client Component SSR]
    ./app/dashboard/_components/DashboardHome/DashboardHome.tsx [Client Component SSR]
    ./app/dashboard/page.tsx [Client Component SSR]
    ./app/dashboard/page.tsx [Server Component] @ http://localhost:3000/_next/static/chunks/node_modules_next_dist_1gdrd03._.js:1945
[ 1589265ms] [ERROR] ./app/dashboard/_components/DashboardHome/components/SessionLoadCard/SessionLoadCard.tsx:66:10
the name `PlayerUtilization` is defined multiple times
  64 | }
  65 |
> 66 | function PlayerUtilization() {
     |          ^^^^^^^^^^^^^^^^^
  67 |   const { data: history = [] } = useMyReservations(true);
  68 |   const nonCancelled = history.filter((r) => r.status !== "CANCELLED");
  69 |   const counts = getWeeklyCounts(

Ecmascript file had an error

Generated code of loaders [@locator/webpack-loader] transform of file content of app/dashboard/_components/DashboardHome/components/SessionLoadCard/SessionLoadCard.tsx:
./app/dashboard/_components/DashboardHome/components/SessionLoadCard/SessionLoadCard.tsx:66:10
  64 | }
  65 |
> 66 | function PlayerUtilization() {
     |          ^^^^^^^^^^^^^^^^^
  67 |   const { data: history = [] } = useMyReservations(true);
  68 |   const nonCancelled = history.filter((r) => r.status !== "CANCELLED");
  69 |   const counts = getWeeklyCounts(

Import traces:
  Client Component Browser:
    ./app/dashboard/_components/DashboardHome/components/SessionLoadCard/SessionLoadCard.tsx [Client Component Browser]
    ./app/dashboard/_components/DashboardHome/DashboardHome.tsx [Client Component Browser]
    ./app/dashboard/page.tsx [Client Component Browser]
    ./app/dashboard/page.tsx [Server Component]

  Client Component SSR:
    ./app/dashboard/_components/DashboardHome/components/SessionLoadCard/SessionLoadCard.tsx [Client Component SSR]
    ./app/dashboard/_components/DashboardHome/DashboardHome.tsx [Client Component SSR]
    ./app/dashboard/page.tsx [Client Component SSR]
    ./app/dashboard/page.tsx [Server Component] @ http://localhost:3000/_next/static/chunks/node_modules_next_dist_1gdrd03._.js:1945
[ 1589328ms] [ERROR] ./app/dashboard/_components/DashboardHome/components/SessionLoadCard/SessionLoadCard.tsx:45:10
the name `OwnerUtilization` is defined multiple times
  43 | }
  44 |
> 45 | function OwnerUtilization() {
     |          ^^^^^^^^^^^^^^^^
  46 |   const today = new Date();
  47 |   const from = subDays(today, OWNER_UTILIZATION_RANGE_DAYS - 1);
  48 |   const { data: days = [] } = useOwnerReservationSummary(from, today);

Ecmascript file had an error

Generated code of loaders [@locator/webpack-loader] transform of file content of app/dashboard/_components/DashboardHome/components/SessionLoadCard/SessionLoadCard.tsx:
./app/dashboard/_components/DashboardHome/components/SessionLoadCard/SessionLoadCard.tsx:45:10
  43 | }
  44 |
> 45 | function OwnerUtilization() {
     |          ^^^^^^^^^^^^^^^^
  46 |   const today = new Date();
  47 |   const from = subDays(today, OWNER_UTILIZATION_RANGE_DAYS - 1);
  48 |   const { data: days = [] } = useOwnerReservationSummary(from, today);

Import traces:
  Client Component Browser:
    ./app/dashboard/_components/DashboardHome/components/SessionLoadCard/SessionLoadCard.tsx [Client Component Browser]
    ./app/dashboard/_components/DashboardHome/DashboardHome.tsx [Client Component Browser]
    ./app/dashboard/page.tsx [Client Component Browser]
    ./app/dashboard/page.tsx [Server Component]

  Client Component SSR:
    ./app/dashboard/_components/DashboardHome/components/SessionLoadCard/SessionLoadCard.tsx [Client Component SSR]
    ./app/dashboard/_components/DashboardHome/DashboardHome.tsx [Client Component SSR]
    ./app/dashboard/page.tsx [Client Component SSR]
    ./app/dashboard/page.tsx [Server Component] @ http://localhost:3000/_next/static/chunks/node_modules_next_dist_1gdrd03._.js:1945
[ 1589328ms] [ERROR] ./app/dashboard/_components/DashboardHome/components/SessionLoadCard/SessionLoadCard.tsx:66:10
the name `PlayerUtilization` is defined multiple times
  64 | }
  65 |
> 66 | function PlayerUtilization() {
     |          ^^^^^^^^^^^^^^^^^
  67 |   const { data: history = [] } = useMyReservations(true);
  68 |   const nonCancelled = history.filter((r) => r.status !== "CANCELLED");
  69 |   const counts = getWeeklyCounts(

Ecmascript file had an error

Generated code of loaders [@locator/webpack-loader] transform of file content of app/dashboard/_components/DashboardHome/components/SessionLoadCard/SessionLoadCard.tsx:
./app/dashboard/_components/DashboardHome/components/SessionLoadCard/SessionLoadCard.tsx:66:10
  64 | }
  65 |
> 66 | function PlayerUtilization() {
     |          ^^^^^^^^^^^^^^^^^
  67 |   const { data: history = [] } = useMyReservations(true);
  68 |   const nonCancelled = history.filter((r) => r.status !== "CANCELLED");
  69 |   const counts = getWeeklyCounts(

Import traces:
  Client Component Browser:
    ./app/dashboard/_components/DashboardHome/components/SessionLoadCard/SessionLoadCard.tsx [Client Component Browser]
    ./app/dashboard/_components/DashboardHome/DashboardHome.tsx [Client Component Browser]
    ./app/dashboard/page.tsx [Client Component Browser]
    ./app/dashboard/page.tsx [Server Component]

  Client Component SSR:
    ./app/dashboard/_components/DashboardHome/components/SessionLoadCard/SessionLoadCard.tsx [Client Component SSR]
    ./app/dashboard/_components/DashboardHome/DashboardHome.tsx [Client Component SSR]
    ./app/dashboard/page.tsx [Client Component SSR]
    ./app/dashboard/page.tsx [Server Component] @ http://localhost:3000/_next/static/chunks/node_modules_next_dist_1gdrd03._.js:1945
[ 1589391ms] [ERROR] ./app/dashboard/_components/DashboardHome/components/SessionLoadCard/SessionLoadCard.tsx:45:10
the name `OwnerUtilization` is defined multiple times
  43 | }
  44 |
> 45 | function OwnerUtilization() {
     |          ^^^^^^^^^^^^^^^^
  46 |   const today = new Date();
  47 |   const from = subDays(today, OWNER_UTILIZATION_RANGE_DAYS - 1);
  48 |   const { data: days = [] } = useOwnerReservationSummary(from, today);

Ecmascript file had an error

Generated code of loaders [@locator/webpack-loader] transform of file content of app/dashboard/_components/DashboardHome/components/SessionLoadCard/SessionLoadCard.tsx:
./app/dashboard/_components/DashboardHome/components/SessionLoadCard/SessionLoadCard.tsx:45:10
  43 | }
  44 |
> 45 | function OwnerUtilization() {
     |          ^^^^^^^^^^^^^^^^
  46 |   const today = new Date();
  47 |   const from = subDays(today, OWNER_UTILIZATION_RANGE_DAYS - 1);
  48 |   const { data: days = [] } = useOwnerReservationSummary(from, today);

Import traces:
  Client Component Browser:
    ./app/dashboard/_components/DashboardHome/components/SessionLoadCard/SessionLoadCard.tsx [Client Component Browser]
    ./app/dashboard/_components/DashboardHome/DashboardHome.tsx [Client Component Browser]
    ./app/dashboard/page.tsx [Client Component Browser]
    ./app/dashboard/page.tsx [Server Component]

  Client Component SSR:
    ./app/dashboard/_components/DashboardHome/components/SessionLoadCard/SessionLoadCard.tsx [Client Component SSR]
    ./app/dashboard/_components/DashboardHome/DashboardHome.tsx [Client Component SSR]
    ./app/dashboard/page.tsx [Client Component SSR]
    ./app/dashboard/page.tsx [Server Component] @ http://localhost:3000/_next/static/chunks/node_modules_next_dist_1gdrd03._.js:1945
[ 1589391ms] [ERROR] ./app/dashboard/_components/DashboardHome/components/SessionLoadCard/SessionLoadCard.tsx:66:10
the name `PlayerUtilization` is defined multiple times
  64 | }
  65 |
> 66 | function PlayerUtilization() {
     |          ^^^^^^^^^^^^^^^^^
  67 |   const { data: history = [] } = useMyReservations(true);
  68 |   const nonCancelled = history.filter((r) => r.status !== "CANCELLED");
  69 |   const counts = getWeeklyCounts(

Ecmascript file had an error

Generated code of loaders [@locator/webpack-loader] transform of file content of app/dashboard/_components/DashboardHome/components/SessionLoadCard/SessionLoadCard.tsx:
./app/dashboard/_components/DashboardHome/components/SessionLoadCard/SessionLoadCard.tsx:66:10
  64 | }
  65 |
> 66 | function PlayerUtilization() {
     |          ^^^^^^^^^^^^^^^^^
  67 |   const { data: history = [] } = useMyReservations(true);
  68 |   const nonCancelled = history.filter((r) => r.status !== "CANCELLED");
  69 |   const counts = getWeeklyCounts(

Import traces:
  Client Component Browser:
    ./app/dashboard/_components/DashboardHome/components/SessionLoadCard/SessionLoadCard.tsx [Client Component Browser]
    ./app/dashboard/_components/DashboardHome/DashboardHome.tsx [Client Component Browser]
    ./app/dashboard/page.tsx [Client Component Browser]
    ./app/dashboard/page.tsx [Server Component]

  Client Component SSR:
    ./app/dashboard/_components/DashboardHome/components/SessionLoadCard/SessionLoadCard.tsx [Client Component SSR]
    ./app/dashboard/_components/DashboardHome/DashboardHome.tsx [Client Component SSR]
    ./app/dashboard/page.tsx [Client Component SSR]
    ./app/dashboard/page.tsx [Server Component] @ http://localhost:3000/_next/static/chunks/node_modules_next_dist_1gdrd03._.js:1945
[ 1589454ms] [ERROR] ./app/dashboard/_components/DashboardHome/components/SessionLoadCard/SessionLoadCard.tsx:45:10
the name `OwnerUtilization` is defined multiple times
  43 | }
  44 |
> 45 | function OwnerUtilization() {
     |          ^^^^^^^^^^^^^^^^
  46 |   const today = new Date();
  47 |   const from = subDays(today, OWNER_UTILIZATION_RANGE_DAYS - 1);
  48 |   const { data: days = [] } = useOwnerReservationSummary(from, today);

Ecmascript file had an error

Generated code of loaders [@locator/webpack-loader] transform of file content of app/dashboard/_components/DashboardHome/components/SessionLoadCard/SessionLoadCard.tsx:
./app/dashboard/_components/DashboardHome/components/SessionLoadCard/SessionLoadCard.tsx:45:10
  43 | }
  44 |
> 45 | function OwnerUtilization() {
     |          ^^^^^^^^^^^^^^^^
  46 |   const today = new Date();
  47 |   const from = subDays(today, OWNER_UTILIZATION_RANGE_DAYS - 1);
  48 |   const { data: days = [] } = useOwnerReservationSummary(from, today);

Import traces:
  Client Component Browser:
    ./app/dashboard/_components/DashboardHome/components/SessionLoadCard/SessionLoadCard.tsx [Client Component Browser]
    ./app/dashboard/_components/DashboardHome/DashboardHome.tsx [Client Component Browser]
    ./app/dashboard/page.tsx [Client Component Browser]
    ./app/dashboard/page.tsx [Server Component]

  Client Component SSR:
    ./app/dashboard/_components/DashboardHome/components/SessionLoadCard/SessionLoadCard.tsx [Client Component SSR]
    ./app/dashboard/_components/DashboardHome/DashboardHome.tsx [Client Component SSR]
    ./app/dashboard/page.tsx [Client Component SSR]
    ./app/dashboard/page.tsx [Server Component] @ http://localhost:3000/_next/static/chunks/node_modules_next_dist_1gdrd03._.js:1945
[ 1589454ms] [ERROR] ./app/dashboard/_components/DashboardHome/components/SessionLoadCard/SessionLoadCard.tsx:66:10
the name `PlayerUtilization` is defined multiple times
  64 | }
  65 |
> 66 | function PlayerUtilization() {
     |          ^^^^^^^^^^^^^^^^^
  67 |   const { data: history = [] } = useMyReservations(true);
  68 |   const nonCancelled = history.filter((r) => r.status !== "CANCELLED");
  69 |   const counts = getWeeklyCounts(

Ecmascript file had an error

Generated code of loaders [@locator/webpack-loader] transform of file content of app/dashboard/_components/DashboardHome/components/SessionLoadCard/SessionLoadCard.tsx:
./app/dashboard/_components/DashboardHome/components/SessionLoadCard/SessionLoadCard.tsx:66:10
  64 | }
  65 |
> 66 | function PlayerUtilization() {
     |          ^^^^^^^^^^^^^^^^^
  67 |   const { data: history = [] } = useMyReservations(true);
  68 |   const nonCancelled = history.filter((r) => r.status !== "CANCELLED");
  69 |   const counts = getWeeklyCounts(

Import traces:
  Client Component Browser:
    ./app/dashboard/_components/DashboardHome/components/SessionLoadCard/SessionLoadCard.tsx [Client Component Browser]
    ./app/dashboard/_components/DashboardHome/DashboardHome.tsx [Client Component Browser]
    ./app/dashboard/page.tsx [Client Component Browser]
    ./app/dashboard/page.tsx [Server Component]

  Client Component SSR:
    ./app/dashboard/_components/DashboardHome/components/SessionLoadCard/SessionLoadCard.tsx [Client Component SSR]
    ./app/dashboard/_components/DashboardHome/DashboardHome.tsx [Client Component SSR]
    ./app/dashboard/page.tsx [Client Component SSR]
    ./app/dashboard/page.tsx [Server Component] @ http://localhost:3000/_next/static/chunks/node_modules_next_dist_1gdrd03._.js:1945
[ 1589531ms] [ERROR] ./app/dashboard/_components/DashboardHome/components/SessionLoadCard/SessionLoadCard.tsx:45:10
the name `OwnerUtilization` is defined multiple times
  43 | }
  44 |
> 45 | function OwnerUtilization() {
     |          ^^^^^^^^^^^^^^^^
  46 |   const today = new Date();
  47 |   const from = subDays(today, OWNER_UTILIZATION_RANGE_DAYS - 1);
  48 |   const { data: days = [] } = useOwnerReservationSummary(from, today);

Ecmascript file had an error

Generated code of loaders [@locator/webpack-loader] transform of file content of app/dashboard/_components/DashboardHome/components/SessionLoadCard/SessionLoadCard.tsx:
./app/dashboard/_components/DashboardHome/components/SessionLoadCard/SessionLoadCard.tsx:45:10
  43 | }
  44 |
> 45 | function OwnerUtilization() {
     |          ^^^^^^^^^^^^^^^^
  46 |   const today = new Date();
  47 |   const from = subDays(today, OWNER_UTILIZATION_RANGE_DAYS - 1);
  48 |   const { data: days = [] } = useOwnerReservationSummary(from, today);

Import traces:
  Client Component Browser:
    ./app/dashboard/_components/DashboardHome/components/SessionLoadCard/SessionLoadCard.tsx [Client Component Browser]
    ./app/dashboard/_components/DashboardHome/DashboardHome.tsx [Client Component Browser]
    ./app/dashboard/page.tsx [Client Component Browser]
    ./app/dashboard/page.tsx [Server Component]

  Client Component SSR:
    ./app/dashboard/_components/DashboardHome/components/SessionLoadCard/SessionLoadCard.tsx [Client Component SSR]
    ./app/dashboard/_components/DashboardHome/DashboardHome.tsx [Client Component SSR]
    ./app/dashboard/page.tsx [Client Component SSR]
    ./app/dashboard/page.tsx [Server Component] @ http://localhost:3000/_next/static/chunks/node_modules_next_dist_1gdrd03._.js:1945
[ 1589531ms] [ERROR] ./app/dashboard/_components/DashboardHome/components/SessionLoadCard/SessionLoadCard.tsx:66:10
the name `PlayerUtilization` is defined multiple times
  64 | }
  65 |
> 66 | function PlayerUtilization() {
     |          ^^^^^^^^^^^^^^^^^
  67 |   const { data: history = [] } = useMyReservations(true);
  68 |   const nonCancelled = history.filter((r) => r.status !== "CANCELLED");
  69 |   const counts = getWeeklyCounts(

Ecmascript file had an error

Generated code of loaders [@locator/webpack-loader] transform of file content of app/dashboard/_components/DashboardHome/components/SessionLoadCard/SessionLoadCard.tsx:
./app/dashboard/_components/DashboardHome/components/SessionLoadCard/SessionLoadCard.tsx:66:10
  64 | }
  65 |
> 66 | function PlayerUtilization() {
     |          ^^^^^^^^^^^^^^^^^
  67 |   const { data: history = [] } = useMyReservations(true);
  68 |   const nonCancelled = history.filter((r) => r.status !== "CANCELLED");
  69 |   const counts = getWeeklyCounts(

Import traces:
  Client Component Browser:
    ./app/dashboard/_components/DashboardHome/components/SessionLoadCard/SessionLoadCard.tsx [Client Component Browser]
    ./app/dashboard/_components/DashboardHome/DashboardHome.tsx [Client Component Browser]
    ./app/dashboard/page.tsx [Client Component Browser]
    ./app/dashboard/page.tsx [Server Component]

  Client Component SSR:
    ./app/dashboard/_components/DashboardHome/components/SessionLoadCard/SessionLoadCard.tsx [Client Component SSR]
    ./app/dashboard/_components/DashboardHome/DashboardHome.tsx [Client Component SSR]
    ./app/dashboard/page.tsx [Client Component SSR]
    ./app/dashboard/page.tsx [Server Component] @ http://localhost:3000/_next/static/chunks/node_modules_next_dist_1gdrd03._.js:1945
[ 1589607ms] [ERROR] ./app/dashboard/_components/DashboardHome/components/SessionLoadCard/SessionLoadCard.tsx:45:10
the name `OwnerUtilization` is defined multiple times
  43 | }
  44 |
> 45 | function OwnerUtilization() {
     |          ^^^^^^^^^^^^^^^^
  46 |   const today = new Date();
  47 |   const from = subDays(today, OWNER_UTILIZATION_RANGE_DAYS - 1);
  48 |   const { data: days = [] } = useOwnerReservationSummary(from, today);

Ecmascript file had an error

Generated code of loaders [@locator/webpack-loader] transform of file content of app/dashboard/_components/DashboardHome/components/SessionLoadCard/SessionLoadCard.tsx:
./app/dashboard/_components/DashboardHome/components/SessionLoadCard/SessionLoadCard.tsx:45:10
  43 | }
  44 |
> 45 | function OwnerUtilization() {
     |          ^^^^^^^^^^^^^^^^
  46 |   const today = new Date();
  47 |   const from = subDays(today, OWNER_UTILIZATION_RANGE_DAYS - 1);
  48 |   const { data: days = [] } = useOwnerReservationSummary(from, today);

Import traces:
  Client Component Browser:
    ./app/dashboard/_components/DashboardHome/components/SessionLoadCard/SessionLoadCard.tsx [Client Component Browser]
    ./app/dashboard/_components/DashboardHome/DashboardHome.tsx [Client Component Browser]
    ./app/dashboard/page.tsx [Client Component Browser]
    ./app/dashboard/page.tsx [Server Component]

  Client Component SSR:
    ./app/dashboard/_components/DashboardHome/components/SessionLoadCard/SessionLoadCard.tsx [Client Component SSR]
    ./app/dashboard/_components/DashboardHome/DashboardHome.tsx [Client Component SSR]
    ./app/dashboard/page.tsx [Client Component SSR]
    ./app/dashboard/page.tsx [Server Component] @ http://localhost:3000/_next/static/chunks/node_modules_next_dist_1gdrd03._.js:1945
[ 1589607ms] [ERROR] ./app/dashboard/_components/DashboardHome/components/SessionLoadCard/SessionLoadCard.tsx:66:10
the name `PlayerUtilization` is defined multiple times
  64 | }
  65 |
> 66 | function PlayerUtilization() {
     |          ^^^^^^^^^^^^^^^^^
  67 |   const { data: history = [] } = useMyReservations(true);
  68 |   const nonCancelled = history.filter((r) => r.status !== "CANCELLED");
  69 |   const counts = getWeeklyCounts(

Ecmascript file had an error

Generated code of loaders [@locator/webpack-loader] transform of file content of app/dashboard/_components/DashboardHome/components/SessionLoadCard/SessionLoadCard.tsx:
./app/dashboard/_components/DashboardHome/components/SessionLoadCard/SessionLoadCard.tsx:66:10
  64 | }
  65 |
> 66 | function PlayerUtilization() {
     |          ^^^^^^^^^^^^^^^^^
  67 |   const { data: history = [] } = useMyReservations(true);
  68 |   const nonCancelled = history.filter((r) => r.status !== "CANCELLED");
  69 |   const counts = getWeeklyCounts(

Import traces:
  Client Component Browser:
    ./app/dashboard/_components/DashboardHome/components/SessionLoadCard/SessionLoadCard.tsx [Client Component Browser]
    ./app/dashboard/_components/DashboardHome/DashboardHome.tsx [Client Component Browser]
    ./app/dashboard/page.tsx [Client Component Browser]
    ./app/dashboard/page.tsx [Server Component]

  Client Component SSR:
    ./app/dashboard/_components/DashboardHome/components/SessionLoadCard/SessionLoadCard.tsx [Client Component SSR]
    ./app/dashboard/_components/DashboardHome/DashboardHome.tsx [Client Component SSR]
    ./app/dashboard/page.tsx [Client Component SSR]
    ./app/dashboard/page.tsx [Server Component] @ http://localhost:3000/_next/static/chunks/node_modules_next_dist_1gdrd03._.js:1945
[ 1589670ms] [ERROR] ./app/dashboard/_components/DashboardHome/components/SessionLoadCard/SessionLoadCard.tsx:45:10
the name `OwnerUtilization` is defined multiple times
  43 | }
  44 |
> 45 | function OwnerUtilization() {
     |          ^^^^^^^^^^^^^^^^
  46 |   const today = new Date();
  47 |   const from = subDays(today, OWNER_UTILIZATION_RANGE_DAYS - 1);
  48 |   const { data: days = [] } = useOwnerReservationSummary(from, today);

Ecmascript file had an error

Generated code of loaders [@locator/webpack-loader] transform of file content of app/dashboard/_components/DashboardHome/components/SessionLoadCard/SessionLoadCard.tsx:
./app/dashboard/_components/DashboardHome/components/SessionLoadCard/SessionLoadCard.tsx:45:10
  43 | }
  44 |
> 45 | function OwnerUtilization() {
     |          ^^^^^^^^^^^^^^^^
  46 |   const today = new Date();
  47 |   const from = subDays(today, OWNER_UTILIZATION_RANGE_DAYS - 1);
  48 |   const { data: days = [] } = useOwnerReservationSummary(from, today);

Import traces:
  Client Component Browser:
    ./app/dashboard/_components/DashboardHome/components/SessionLoadCard/SessionLoadCard.tsx [Client Component Browser]
    ./app/dashboard/_components/DashboardHome/DashboardHome.tsx [Client Component Browser]
    ./app/dashboard/page.tsx [Client Component Browser]
    ./app/dashboard/page.tsx [Server Component]

  Client Component SSR:
    ./app/dashboard/_components/DashboardHome/components/SessionLoadCard/SessionLoadCard.tsx [Client Component SSR]
    ./app/dashboard/_components/DashboardHome/DashboardHome.tsx [Client Component SSR]
    ./app/dashboard/page.tsx [Client Component SSR]
    ./app/dashboard/page.tsx [Server Component] @ http://localhost:3000/_next/static/chunks/node_modules_next_dist_1gdrd03._.js:1945
[ 1589670ms] [ERROR] ./app/dashboard/_components/DashboardHome/components/SessionLoadCard/SessionLoadCard.tsx:66:10
the name `PlayerUtilization` is defined multiple times
  64 | }
  65 |
> 66 | function PlayerUtilization() {
     |          ^^^^^^^^^^^^^^^^^
  67 |   const { data: history = [] } = useMyReservations(true);
  68 |   const nonCancelled = history.filter((r) => r.status !== "CANCELLED");
  69 |   const counts = getWeeklyCounts(

Ecmascript file had an error

Generated code of loaders [@locator/webpack-loader] transform of file content of app/dashboard/_components/DashboardHome/components/SessionLoadCard/SessionLoadCard.tsx:
./app/dashboard/_components/DashboardHome/components/SessionLoadCard/SessionLoadCard.tsx:66:10
  64 | }
  65 |
> 66 | function PlayerUtilization() {
     |          ^^^^^^^^^^^^^^^^^
  67 |   const { data: history = [] } = useMyReservations(true);
  68 |   const nonCancelled = history.filter((r) => r.status !== "CANCELLED");
  69 |   const counts = getWeeklyCounts(

Import traces:
  Client Component Browser:
    ./app/dashboard/_components/DashboardHome/components/SessionLoadCard/SessionLoadCard.tsx [Client Component Browser]
    ./app/dashboard/_components/DashboardHome/DashboardHome.tsx [Client Component Browser]
    ./app/dashboard/page.tsx [Client Component Browser]
    ./app/dashboard/page.tsx [Server Component]

  Client Component SSR:
    ./app/dashboard/_components/DashboardHome/components/SessionLoadCard/SessionLoadCard.tsx [Client Component SSR]
    ./app/dashboard/_components/DashboardHome/DashboardHome.tsx [Client Component SSR]
    ./app/dashboard/page.tsx [Client Component SSR]
    ./app/dashboard/page.tsx [Server Component] @ http://localhost:3000/_next/static/chunks/node_modules_next_dist_1gdrd03._.js:1945
[ 1589732ms] [ERROR] ./app/dashboard/_components/DashboardHome/components/SessionLoadCard/SessionLoadCard.tsx:45:10
the name `OwnerUtilization` is defined multiple times
  43 | }
  44 |
> 45 | function OwnerUtilization() {
     |          ^^^^^^^^^^^^^^^^
  46 |   const today = new Date();
  47 |   const from = subDays(today, OWNER_UTILIZATION_RANGE_DAYS - 1);
  48 |   const { data: days = [] } = useOwnerReservationSummary(from, today);

Ecmascript file had an error

Generated code of loaders [@locator/webpack-loader] transform of file content of app/dashboard/_components/DashboardHome/components/SessionLoadCard/SessionLoadCard.tsx:
./app/dashboard/_components/DashboardHome/components/SessionLoadCard/SessionLoadCard.tsx:45:10
  43 | }
  44 |
> 45 | function OwnerUtilization() {
     |          ^^^^^^^^^^^^^^^^
  46 |   const today = new Date();
  47 |   const from = subDays(today, OWNER_UTILIZATION_RANGE_DAYS - 1);
  48 |   const { data: days = [] } = useOwnerReservationSummary(from, today);

Import traces:
  Client Component Browser:
    ./app/dashboard/_components/DashboardHome/components/SessionLoadCard/SessionLoadCard.tsx [Client Component Browser]
    ./app/dashboard/_components/DashboardHome/DashboardHome.tsx [Client Component Browser]
    ./app/dashboard/page.tsx [Client Component Browser]
    ./app/dashboard/page.tsx [Server Component]

  Client Component SSR:
    ./app/dashboard/_components/DashboardHome/components/SessionLoadCard/SessionLoadCard.tsx [Client Component SSR]
    ./app/dashboard/_components/DashboardHome/DashboardHome.tsx [Client Component SSR]
    ./app/dashboard/page.tsx [Client Component SSR]
    ./app/dashboard/page.tsx [Server Component] @ http://localhost:3000/_next/static/chunks/node_modules_next_dist_1gdrd03._.js:1945
[ 1589732ms] [ERROR] ./app/dashboard/_components/DashboardHome/components/SessionLoadCard/SessionLoadCard.tsx:66:10
the name `PlayerUtilization` is defined multiple times
  64 | }
  65 |
> 66 | function PlayerUtilization() {
     |          ^^^^^^^^^^^^^^^^^
  67 |   const { data: history = [] } = useMyReservations(true);
  68 |   const nonCancelled = history.filter((r) => r.status !== "CANCELLED");
  69 |   const counts = getWeeklyCounts(

Ecmascript file had an error

Generated code of loaders [@locator/webpack-loader] transform of file content of app/dashboard/_components/DashboardHome/components/SessionLoadCard/SessionLoadCard.tsx:
./app/dashboard/_components/DashboardHome/components/SessionLoadCard/SessionLoadCard.tsx:66:10
  64 | }
  65 |
> 66 | function PlayerUtilization() {
     |          ^^^^^^^^^^^^^^^^^
  67 |   const { data: history = [] } = useMyReservations(true);
  68 |   const nonCancelled = history.filter((r) => r.status !== "CANCELLED");
  69 |   const counts = getWeeklyCounts(

Import traces:
  Client Component Browser:
    ./app/dashboard/_components/DashboardHome/components/SessionLoadCard/SessionLoadCard.tsx [Client Component Browser]
    ./app/dashboard/_components/DashboardHome/DashboardHome.tsx [Client Component Browser]
    ./app/dashboard/page.tsx [Client Component Browser]
    ./app/dashboard/page.tsx [Server Component]

  Client Component SSR:
    ./app/dashboard/_components/DashboardHome/components/SessionLoadCard/SessionLoadCard.tsx [Client Component SSR]
    ./app/dashboard/_components/DashboardHome/DashboardHome.tsx [Client Component SSR]
    ./app/dashboard/page.tsx [Client Component SSR]
    ./app/dashboard/page.tsx [Server Component] @ http://localhost:3000/_next/static/chunks/node_modules_next_dist_1gdrd03._.js:1945
[ 1589795ms] [ERROR] ./app/dashboard/_components/DashboardHome/components/SessionLoadCard/SessionLoadCard.tsx:45:10
the name `OwnerUtilization` is defined multiple times
  43 | }
  44 |
> 45 | function OwnerUtilization() {
     |          ^^^^^^^^^^^^^^^^
  46 |   const today = new Date();
  47 |   const from = subDays(today, OWNER_UTILIZATION_RANGE_DAYS - 1);
  48 |   const { data: days = [] } = useOwnerReservationSummary(from, today);

Ecmascript file had an error

Generated code of loaders [@locator/webpack-loader] transform of file content of app/dashboard/_components/DashboardHome/components/SessionLoadCard/SessionLoadCard.tsx:
./app/dashboard/_components/DashboardHome/components/SessionLoadCard/SessionLoadCard.tsx:45:10
  43 | }
  44 |
> 45 | function OwnerUtilization() {
     |          ^^^^^^^^^^^^^^^^
  46 |   const today = new Date();
  47 |   const from = subDays(today, OWNER_UTILIZATION_RANGE_DAYS - 1);
  48 |   const { data: days = [] } = useOwnerReservationSummary(from, today);

Import traces:
  Client Component Browser:
    ./app/dashboard/_components/DashboardHome/components/SessionLoadCard/SessionLoadCard.tsx [Client Component Browser]
    ./app/dashboard/_components/DashboardHome/DashboardHome.tsx [Client Component Browser]
    ./app/dashboard/page.tsx [Client Component Browser]
    ./app/dashboard/page.tsx [Server Component]

  Client Component SSR:
    ./app/dashboard/_components/DashboardHome/components/SessionLoadCard/SessionLoadCard.tsx [Client Component SSR]
    ./app/dashboard/_components/DashboardHome/DashboardHome.tsx [Client Component SSR]
    ./app/dashboard/page.tsx [Client Component SSR]
    ./app/dashboard/page.tsx [Server Component] @ http://localhost:3000/_next/static/chunks/node_modules_next_dist_1gdrd03._.js:1945
[ 1589795ms] [ERROR] ./app/dashboard/_components/DashboardHome/components/SessionLoadCard/SessionLoadCard.tsx:66:10
the name `PlayerUtilization` is defined multiple times
  64 | }
  65 |
> 66 | function PlayerUtilization() {
     |          ^^^^^^^^^^^^^^^^^
  67 |   const { data: history = [] } = useMyReservations(true);
  68 |   const nonCancelled = history.filter((r) => r.status !== "CANCELLED");
  69 |   const counts = getWeeklyCounts(

Ecmascript file had an error

Generated code of loaders [@locator/webpack-loader] transform of file content of app/dashboard/_components/DashboardHome/components/SessionLoadCard/SessionLoadCard.tsx:
./app/dashboard/_components/DashboardHome/components/SessionLoadCard/SessionLoadCard.tsx:66:10
  64 | }
  65 |
> 66 | function PlayerUtilization() {
     |          ^^^^^^^^^^^^^^^^^
  67 |   const { data: history = [] } = useMyReservations(true);
  68 |   const nonCancelled = history.filter((r) => r.status !== "CANCELLED");
  69 |   const counts = getWeeklyCounts(

Import traces:
  Client Component Browser:
    ./app/dashboard/_components/DashboardHome/components/SessionLoadCard/SessionLoadCard.tsx [Client Component Browser]
    ./app/dashboard/_components/DashboardHome/DashboardHome.tsx [Client Component Browser]
    ./app/dashboard/page.tsx [Client Component Browser]
    ./app/dashboard/page.tsx [Server Component]

  Client Component SSR:
    ./app/dashboard/_components/DashboardHome/components/SessionLoadCard/SessionLoadCard.tsx [Client Component SSR]
    ./app/dashboard/_components/DashboardHome/DashboardHome.tsx [Client Component SSR]
    ./app/dashboard/page.tsx [Client Component SSR]
    ./app/dashboard/page.tsx [Server Component] @ http://localhost:3000/_next/static/chunks/node_modules_next_dist_1gdrd03._.js:1945
[ 1589872ms] [ERROR] ./app/dashboard/_components/DashboardHome/components/SessionLoadCard/SessionLoadCard.tsx:45:10
the name `OwnerUtilization` is defined multiple times
  43 | }
  44 |
> 45 | function OwnerUtilization() {
     |          ^^^^^^^^^^^^^^^^
  46 |   const today = new Date();
  47 |   const from = subDays(today, OWNER_UTILIZATION_RANGE_DAYS - 1);
  48 |   const { data: days = [] } = useOwnerReservationSummary(from, today);

Ecmascript file had an error

Generated code of loaders [@locator/webpack-loader] transform of file content of app/dashboard/_components/DashboardHome/components/SessionLoadCard/SessionLoadCard.tsx:
./app/dashboard/_components/DashboardHome/components/SessionLoadCard/SessionLoadCard.tsx:45:10
  43 | }
  44 |
> 45 | function OwnerUtilization() {
     |          ^^^^^^^^^^^^^^^^
  46 |   const today = new Date();
  47 |   const from = subDays(today, OWNER_UTILIZATION_RANGE_DAYS - 1);
  48 |   const { data: days = [] } = useOwnerReservationSummary(from, today);

Import traces:
  Client Component Browser:
    ./app/dashboard/_components/DashboardHome/components/SessionLoadCard/SessionLoadCard.tsx [Client Component Browser]
    ./app/dashboard/_components/DashboardHome/DashboardHome.tsx [Client Component Browser]
    ./app/dashboard/page.tsx [Client Component Browser]
    ./app/dashboard/page.tsx [Server Component]

  Client Component SSR:
    ./app/dashboard/_components/DashboardHome/components/SessionLoadCard/SessionLoadCard.tsx [Client Component SSR]
    ./app/dashboard/_components/DashboardHome/DashboardHome.tsx [Client Component SSR]
    ./app/dashboard/page.tsx [Client Component SSR]
    ./app/dashboard/page.tsx [Server Component] @ http://localhost:3000/_next/static/chunks/node_modules_next_dist_1gdrd03._.js:1945
[ 1589872ms] [ERROR] ./app/dashboard/_components/DashboardHome/components/SessionLoadCard/SessionLoadCard.tsx:66:10
the name `PlayerUtilization` is defined multiple times
  64 | }
  65 |
> 66 | function PlayerUtilization() {
     |          ^^^^^^^^^^^^^^^^^
  67 |   const { data: history = [] } = useMyReservations(true);
  68 |   const nonCancelled = history.filter((r) => r.status !== "CANCELLED");
  69 |   const counts = getWeeklyCounts(

Ecmascript file had an error

Generated code of loaders [@locator/webpack-loader] transform of file content of app/dashboard/_components/DashboardHome/components/SessionLoadCard/SessionLoadCard.tsx:
./app/dashboard/_components/DashboardHome/components/SessionLoadCard/SessionLoadCard.tsx:66:10
  64 | }
  65 |
> 66 | function PlayerUtilization() {
     |          ^^^^^^^^^^^^^^^^^
  67 |   const { data: history = [] } = useMyReservations(true);
  68 |   const nonCancelled = history.filter((r) => r.status !== "CANCELLED");
  69 |   const counts = getWeeklyCounts(

Import traces:
  Client Component Browser:
    ./app/dashboard/_components/DashboardHome/components/SessionLoadCard/SessionLoadCard.tsx [Client Component Browser]
    ./app/dashboard/_components/DashboardHome/DashboardHome.tsx [Client Component Browser]
    ./app/dashboard/page.tsx [Client Component Browser]
    ./app/dashboard/page.tsx [Server Component]

  Client Component SSR:
    ./app/dashboard/_components/DashboardHome/components/SessionLoadCard/SessionLoadCard.tsx [Client Component SSR]
    ./app/dashboard/_components/DashboardHome/DashboardHome.tsx [Client Component SSR]
    ./app/dashboard/page.tsx [Client Component SSR]
    ./app/dashboard/page.tsx [Server Component] @ http://localhost:3000/_next/static/chunks/node_modules_next_dist_1gdrd03._.js:1945
[ 1589935ms] [ERROR] ./app/dashboard/_components/DashboardHome/components/SessionLoadCard/SessionLoadCard.tsx:45:10
the name `OwnerUtilization` is defined multiple times
  43 | }
  44 |
> 45 | function OwnerUtilization() {
     |          ^^^^^^^^^^^^^^^^
  46 |   const today = new Date();
  47 |   const from = subDays(today, OWNER_UTILIZATION_RANGE_DAYS - 1);
  48 |   const { data: days = [] } = useOwnerReservationSummary(from, today);

Ecmascript file had an error

Generated code of loaders [@locator/webpack-loader] transform of file content of app/dashboard/_components/DashboardHome/components/SessionLoadCard/SessionLoadCard.tsx:
./app/dashboard/_components/DashboardHome/components/SessionLoadCard/SessionLoadCard.tsx:45:10
  43 | }
  44 |
> 45 | function OwnerUtilization() {
     |          ^^^^^^^^^^^^^^^^
  46 |   const today = new Date();
  47 |   const from = subDays(today, OWNER_UTILIZATION_RANGE_DAYS - 1);
  48 |   const { data: days = [] } = useOwnerReservationSummary(from, today);

Import traces:
  Client Component Browser:
    ./app/dashboard/_components/DashboardHome/components/SessionLoadCard/SessionLoadCard.tsx [Client Component Browser]
    ./app/dashboard/_components/DashboardHome/DashboardHome.tsx [Client Component Browser]
    ./app/dashboard/page.tsx [Client Component Browser]
    ./app/dashboard/page.tsx [Server Component]

  Client Component SSR:
    ./app/dashboard/_components/DashboardHome/components/SessionLoadCard/SessionLoadCard.tsx [Client Component SSR]
    ./app/dashboard/_components/DashboardHome/DashboardHome.tsx [Client Component SSR]
    ./app/dashboard/page.tsx [Client Component SSR]
    ./app/dashboard/page.tsx [Server Component] @ http://localhost:3000/_next/static/chunks/node_modules_next_dist_1gdrd03._.js:1945
[ 1589935ms] [ERROR] ./app/dashboard/_components/DashboardHome/components/SessionLoadCard/SessionLoadCard.tsx:66:10
the name `PlayerUtilization` is defined multiple times
  64 | }
  65 |
> 66 | function PlayerUtilization() {
     |          ^^^^^^^^^^^^^^^^^
  67 |   const { data: history = [] } = useMyReservations(true);
  68 |   const nonCancelled = history.filter((r) => r.status !== "CANCELLED");
  69 |   const counts = getWeeklyCounts(

Ecmascript file had an error

Generated code of loaders [@locator/webpack-loader] transform of file content of app/dashboard/_components/DashboardHome/components/SessionLoadCard/SessionLoadCard.tsx:
./app/dashboard/_components/DashboardHome/components/SessionLoadCard/SessionLoadCard.tsx:66:10
  64 | }
  65 |
> 66 | function PlayerUtilization() {
     |          ^^^^^^^^^^^^^^^^^
  67 |   const { data: history = [] } = useMyReservations(true);
  68 |   const nonCancelled = history.filter((r) => r.status !== "CANCELLED");
  69 |   const counts = getWeeklyCounts(

Import traces:
  Client Component Browser:
    ./app/dashboard/_components/DashboardHome/components/SessionLoadCard/SessionLoadCard.tsx [Client Component Browser]
    ./app/dashboard/_components/DashboardHome/DashboardHome.tsx [Client Component Browser]
    ./app/dashboard/page.tsx [Client Component Browser]
    ./app/dashboard/page.tsx [Server Component]

  Client Component SSR:
    ./app/dashboard/_components/DashboardHome/components/SessionLoadCard/SessionLoadCard.tsx [Client Component SSR]
    ./app/dashboard/_components/DashboardHome/DashboardHome.tsx [Client Component SSR]
    ./app/dashboard/page.tsx [Client Component SSR]
    ./app/dashboard/page.tsx [Server Component] @ http://localhost:3000/_next/static/chunks/node_modules_next_dist_1gdrd03._.js:1945
[ 1589997ms] [ERROR] ./app/dashboard/_components/DashboardHome/components/SessionLoadCard/SessionLoadCard.tsx:45:10
the name `OwnerUtilization` is defined multiple times
  43 | }
  44 |
> 45 | function OwnerUtilization() {
     |          ^^^^^^^^^^^^^^^^
  46 |   const today = new Date();
  47 |   const from = subDays(today, OWNER_UTILIZATION_RANGE_DAYS - 1);
  48 |   const { data: days = [] } = useOwnerReservationSummary(from, today);

Ecmascript file had an error

Generated code of loaders [@locator/webpack-loader] transform of file content of app/dashboard/_components/DashboardHome/components/SessionLoadCard/SessionLoadCard.tsx:
./app/dashboard/_components/DashboardHome/components/SessionLoadCard/SessionLoadCard.tsx:45:10
  43 | }
  44 |
> 45 | function OwnerUtilization() {
     |          ^^^^^^^^^^^^^^^^
  46 |   const today = new Date();
  47 |   const from = subDays(today, OWNER_UTILIZATION_RANGE_DAYS - 1);
  48 |   const { data: days = [] } = useOwnerReservationSummary(from, today);

Import traces:
  Client Component Browser:
    ./app/dashboard/_components/DashboardHome/components/SessionLoadCard/SessionLoadCard.tsx [Client Component Browser]
    ./app/dashboard/_components/DashboardHome/DashboardHome.tsx [Client Component Browser]
    ./app/dashboard/page.tsx [Client Component Browser]
    ./app/dashboard/page.tsx [Server Component]

  Client Component SSR:
    ./app/dashboard/_components/DashboardHome/components/SessionLoadCard/SessionLoadCard.tsx [Client Component SSR]
    ./app/dashboard/_components/DashboardHome/DashboardHome.tsx [Client Component SSR]
    ./app/dashboard/page.tsx [Client Component SSR]
    ./app/dashboard/page.tsx [Server Component] @ http://localhost:3000/_next/static/chunks/node_modules_next_dist_1gdrd03._.js:1945
[ 1589997ms] [ERROR] ./app/dashboard/_components/DashboardHome/components/SessionLoadCard/SessionLoadCard.tsx:66:10
the name `PlayerUtilization` is defined multiple times
  64 | }
  65 |
> 66 | function PlayerUtilization() {
     |          ^^^^^^^^^^^^^^^^^
  67 |   const { data: history = [] } = useMyReservations(true);
  68 |   const nonCancelled = history.filter((r) => r.status !== "CANCELLED");
  69 |   const counts = getWeeklyCounts(

Ecmascript file had an error

Generated code of loaders [@locator/webpack-loader] transform of file content of app/dashboard/_components/DashboardHome/components/SessionLoadCard/SessionLoadCard.tsx:
./app/dashboard/_components/DashboardHome/components/SessionLoadCard/SessionLoadCard.tsx:66:10
  64 | }
  65 |
> 66 | function PlayerUtilization() {
     |          ^^^^^^^^^^^^^^^^^
  67 |   const { data: history = [] } = useMyReservations(true);
  68 |   const nonCancelled = history.filter((r) => r.status !== "CANCELLED");
  69 |   const counts = getWeeklyCounts(

Import traces:
  Client Component Browser:
    ./app/dashboard/_components/DashboardHome/components/SessionLoadCard/SessionLoadCard.tsx [Client Component Browser]
    ./app/dashboard/_components/DashboardHome/DashboardHome.tsx [Client Component Browser]
    ./app/dashboard/page.tsx [Client Component Browser]
    ./app/dashboard/page.tsx [Server Component]

  Client Component SSR:
    ./app/dashboard/_components/DashboardHome/components/SessionLoadCard/SessionLoadCard.tsx [Client Component SSR]
    ./app/dashboard/_components/DashboardHome/DashboardHome.tsx [Client Component SSR]
    ./app/dashboard/page.tsx [Client Component SSR]
    ./app/dashboard/page.tsx [Server Component] @ http://localhost:3000/_next/static/chunks/node_modules_next_dist_1gdrd03._.js:1945
[ 1590059ms] [ERROR] ./app/dashboard/_components/DashboardHome/components/SessionLoadCard/SessionLoadCard.tsx:45:10
the name `OwnerUtilization` is defined multiple times
  43 | }
  44 |
> 45 | function OwnerUtilization() {
     |          ^^^^^^^^^^^^^^^^
  46 |   const today = new Date();
  47 |   const from = subDays(today, OWNER_UTILIZATION_RANGE_DAYS - 1);
  48 |   const { data: days = [] } = useOwnerReservationSummary(from, today);

Ecmascript file had an error

Generated code of loaders [@locator/webpack-loader] transform of file content of app/dashboard/_components/DashboardHome/components/SessionLoadCard/SessionLoadCard.tsx:
./app/dashboard/_components/DashboardHome/components/SessionLoadCard/SessionLoadCard.tsx:45:10
  43 | }
  44 |
> 45 | function OwnerUtilization() {
     |          ^^^^^^^^^^^^^^^^
  46 |   const today = new Date();
  47 |   const from = subDays(today, OWNER_UTILIZATION_RANGE_DAYS - 1);
  48 |   const { data: days = [] } = useOwnerReservationSummary(from, today);

Import traces:
  Client Component Browser:
    ./app/dashboard/_components/DashboardHome/components/SessionLoadCard/SessionLoadCard.tsx [Client Component Browser]
    ./app/dashboard/_components/DashboardHome/DashboardHome.tsx [Client Component Browser]
    ./app/dashboard/page.tsx [Client Component Browser]
    ./app/dashboard/page.tsx [Server Component]

  Client Component SSR:
    ./app/dashboard/_components/DashboardHome/components/SessionLoadCard/SessionLoadCard.tsx [Client Component SSR]
    ./app/dashboard/_components/DashboardHome/DashboardHome.tsx [Client Component SSR]
    ./app/dashboard/page.tsx [Client Component SSR]
    ./app/dashboard/page.tsx [Server Component] @ http://localhost:3000/_next/static/chunks/node_modules_next_dist_1gdrd03._.js:1945
[ 1590059ms] [ERROR] ./app/dashboard/_components/DashboardHome/components/SessionLoadCard/SessionLoadCard.tsx:66:10
the name `PlayerUtilization` is defined multiple times
  64 | }
  65 |
> 66 | function PlayerUtilization() {
     |          ^^^^^^^^^^^^^^^^^
  67 |   const { data: history = [] } = useMyReservations(true);
  68 |   const nonCancelled = history.filter((r) => r.status !== "CANCELLED");
  69 |   const counts = getWeeklyCounts(

Ecmascript file had an error

Generated code of loaders [@locator/webpack-loader] transform of file content of app/dashboard/_components/DashboardHome/components/SessionLoadCard/SessionLoadCard.tsx:
./app/dashboard/_components/DashboardHome/components/SessionLoadCard/SessionLoadCard.tsx:66:10
  64 | }
  65 |
> 66 | function PlayerUtilization() {
     |          ^^^^^^^^^^^^^^^^^
  67 |   const { data: history = [] } = useMyReservations(true);
  68 |   const nonCancelled = history.filter((r) => r.status !== "CANCELLED");
  69 |   const counts = getWeeklyCounts(

Import traces:
  Client Component Browser:
    ./app/dashboard/_components/DashboardHome/components/SessionLoadCard/SessionLoadCard.tsx [Client Component Browser]
    ./app/dashboard/_components/DashboardHome/DashboardHome.tsx [Client Component Browser]
    ./app/dashboard/page.tsx [Client Component Browser]
    ./app/dashboard/page.tsx [Server Component]

  Client Component SSR:
    ./app/dashboard/_components/DashboardHome/components/SessionLoadCard/SessionLoadCard.tsx [Client Component SSR]
    ./app/dashboard/_components/DashboardHome/DashboardHome.tsx [Client Component SSR]
    ./app/dashboard/page.tsx [Client Component SSR]
    ./app/dashboard/page.tsx [Server Component] @ http://localhost:3000/_next/static/chunks/node_modules_next_dist_1gdrd03._.js:1945
[ 1590122ms] [ERROR] ./app/dashboard/_components/DashboardHome/components/SessionLoadCard/SessionLoadCard.tsx:45:10
the name `OwnerUtilization` is defined multiple times
  43 | }
  44 |
> 45 | function OwnerUtilization() {
     |          ^^^^^^^^^^^^^^^^
  46 |   const today = new Date();
  47 |   const from = subDays(today, OWNER_UTILIZATION_RANGE_DAYS - 1);
  48 |   const { data: days = [] } = useOwnerReservationSummary(from, today);

Ecmascript file had an error

Generated code of loaders [@locator/webpack-loader] transform of file content of app/dashboard/_components/DashboardHome/components/SessionLoadCard/SessionLoadCard.tsx:
./app/dashboard/_components/DashboardHome/components/SessionLoadCard/SessionLoadCard.tsx:45:10
  43 | }
  44 |
> 45 | function OwnerUtilization() {
     |          ^^^^^^^^^^^^^^^^
  46 |   const today = new Date();
  47 |   const from = subDays(today, OWNER_UTILIZATION_RANGE_DAYS - 1);
  48 |   const { data: days = [] } = useOwnerReservationSummary(from, today);

Import traces:
  Client Component Browser:
    ./app/dashboard/_components/DashboardHome/components/SessionLoadCard/SessionLoadCard.tsx [Client Component Browser]
    ./app/dashboard/_components/DashboardHome/DashboardHome.tsx [Client Component Browser]
    ./app/dashboard/page.tsx [Client Component Browser]
    ./app/dashboard/page.tsx [Server Component]

  Client Component SSR:
    ./app/dashboard/_components/DashboardHome/components/SessionLoadCard/SessionLoadCard.tsx [Client Component SSR]
    ./app/dashboard/_components/DashboardHome/DashboardHome.tsx [Client Component SSR]
    ./app/dashboard/page.tsx [Client Component SSR]
    ./app/dashboard/page.tsx [Server Component] @ http://localhost:3000/_next/static/chunks/node_modules_next_dist_1gdrd03._.js:1945
[ 1590122ms] [ERROR] ./app/dashboard/_components/DashboardHome/components/SessionLoadCard/SessionLoadCard.tsx:66:10
the name `PlayerUtilization` is defined multiple times
  64 | }
  65 |
> 66 | function PlayerUtilization() {
     |          ^^^^^^^^^^^^^^^^^
  67 |   const { data: history = [] } = useMyReservations(true);
  68 |   const nonCancelled = history.filter((r) => r.status !== "CANCELLED");
  69 |   const counts = getWeeklyCounts(

Ecmascript file had an error

Generated code of loaders [@locator/webpack-loader] transform of file content of app/dashboard/_components/DashboardHome/components/SessionLoadCard/SessionLoadCard.tsx:
./app/dashboard/_components/DashboardHome/components/SessionLoadCard/SessionLoadCard.tsx:66:10
  64 | }
  65 |
> 66 | function PlayerUtilization() {
     |          ^^^^^^^^^^^^^^^^^
  67 |   const { data: history = [] } = useMyReservations(true);
  68 |   const nonCancelled = history.filter((r) => r.status !== "CANCELLED");
  69 |   const counts = getWeeklyCounts(

Import traces:
  Client Component Browser:
    ./app/dashboard/_components/DashboardHome/components/SessionLoadCard/SessionLoadCard.tsx [Client Component Browser]
    ./app/dashboard/_components/DashboardHome/DashboardHome.tsx [Client Component Browser]
    ./app/dashboard/page.tsx [Client Component Browser]
    ./app/dashboard/page.tsx [Server Component]

  Client Component SSR:
    ./app/dashboard/_components/DashboardHome/components/SessionLoadCard/SessionLoadCard.tsx [Client Component SSR]
    ./app/dashboard/_components/DashboardHome/DashboardHome.tsx [Client Component SSR]
    ./app/dashboard/page.tsx [Client Component SSR]
    ./app/dashboard/page.tsx [Server Component] @ http://localhost:3000/_next/static/chunks/node_modules_next_dist_1gdrd03._.js:1945
[ 1590199ms] [ERROR] ./app/dashboard/_components/DashboardHome/components/SessionLoadCard/SessionLoadCard.tsx:45:10
the name `OwnerUtilization` is defined multiple times
  43 | }
  44 |
> 45 | function OwnerUtilization() {
     |          ^^^^^^^^^^^^^^^^
  46 |   const today = new Date();
  47 |   const from = subDays(today, OWNER_UTILIZATION_RANGE_DAYS - 1);
  48 |   const { data: days = [] } = useOwnerReservationSummary(from, today);

Ecmascript file had an error

Generated code of loaders [@locator/webpack-loader] transform of file content of app/dashboard/_components/DashboardHome/components/SessionLoadCard/SessionLoadCard.tsx:
./app/dashboard/_components/DashboardHome/components/SessionLoadCard/SessionLoadCard.tsx:45:10
  43 | }
  44 |
> 45 | function OwnerUtilization() {
     |          ^^^^^^^^^^^^^^^^
  46 |   const today = new Date();
  47 |   const from = subDays(today, OWNER_UTILIZATION_RANGE_DAYS - 1);
  48 |   const { data: days = [] } = useOwnerReservationSummary(from, today);

Import traces:
  Client Component Browser:
    ./app/dashboard/_components/DashboardHome/components/SessionLoadCard/SessionLoadCard.tsx [Client Component Browser]
    ./app/dashboard/_components/DashboardHome/DashboardHome.tsx [Client Component Browser]
    ./app/dashboard/page.tsx [Client Component Browser]
    ./app/dashboard/page.tsx [Server Component]

  Client Component SSR:
    ./app/dashboard/_components/DashboardHome/components/SessionLoadCard/SessionLoadCard.tsx [Client Component SSR]
    ./app/dashboard/_components/DashboardHome/DashboardHome.tsx [Client Component SSR]
    ./app/dashboard/page.tsx [Client Component SSR]
    ./app/dashboard/page.tsx [Server Component] @ http://localhost:3000/_next/static/chunks/node_modules_next_dist_1gdrd03._.js:1945
[ 1590199ms] [ERROR] ./app/dashboard/_components/DashboardHome/components/SessionLoadCard/SessionLoadCard.tsx:66:10
the name `PlayerUtilization` is defined multiple times
  64 | }
  65 |
> 66 | function PlayerUtilization() {
     |          ^^^^^^^^^^^^^^^^^
  67 |   const { data: history = [] } = useMyReservations(true);
  68 |   const nonCancelled = history.filter((r) => r.status !== "CANCELLED");
  69 |   const counts = getWeeklyCounts(

Ecmascript file had an error

Generated code of loaders [@locator/webpack-loader] transform of file content of app/dashboard/_components/DashboardHome/components/SessionLoadCard/SessionLoadCard.tsx:
./app/dashboard/_components/DashboardHome/components/SessionLoadCard/SessionLoadCard.tsx:66:10
  64 | }
  65 |
> 66 | function PlayerUtilization() {
     |          ^^^^^^^^^^^^^^^^^
  67 |   const { data: history = [] } = useMyReservations(true);
  68 |   const nonCancelled = history.filter((r) => r.status !== "CANCELLED");
  69 |   const counts = getWeeklyCounts(

Import traces:
  Client Component Browser:
    ./app/dashboard/_components/DashboardHome/components/SessionLoadCard/SessionLoadCard.tsx [Client Component Browser]
    ./app/dashboard/_components/DashboardHome/DashboardHome.tsx [Client Component Browser]
    ./app/dashboard/page.tsx [Client Component Browser]
    ./app/dashboard/page.tsx [Server Component]

  Client Component SSR:
    ./app/dashboard/_components/DashboardHome/components/SessionLoadCard/SessionLoadCard.tsx [Client Component SSR]
    ./app/dashboard/_components/DashboardHome/DashboardHome.tsx [Client Component SSR]
    ./app/dashboard/page.tsx [Client Component SSR]
    ./app/dashboard/page.tsx [Server Component] @ http://localhost:3000/_next/static/chunks/node_modules_next_dist_1gdrd03._.js:1945
[ 1590262ms] [ERROR] ./app/dashboard/_components/DashboardHome/components/SessionLoadCard/SessionLoadCard.tsx:45:10
the name `OwnerUtilization` is defined multiple times
  43 | }
  44 |
> 45 | function OwnerUtilization() {
     |          ^^^^^^^^^^^^^^^^
  46 |   const today = new Date();
  47 |   const from = subDays(today, OWNER_UTILIZATION_RANGE_DAYS - 1);
  48 |   const { data: days = [] } = useOwnerReservationSummary(from, today);

Ecmascript file had an error

Generated code of loaders [@locator/webpack-loader] transform of file content of app/dashboard/_components/DashboardHome/components/SessionLoadCard/SessionLoadCard.tsx:
./app/dashboard/_components/DashboardHome/components/SessionLoadCard/SessionLoadCard.tsx:45:10
  43 | }
  44 |
> 45 | function OwnerUtilization() {
     |          ^^^^^^^^^^^^^^^^
  46 |   const today = new Date();
  47 |   const from = subDays(today, OWNER_UTILIZATION_RANGE_DAYS - 1);
  48 |   const { data: days = [] } = useOwnerReservationSummary(from, today);

Import traces:
  Client Component Browser:
    ./app/dashboard/_components/DashboardHome/components/SessionLoadCard/SessionLoadCard.tsx [Client Component Browser]
    ./app/dashboard/_components/DashboardHome/DashboardHome.tsx [Client Component Browser]
    ./app/dashboard/page.tsx [Client Component Browser]
    ./app/dashboard/page.tsx [Server Component]

  Client Component SSR:
    ./app/dashboard/_components/DashboardHome/components/SessionLoadCard/SessionLoadCard.tsx [Client Component SSR]
    ./app/dashboard/_components/DashboardHome/DashboardHome.tsx [Client Component SSR]
    ./app/dashboard/page.tsx [Client Component SSR]
    ./app/dashboard/page.tsx [Server Component] @ http://localhost:3000/_next/static/chunks/node_modules_next_dist_1gdrd03._.js:1945
[ 1590263ms] [ERROR] ./app/dashboard/_components/DashboardHome/components/SessionLoadCard/SessionLoadCard.tsx:66:10
the name `PlayerUtilization` is defined multiple times
  64 | }
  65 |
> 66 | function PlayerUtilization() {
     |          ^^^^^^^^^^^^^^^^^
  67 |   const { data: history = [] } = useMyReservations(true);
  68 |   const nonCancelled = history.filter((r) => r.status !== "CANCELLED");
  69 |   const counts = getWeeklyCounts(

Ecmascript file had an error

Generated code of loaders [@locator/webpack-loader] transform of file content of app/dashboard/_components/DashboardHome/components/SessionLoadCard/SessionLoadCard.tsx:
./app/dashboard/_components/DashboardHome/components/SessionLoadCard/SessionLoadCard.tsx:66:10
  64 | }
  65 |
> 66 | function PlayerUtilization() {
     |          ^^^^^^^^^^^^^^^^^
  67 |   const { data: history = [] } = useMyReservations(true);
  68 |   const nonCancelled = history.filter((r) => r.status !== "CANCELLED");
  69 |   const counts = getWeeklyCounts(

Import traces:
  Client Component Browser:
    ./app/dashboard/_components/DashboardHome/components/SessionLoadCard/SessionLoadCard.tsx [Client Component Browser]
    ./app/dashboard/_components/DashboardHome/DashboardHome.tsx [Client Component Browser]
    ./app/dashboard/page.tsx [Client Component Browser]
    ./app/dashboard/page.tsx [Server Component]

  Client Component SSR:
    ./app/dashboard/_components/DashboardHome/components/SessionLoadCard/SessionLoadCard.tsx [Client Component SSR]
    ./app/dashboard/_components/DashboardHome/DashboardHome.tsx [Client Component SSR]
    ./app/dashboard/page.tsx [Client Component SSR]
    ./app/dashboard/page.tsx [Server Component] @ http://localhost:3000/_next/static/chunks/node_modules_next_dist_1gdrd03._.js:1945
[ 1590324ms] [ERROR] ./app/dashboard/_components/DashboardHome/components/SessionLoadCard/SessionLoadCard.tsx:45:10
the name `OwnerUtilization` is defined multiple times
  43 | }
  44 |
> 45 | function OwnerUtilization() {
     |          ^^^^^^^^^^^^^^^^
  46 |   const today = new Date();
  47 |   const from = subDays(today, OWNER_UTILIZATION_RANGE_DAYS - 1);
  48 |   const { data: days = [] } = useOwnerReservationSummary(from, today);

Ecmascript file had an error

Generated code of loaders [@locator/webpack-loader] transform of file content of app/dashboard/_components/DashboardHome/components/SessionLoadCard/SessionLoadCard.tsx:
./app/dashboard/_components/DashboardHome/components/SessionLoadCard/SessionLoadCard.tsx:45:10
  43 | }
  44 |
> 45 | function OwnerUtilization() {
     |          ^^^^^^^^^^^^^^^^
  46 |   const today = new Date();
  47 |   const from = subDays(today, OWNER_UTILIZATION_RANGE_DAYS - 1);
  48 |   const { data: days = [] } = useOwnerReservationSummary(from, today);

Import traces:
  Client Component Browser:
    ./app/dashboard/_components/DashboardHome/components/SessionLoadCard/SessionLoadCard.tsx [Client Component Browser]
    ./app/dashboard/_components/DashboardHome/DashboardHome.tsx [Client Component Browser]
    ./app/dashboard/page.tsx [Client Component Browser]
    ./app/dashboard/page.tsx [Server Component]

  Client Component SSR:
    ./app/dashboard/_components/DashboardHome/components/SessionLoadCard/SessionLoadCard.tsx [Client Component SSR]
    ./app/dashboard/_components/DashboardHome/DashboardHome.tsx [Client Component SSR]
    ./app/dashboard/page.tsx [Client Component SSR]
    ./app/dashboard/page.tsx [Server Component] @ http://localhost:3000/_next/static/chunks/node_modules_next_dist_1gdrd03._.js:1945
[ 1590324ms] [ERROR] ./app/dashboard/_components/DashboardHome/components/SessionLoadCard/SessionLoadCard.tsx:66:10
the name `PlayerUtilization` is defined multiple times
  64 | }
  65 |
> 66 | function PlayerUtilization() {
     |          ^^^^^^^^^^^^^^^^^
  67 |   const { data: history = [] } = useMyReservations(true);
  68 |   const nonCancelled = history.filter((r) => r.status !== "CANCELLED");
  69 |   const counts = getWeeklyCounts(

Ecmascript file had an error

Generated code of loaders [@locator/webpack-loader] transform of file content of app/dashboard/_components/DashboardHome/components/SessionLoadCard/SessionLoadCard.tsx:
./app/dashboard/_components/DashboardHome/components/SessionLoadCard/SessionLoadCard.tsx:66:10
  64 | }
  65 |
> 66 | function PlayerUtilization() {
     |          ^^^^^^^^^^^^^^^^^
  67 |   const { data: history = [] } = useMyReservations(true);
  68 |   const nonCancelled = history.filter((r) => r.status !== "CANCELLED");
  69 |   const counts = getWeeklyCounts(

Import traces:
  Client Component Browser:
    ./app/dashboard/_components/DashboardHome/components/SessionLoadCard/SessionLoadCard.tsx [Client Component Browser]
    ./app/dashboard/_components/DashboardHome/DashboardHome.tsx [Client Component Browser]
    ./app/dashboard/page.tsx [Client Component Browser]
    ./app/dashboard/page.tsx [Server Component]

  Client Component SSR:
    ./app/dashboard/_components/DashboardHome/components/SessionLoadCard/SessionLoadCard.tsx [Client Component SSR]
    ./app/dashboard/_components/DashboardHome/DashboardHome.tsx [Client Component SSR]
    ./app/dashboard/page.tsx [Client Component SSR]
    ./app/dashboard/page.tsx [Server Component] @ http://localhost:3000/_next/static/chunks/node_modules_next_dist_1gdrd03._.js:1945
[ 1590402ms] [ERROR] ./app/dashboard/_components/DashboardHome/components/SessionLoadCard/SessionLoadCard.tsx:45:10
the name `OwnerUtilization` is defined multiple times
  43 | }
  44 |
> 45 | function OwnerUtilization() {
     |          ^^^^^^^^^^^^^^^^
  46 |   const today = new Date();
  47 |   const from = subDays(today, OWNER_UTILIZATION_RANGE_DAYS - 1);
  48 |   const { data: days = [] } = useOwnerReservationSummary(from, today);

Ecmascript file had an error

Generated code of loaders [@locator/webpack-loader] transform of file content of app/dashboard/_components/DashboardHome/components/SessionLoadCard/SessionLoadCard.tsx:
./app/dashboard/_components/DashboardHome/components/SessionLoadCard/SessionLoadCard.tsx:45:10
  43 | }
  44 |
> 45 | function OwnerUtilization() {
     |          ^^^^^^^^^^^^^^^^
  46 |   const today = new Date();
  47 |   const from = subDays(today, OWNER_UTILIZATION_RANGE_DAYS - 1);
  48 |   const { data: days = [] } = useOwnerReservationSummary(from, today);

Import traces:
  Client Component Browser:
    ./app/dashboard/_components/DashboardHome/components/SessionLoadCard/SessionLoadCard.tsx [Client Component Browser]
    ./app/dashboard/_components/DashboardHome/DashboardHome.tsx [Client Component Browser]
    ./app/dashboard/page.tsx [Client Component Browser]
    ./app/dashboard/page.tsx [Server Component]

  Client Component SSR:
    ./app/dashboard/_components/DashboardHome/components/SessionLoadCard/SessionLoadCard.tsx [Client Component SSR]
    ./app/dashboard/_components/DashboardHome/DashboardHome.tsx [Client Component SSR]
    ./app/dashboard/page.tsx [Client Component SSR]
    ./app/dashboard/page.tsx [Server Component] @ http://localhost:3000/_next/static/chunks/node_modules_next_dist_1gdrd03._.js:1945
[ 1590402ms] [ERROR] ./app/dashboard/_components/DashboardHome/components/SessionLoadCard/SessionLoadCard.tsx:66:10
the name `PlayerUtilization` is defined multiple times
  64 | }
  65 |
> 66 | function PlayerUtilization() {
     |          ^^^^^^^^^^^^^^^^^
  67 |   const { data: history = [] } = useMyReservations(true);
  68 |   const nonCancelled = history.filter((r) => r.status !== "CANCELLED");
  69 |   const counts = getWeeklyCounts(

Ecmascript file had an error

Generated code of loaders [@locator/webpack-loader] transform of file content of app/dashboard/_components/DashboardHome/components/SessionLoadCard/SessionLoadCard.tsx:
./app/dashboard/_components/DashboardHome/components/SessionLoadCard/SessionLoadCard.tsx:66:10
  64 | }
  65 |
> 66 | function PlayerUtilization() {
     |          ^^^^^^^^^^^^^^^^^
  67 |   const { data: history = [] } = useMyReservations(true);
  68 |   const nonCancelled = history.filter((r) => r.status !== "CANCELLED");
  69 |   const counts = getWeeklyCounts(

Import traces:
  Client Component Browser:
    ./app/dashboard/_components/DashboardHome/components/SessionLoadCard/SessionLoadCard.tsx [Client Component Browser]
    ./app/dashboard/_components/DashboardHome/DashboardHome.tsx [Client Component Browser]
    ./app/dashboard/page.tsx [Client Component Browser]
    ./app/dashboard/page.tsx [Server Component]

  Client Component SSR:
    ./app/dashboard/_components/DashboardHome/components/SessionLoadCard/SessionLoadCard.tsx [Client Component SSR]
    ./app/dashboard/_components/DashboardHome/DashboardHome.tsx [Client Component SSR]
    ./app/dashboard/page.tsx [Client Component SSR]
    ./app/dashboard/page.tsx [Server Component] @ http://localhost:3000/_next/static/chunks/node_modules_next_dist_1gdrd03._.js:1945
[ 1590464ms] [ERROR] ./app/dashboard/_components/DashboardHome/components/SessionLoadCard/SessionLoadCard.tsx:45:10
the name `OwnerUtilization` is defined multiple times
  43 | }
  44 |
> 45 | function OwnerUtilization() {
     |          ^^^^^^^^^^^^^^^^
  46 |   const today = new Date();
  47 |   const from = subDays(today, OWNER_UTILIZATION_RANGE_DAYS - 1);
  48 |   const { data: days = [] } = useOwnerReservationSummary(from, today);

Ecmascript file had an error

Generated code of loaders [@locator/webpack-loader] transform of file content of app/dashboard/_components/DashboardHome/components/SessionLoadCard/SessionLoadCard.tsx:
./app/dashboard/_components/DashboardHome/components/SessionLoadCard/SessionLoadCard.tsx:45:10
  43 | }
  44 |
> 45 | function OwnerUtilization() {
     |          ^^^^^^^^^^^^^^^^
  46 |   const today = new Date();
  47 |   const from = subDays(today, OWNER_UTILIZATION_RANGE_DAYS - 1);
  48 |   const { data: days = [] } = useOwnerReservationSummary(from, today);

Import traces:
  Client Component Browser:
    ./app/dashboard/_components/DashboardHome/components/SessionLoadCard/SessionLoadCard.tsx [Client Component Browser]
    ./app/dashboard/_components/DashboardHome/DashboardHome.tsx [Client Component Browser]
    ./app/dashboard/page.tsx [Client Component Browser]
    ./app/dashboard/page.tsx [Server Component]

  Client Component SSR:
    ./app/dashboard/_components/DashboardHome/components/SessionLoadCard/SessionLoadCard.tsx [Client Component SSR]
    ./app/dashboard/_components/DashboardHome/DashboardHome.tsx [Client Component SSR]
    ./app/dashboard/page.tsx [Client Component SSR]
    ./app/dashboard/page.tsx [Server Component] @ http://localhost:3000/_next/static/chunks/node_modules_next_dist_1gdrd03._.js:1945
[ 1590464ms] [ERROR] ./app/dashboard/_components/DashboardHome/components/SessionLoadCard/SessionLoadCard.tsx:66:10
the name `PlayerUtilization` is defined multiple times
  64 | }
  65 |
> 66 | function PlayerUtilization() {
     |          ^^^^^^^^^^^^^^^^^
  67 |   const { data: history = [] } = useMyReservations(true);
  68 |   const nonCancelled = history.filter((r) => r.status !== "CANCELLED");
  69 |   const counts = getWeeklyCounts(

Ecmascript file had an error

Generated code of loaders [@locator/webpack-loader] transform of file content of app/dashboard/_components/DashboardHome/components/SessionLoadCard/SessionLoadCard.tsx:
./app/dashboard/_components/DashboardHome/components/SessionLoadCard/SessionLoadCard.tsx:66:10
  64 | }
  65 |
> 66 | function PlayerUtilization() {
     |          ^^^^^^^^^^^^^^^^^
  67 |   const { data: history = [] } = useMyReservations(true);
  68 |   const nonCancelled = history.filter((r) => r.status !== "CANCELLED");
  69 |   const counts = getWeeklyCounts(

Import traces:
  Client Component Browser:
    ./app/dashboard/_components/DashboardHome/components/SessionLoadCard/SessionLoadCard.tsx [Client Component Browser]
    ./app/dashboard/_components/DashboardHome/DashboardHome.tsx [Client Component Browser]
    ./app/dashboard/page.tsx [Client Component Browser]
    ./app/dashboard/page.tsx [Server Component]

  Client Component SSR:
    ./app/dashboard/_components/DashboardHome/components/SessionLoadCard/SessionLoadCard.tsx [Client Component SSR]
    ./app/dashboard/_components/DashboardHome/DashboardHome.tsx [Client Component SSR]
    ./app/dashboard/page.tsx [Client Component SSR]
    ./app/dashboard/page.tsx [Server Component] @ http://localhost:3000/_next/static/chunks/node_modules_next_dist_1gdrd03._.js:1945
[ 1590529ms] [ERROR] ./app/dashboard/_components/DashboardHome/components/SessionLoadCard/SessionLoadCard.tsx:45:10
the name `OwnerUtilization` is defined multiple times
  43 | }
  44 |
> 45 | function OwnerUtilization() {
     |          ^^^^^^^^^^^^^^^^
  46 |   const today = new Date();
  47 |   const from = subDays(today, OWNER_UTILIZATION_RANGE_DAYS - 1);
  48 |   const { data: days = [] } = useOwnerReservationSummary(from, today);

Ecmascript file had an error

Generated code of loaders [@locator/webpack-loader] transform of file content of app/dashboard/_components/DashboardHome/components/SessionLoadCard/SessionLoadCard.tsx:
./app/dashboard/_components/DashboardHome/components/SessionLoadCard/SessionLoadCard.tsx:45:10
  43 | }
  44 |
> 45 | function OwnerUtilization() {
     |          ^^^^^^^^^^^^^^^^
  46 |   const today = new Date();
  47 |   const from = subDays(today, OWNER_UTILIZATION_RANGE_DAYS - 1);
  48 |   const { data: days = [] } = useOwnerReservationSummary(from, today);

Import traces:
  Client Component Browser:
    ./app/dashboard/_components/DashboardHome/components/SessionLoadCard/SessionLoadCard.tsx [Client Component Browser]
    ./app/dashboard/_components/DashboardHome/DashboardHome.tsx [Client Component Browser]
    ./app/dashboard/page.tsx [Client Component Browser]
    ./app/dashboard/page.tsx [Server Component]

  Client Component SSR:
    ./app/dashboard/_components/DashboardHome/components/SessionLoadCard/SessionLoadCard.tsx [Client Component SSR]
    ./app/dashboard/_components/DashboardHome/DashboardHome.tsx [Client Component SSR]
    ./app/dashboard/page.tsx [Client Component SSR]
    ./app/dashboard/page.tsx [Server Component] @ http://localhost:3000/_next/static/chunks/node_modules_next_dist_1gdrd03._.js:1945
[ 1590529ms] [ERROR] ./app/dashboard/_components/DashboardHome/components/SessionLoadCard/SessionLoadCard.tsx:66:10
the name `PlayerUtilization` is defined multiple times
  64 | }
  65 |
> 66 | function PlayerUtilization() {
     |          ^^^^^^^^^^^^^^^^^
  67 |   const { data: history = [] } = useMyReservations(true);
  68 |   const nonCancelled = history.filter((r) => r.status !== "CANCELLED");
  69 |   const counts = getWeeklyCounts(

Ecmascript file had an error

Generated code of loaders [@locator/webpack-loader] transform of file content of app/dashboard/_components/DashboardHome/components/SessionLoadCard/SessionLoadCard.tsx:
./app/dashboard/_components/DashboardHome/components/SessionLoadCard/SessionLoadCard.tsx:66:10
  64 | }
  65 |
> 66 | function PlayerUtilization() {
     |          ^^^^^^^^^^^^^^^^^
  67 |   const { data: history = [] } = useMyReservations(true);
  68 |   const nonCancelled = history.filter((r) => r.status !== "CANCELLED");
  69 |   const counts = getWeeklyCounts(

Import traces:
  Client Component Browser:
    ./app/dashboard/_components/DashboardHome/components/SessionLoadCard/SessionLoadCard.tsx [Client Component Browser]
    ./app/dashboard/_components/DashboardHome/DashboardHome.tsx [Client Component Browser]
    ./app/dashboard/page.tsx [Client Component Browser]
    ./app/dashboard/page.tsx [Server Component]

  Client Component SSR:
    ./app/dashboard/_components/DashboardHome/components/SessionLoadCard/SessionLoadCard.tsx [Client Component SSR]
    ./app/dashboard/_components/DashboardHome/DashboardHome.tsx [Client Component SSR]
    ./app/dashboard/page.tsx [Client Component SSR]
    ./app/dashboard/page.tsx [Server Component] @ http://localhost:3000/_next/static/chunks/node_modules_next_dist_1gdrd03._.js:1945
[ 1590650ms] [LOG] [Fast Refresh] rebuilding @ http://localhost:3000/_next/static/chunks/node_modules_next_dist_1gdrd03._.js:1226
[ 1591122ms] [LOG] [Fast Refresh] done in 571ms @ http://localhost:3000/_next/static/chunks/node_modules_next_dist_1gdrd03._.js:1226
[ 1591241ms] [LOG] [Fast Refresh] rebuilding @ http://localhost:3000/_next/static/chunks/node_modules_next_dist_1gdrd03._.js:1226
[ 1591768ms] [LOG] [Fast Refresh] done in 630ms @ http://localhost:3000/_next/static/chunks/node_modules_next_dist_1gdrd03._.js:1226
[ 1592168ms] [INFO] %cDownload the React DevTools for a better development experience: https://react.dev/link/react-devtools font-weight:bold @ http://localhost:3000/_next/static/chunks/node_modules_next_dist_1ybzpk2._.js:2477
[ 1592204ms] [LOG] [HMR] connected @ http://localhost:3000/_next/static/chunks/node_modules_next_dist_1ybzpk2._.js:2477
[ 1592268ms] [WARNING] Clerk: Clerk has been loaded with development keys. Development instances have strict usage limits and should not be used when deploying your application to production. Learn more: https://clerk.com/docs/deployments/overview @ http://localhost:3000/_next/static/chunks/node_modules_next_dist_1ybzpk2._.js:2477
[ 1592324ms] [LOG] %c[Vercel Web Analytics]%c Debug mode is enabled by default in development. No requests will be sent to the server. color: rgb(120, 120, 120) color: inherit @ http://localhost:3000/_next/static/chunks/node_modules_next_dist_1ybzpk2._.js:2477
[ 1592324ms] [LOG] %c[Vercel Web Analytics]%c Running queued event color: rgb(120, 120, 120) color: inherit pageview {route: /dashboard, path: /dashboard} @ http://localhost:3000/_next/static/chunks/node_modules_next_dist_1ybzpk2._.js:2477
[ 1592324ms] [LOG] %c[Vercel Web Analytics]%c [view] http://localhost:3000/dashboard color: rgb(120, 120, 120) color: inherit {o: http://localhost:3000/dashboard, sv: 0.1.3, sdkn: @vercel/analytics/next, sdkv: 2.0.1, ts: 1785560912958} /_vercel/insights/view @ http://localhost:3000/_next/static/chunks/node_modules_next_dist_1ybzpk2._.js:2477
[ 1592325ms] [LOG] %c[Vercel Speed Insights]%c Debug mode is enabled by default in development. No requests will be sent to the server. color: rgb(120, 120, 120) color: inherit @ http://localhost:3000/_next/static/chunks/node_modules_next_dist_1ybzpk2._.js:2477
[ 1592421ms] [LOG] [Fast Refresh] rebuilding @ http://localhost:3000/_next/static/chunks/node_modules_next_dist_1ybzpk2._.js:2477
[ 1592421ms] [LOG] [Fast Refresh] done in 105ms @ http://localhost:3000/_next/static/chunks/node_modules_next_dist_1ybzpk2._.js:2477
[ 1592714ms] [LOG] [Fast Refresh] rebuilding @ http://localhost:3000/_next/static/chunks/node_modules_next_dist_1ybzpk2._.js:2477
[ 1592720ms] [LOG] [Fast Refresh] done in 107ms @ http://localhost:3000/_next/static/chunks/node_modules_next_dist_1ybzpk2._.js:2477
[ 1592833ms] [LOG] [Fast Refresh] rebuilding @ http://localhost:3000/_next/static/chunks/node_modules_next_dist_1ybzpk2._.js:2477
[ 1592849ms] [LOG] [Fast Refresh] done in 117ms @ http://localhost:3000/_next/static/chunks/node_modules_next_dist_1ybzpk2._.js:2477
[ 1593902ms] [WARNING] Image with src "http://localhost:3000/logo.svg" has either width or height modified, but not the other. If you use CSS to change the size of your image, also include the styles 'width: "auto"' or 'height: "auto"' to maintain the aspect ratio. @ http://localhost:3000/_next/static/chunks/node_modules_next_dist_1ybzpk2._.js:2477
[ 1598650ms] [WARNING] The resource https://enjoyed-mudfish-95.clerk.accounts.dev/npm/@clerk/ui@1/dist/ui.browser.js was preloaded using link preload but not used within a few seconds from the window's load event. Please make sure it has an appropriate `as` value and it is preloaded intentionally. @ http://localhost:3000/dashboard:0
[ 1598650ms] [WARNING] The resource http://localhost:3000/_next/image?url=%2F_next%2Fstatic%2Fmedia%2Fwoman-playing-paddle-tennis-side-view.1xcthvfgcn2qy.jpg&w=640&q=75 was preloaded using link preload but not used within a few seconds from the window's load event. Please make sure it has an appropriate `as` value and it is preloaded intentionally. @ http://localhost:3000/dashboard:0
[ 1616386ms] [LOG] [Fast Refresh] rebuilding @ http://localhost:3000/_next/static/chunks/node_modules_next_dist_1ybzpk2._.js:2477
[ 1616420ms] [LOG] [Fast Refresh] done in 146ms @ http://localhost:3000/_next/static/chunks/node_modules_next_dist_1ybzpk2._.js:2477
[ 1619279ms] [LOG] [Fast Refresh] rebuilding @ http://localhost:3000/_next/static/chunks/node_modules_next_dist_1ybzpk2._.js:2477
[ 1619280ms] [LOG] [Fast Refresh] done in 110ms @ http://localhost:3000/_next/static/chunks/node_modules_next_dist_1ybzpk2._.js:2477
[ 1620528ms] [LOG] [Fast Refresh] rebuilding @ http://localhost:3000/_next/static/chunks/node_modules_next_dist_1ybzpk2._.js:2477
[ 1620543ms] [LOG] [Fast Refresh] done in 123ms @ http://localhost:3000/_next/static/chunks/node_modules_next_dist_1ybzpk2._.js:2477
[ 1623063ms] [LOG] [Fast Refresh] rebuilding @ http://localhost:3000/_next/static/chunks/node_modules_next_dist_1ybzpk2._.js:2477
[ 1623079ms] [LOG] [Fast Refresh] done in 125ms @ http://localhost:3000/_next/static/chunks/node_modules_next_dist_1ybzpk2._.js:2477
[ 1624298ms] [LOG] [Fast Refresh] rebuilding @ http://localhost:3000/_next/static/chunks/node_modules_next_dist_1ybzpk2._.js:2477
[ 1624299ms] [LOG] [Fast Refresh] done in 112ms @ http://localhost:3000/_next/static/chunks/node_modules_next_dist_1ybzpk2._.js:2477
[ 1627327ms] [LOG] [Fast Refresh] rebuilding @ http://localhost:3000/_next/static/chunks/node_modules_next_dist_1ybzpk2._.js:2477
[ 1627342ms] [LOG] [Fast Refresh] done in 126ms @ http://localhost:3000/_next/static/chunks/node_modules_next_dist_1ybzpk2._.js:2477
[ 1628537ms] [LOG] [Fast Refresh] rebuilding @ http://localhost:3000/_next/static/chunks/node_modules_next_dist_1ybzpk2._.js:2477
[ 1628538ms] [LOG] [Fast Refresh] done in 112ms @ http://localhost:3000/_next/static/chunks/node_modules_next_dist_1ybzpk2._.js:2477
[ 1630858ms] [LOG] [Fast Refresh] rebuilding @ http://localhost:3000/_next/static/chunks/node_modules_next_dist_1ybzpk2._.js:2477
[ 1631831ms] [LOG] [Fast Refresh] done in 1072ms @ http://localhost:3000/_next/static/chunks/node_modules_next_dist_1ybzpk2._.js:2477
[ 1632175ms] [LOG] [Fast Refresh] rebuilding @ http://localhost:3000/_next/static/chunks/node_modules_next_dist_1ybzpk2._.js:2477
[ 1632273ms] [LOG] [Fast Refresh] done in 200ms @ http://localhost:3000/_next/static/chunks/node_modules_next_dist_1ybzpk2._.js:2477
[ 1632383ms] [LOG] [Fast Refresh] rebuilding @ http://localhost:3000/_next/static/chunks/node_modules_next_dist_1ybzpk2._.js:2477
[ 1632464ms] [LOG] [Fast Refresh] done in 184ms @ http://localhost:3000/_next/static/chunks/node_modules_next_dist_1ybzpk2._.js:2477
[ 1632580ms] [LOG] [Fast Refresh] rebuilding @ http://localhost:3000/_next/static/chunks/node_modules_next_dist_1ybzpk2._.js:2477
[ 1632596ms] [LOG] [Fast Refresh] done in 116ms @ http://localhost:3000/_next/static/chunks/node_modules_next_dist_1ybzpk2._.js:2477
[ 1636573ms] [WARNING] The resource https://enjoyed-mudfish-95.clerk.accounts.dev/npm/@clerk/ui@1/dist/ui.browser.js was preloaded using link preload but not used within a few seconds from the window's load event. Please make sure it has an appropriate `as` value and it is preloaded intentionally. @ http://localhost:3000/dashboard:0
[ 1636573ms] [WARNING] The resource http://localhost:3000/_next/image?url=%2F_next%2Fstatic%2Fmedia%2Fwoman-playing-paddle-tennis-side-view.1xcthvfgcn2qy.jpg&w=640&q=75 was preloaded using link preload but not used within a few seconds from the window's load event. Please make sure it has an appropriate `as` value and it is preloaded intentionally. @ http://localhost:3000/dashboard:0
[ 1641208ms] [WARNING] The resource https://enjoyed-mudfish-95.clerk.accounts.dev/npm/@clerk/ui@1/dist/ui.browser.js was preloaded using link preload but not used within a few seconds from the window's load event. Please make sure it has an appropriate `as` value and it is preloaded intentionally. @ http://localhost:3000/dashboard:0
[ 1641208ms] [WARNING] The resource http://localhost:3000/_next/image?url=%2F_next%2Fstatic%2Fmedia%2Fwoman-playing-paddle-tennis-side-view.1xcthvfgcn2qy.jpg&w=640&q=75 was preloaded using link preload but not used within a few seconds from the window's load event. Please make sure it has an appropriate `as` value and it is preloaded intentionally. @ http://localhost:3000/dashboard:0
[ 1652933ms] [LOG] [Fast Refresh] rebuilding @ http://localhost:3000/_next/static/chunks/node_modules_next_dist_1ybzpk2._.js:2477
[ 1652950ms] [LOG] [Fast Refresh] done in 130ms @ http://localhost:3000/_next/static/chunks/node_modules_next_dist_1ybzpk2._.js:2477
[ 1654681ms] [LOG] [Fast Refresh] rebuilding @ http://localhost:3000/_next/static/chunks/node_modules_next_dist_1ybzpk2._.js:2477
[ 1654681ms] [LOG] [Fast Refresh] done in 113ms @ http://localhost:3000/_next/static/chunks/node_modules_next_dist_1ybzpk2._.js:2477
[ 1655915ms] [LOG] [Fast Refresh] rebuilding @ http://localhost:3000/_next/static/chunks/node_modules_next_dist_1ybzpk2._.js:2477
[ 1655915ms] [LOG] [Fast Refresh] done in 112ms @ http://localhost:3000/_next/static/chunks/node_modules_next_dist_1ybzpk2._.js:2477
[ 1658727ms] [LOG] [Fast Refresh] rebuilding @ http://localhost:3000/_next/static/chunks/node_modules_next_dist_1ybzpk2._.js:2477
[ 1658743ms] [LOG] [Fast Refresh] done in 129ms @ http://localhost:3000/_next/static/chunks/node_modules_next_dist_1ybzpk2._.js:2477
[ 1659974ms] [LOG] [Fast Refresh] rebuilding @ http://localhost:3000/_next/static/chunks/node_modules_next_dist_1ybzpk2._.js:2477
[ 1659990ms] [LOG] [Fast Refresh] done in 120ms @ http://localhost:3000/_next/static/chunks/node_modules_next_dist_1ybzpk2._.js:2477
[ 1661208ms] [LOG] [Fast Refresh] rebuilding @ http://localhost:3000/_next/static/chunks/node_modules_next_dist_1ybzpk2._.js:2477
[ 1661224ms] [LOG] [Fast Refresh] done in 129ms @ http://localhost:3000/_next/static/chunks/node_modules_next_dist_1ybzpk2._.js:2477
[ 1664882ms] [LOG] [Fast Refresh] rebuilding @ http://localhost:3000/_next/static/chunks/node_modules_next_dist_1ybzpk2._.js:2477
[ 1664911ms] [LOG] [Fast Refresh] done in 137ms @ http://localhost:3000/_next/static/chunks/node_modules_next_dist_1ybzpk2._.js:2477
[ 1666096ms] [LOG] [Fast Refresh] rebuilding @ http://localhost:3000/_next/static/chunks/node_modules_next_dist_1ybzpk2._.js:2477
[ 1666111ms] [LOG] [Fast Refresh] done in 125ms @ http://localhost:3000/_next/static/chunks/node_modules_next_dist_1ybzpk2._.js:2477
[ 1668173ms] [LOG] [Fast Refresh] rebuilding @ http://localhost:3000/_next/static/chunks/node_modules_next_dist_1ybzpk2._.js:2477
[ 1668189ms] [LOG] [Fast Refresh] done in 128ms @ http://localhost:3000/_next/static/chunks/node_modules_next_dist_1ybzpk2._.js:2477
[ 1669397ms] [LOG] [Fast Refresh] rebuilding @ http://localhost:3000/_next/static/chunks/node_modules_next_dist_1ybzpk2._.js:2477
[ 1669397ms] [LOG] [Fast Refresh] done in 111ms @ http://localhost:3000/_next/static/chunks/node_modules_next_dist_1ybzpk2._.js:2477
[ 1673262ms] [LOG] [Fast Refresh] rebuilding @ http://localhost:3000/_next/static/chunks/node_modules_next_dist_1ybzpk2._.js:2477
[ 1673294ms] [LOG] [Fast Refresh] done in 138ms @ http://localhost:3000/_next/static/chunks/node_modules_next_dist_1ybzpk2._.js:2477
[ 1674485ms] [LOG] [Fast Refresh] rebuilding @ http://localhost:3000/_next/static/chunks/node_modules_next_dist_1ybzpk2._.js:2477
[ 1674485ms] [LOG] [Fast Refresh] done in 111ms @ http://localhost:3000/_next/static/chunks/node_modules_next_dist_1ybzpk2._.js:2477
[ 1675705ms] [LOG] [Fast Refresh] rebuilding @ http://localhost:3000/_next/static/chunks/node_modules_next_dist_1ybzpk2._.js:2477
[ 1675705ms] [LOG] [Fast Refresh] done in 111ms @ http://localhost:3000/_next/static/chunks/node_modules_next_dist_1ybzpk2._.js:2477
[ 1676948ms] [LOG] [Fast Refresh] rebuilding @ http://localhost:3000/_next/static/chunks/node_modules_next_dist_1ybzpk2._.js:2477
[ 1676949ms] [LOG] [Fast Refresh] done in 110ms @ http://localhost:3000/_next/static/chunks/node_modules_next_dist_1ybzpk2._.js:2477
[ 1680522ms] [LOG] [Fast Refresh] rebuilding @ http://localhost:3000/_next/static/chunks/node_modules_next_dist_1ybzpk2._.js:2477
[ 1680550ms] [LOG] [Fast Refresh] done in 134ms @ http://localhost:3000/_next/static/chunks/node_modules_next_dist_1ybzpk2._.js:2477
[ 1681726ms] [LOG] [Fast Refresh] rebuilding @ http://localhost:3000/_next/static/chunks/node_modules_next_dist_1ybzpk2._.js:2477
[ 1681726ms] [LOG] [Fast Refresh] done in 112ms @ http://localhost:3000/_next/static/chunks/node_modules_next_dist_1ybzpk2._.js:2477
[ 1684880ms] [LOG] [Fast Refresh] rebuilding @ http://localhost:3000/_next/static/chunks/node_modules_next_dist_1ybzpk2._.js:2477
[ 1684895ms] [LOG] [Fast Refresh] done in 125ms @ http://localhost:3000/_next/static/chunks/node_modules_next_dist_1ybzpk2._.js:2477
[ 1686113ms] [LOG] [Fast Refresh] rebuilding @ http://localhost:3000/_next/static/chunks/node_modules_next_dist_1ybzpk2._.js:2477
[ 1686113ms] [LOG] [Fast Refresh] done in 110ms @ http://localhost:3000/_next/static/chunks/node_modules_next_dist_1ybzpk2._.js:2477
[ 1686300ms] [WARNING] The resource https://enjoyed-mudfish-95.clerk.accounts.dev/npm/@clerk/ui@1/dist/ui.browser.js was preloaded using link preload but not used within a few seconds from the window's load event. Please make sure it has an appropriate `as` value and it is preloaded intentionally. @ http://localhost:3000/dashboard:0
[ 1686300ms] [WARNING] The resource http://localhost:3000/_next/image?url=%2F_next%2Fstatic%2Fmedia%2Fwoman-playing-paddle-tennis-side-view.1xcthvfgcn2qy.jpg&w=640&q=75 was preloaded using link preload but not used within a few seconds from the window's load event. Please make sure it has an appropriate `as` value and it is preloaded intentionally. @ http://localhost:3000/dashboard:0
[ 1689468ms] [LOG] [Fast Refresh] rebuilding @ http://localhost:3000/_next/static/chunks/node_modules_next_dist_1ybzpk2._.js:2477
[ 1690429ms] [LOG] [Fast Refresh] done in 1066ms @ http://localhost:3000/_next/static/chunks/node_modules_next_dist_1ybzpk2._.js:2477
[ 1691174ms] [LOG] [Fast Refresh] rebuilding @ http://localhost:3000/_next/static/chunks/node_modules_next_dist_1ybzpk2._.js:2477
[ 1691231ms] [LOG] [Fast Refresh] done in 161ms @ http://localhost:3000/_next/static/chunks/node_modules_next_dist_1ybzpk2._.js:2477
[ 1691347ms] [LOG] [Fast Refresh] rebuilding @ http://localhost:3000/_next/static/chunks/node_modules_next_dist_1ybzpk2._.js:2477
[ 1691543ms] [LOG] [Fast Refresh] done in 299ms @ http://localhost:3000/_next/static/chunks/node_modules_next_dist_1ybzpk2._.js:2477
[ 1691693ms] [LOG] [Fast Refresh] rebuilding @ http://localhost:3000/_next/static/chunks/node_modules_next_dist_1ybzpk2._.js:2477
[ 1691715ms] [LOG] [Fast Refresh] done in 126ms @ http://localhost:3000/_next/static/chunks/node_modules_next_dist_1ybzpk2._.js:2477
[ 1696060ms] [WARNING] The resource https://enjoyed-mudfish-95.clerk.accounts.dev/npm/@clerk/ui@1/dist/ui.browser.js was preloaded using link preload but not used within a few seconds from the window's load event. Please make sure it has an appropriate `as` value and it is preloaded intentionally. @ http://localhost:3000/dashboard:0
[ 1696060ms] [WARNING] The resource http://localhost:3000/_next/image?url=%2F_next%2Fstatic%2Fmedia%2Fwoman-playing-paddle-tennis-side-view.1xcthvfgcn2qy.jpg&w=640&q=75 was preloaded using link preload but not used within a few seconds from the window's load event. Please make sure it has an appropriate `as` value and it is preloaded intentionally. @ http://localhost:3000/dashboard:0
[ 1731107ms] [WARNING] The resource https://enjoyed-mudfish-95.clerk.accounts.dev/npm/@clerk/ui@1/dist/ui.browser.js was preloaded using link preload but not used within a few seconds from the window's load event. Please make sure it has an appropriate `as` value and it is preloaded intentionally. @ http://localhost:3000/dashboard:0
[ 1731107ms] [WARNING] The resource http://localhost:3000/_next/image?url=%2F_next%2Fstatic%2Fmedia%2Fwoman-playing-paddle-tennis-side-view.1xcthvfgcn2qy.jpg&w=640&q=75 was preloaded using link preload but not used within a few seconds from the window's load event. Please make sure it has an appropriate `as` value and it is preloaded intentionally. @ http://localhost:3000/dashboard:0
[ 1775976ms] [WARNING] The resource https://enjoyed-mudfish-95.clerk.accounts.dev/npm/@clerk/ui@1/dist/ui.browser.js was preloaded using link preload but not used within a few seconds from the window's load event. Please make sure it has an appropriate `as` value and it is preloaded intentionally. @ http://localhost:3000/dashboard:0
[ 1775976ms] [WARNING] The resource http://localhost:3000/_next/image?url=%2F_next%2Fstatic%2Fmedia%2Fwoman-playing-paddle-tennis-side-view.1xcthvfgcn2qy.jpg&w=640&q=75 was preloaded using link preload but not used within a few seconds from the window's load event. Please make sure it has an appropriate `as` value and it is preloaded intentionally. @ http://localhost:3000/dashboard:0
[ 1820947ms] [WARNING] The resource https://enjoyed-mudfish-95.clerk.accounts.dev/npm/@clerk/ui@1/dist/ui.browser.js was preloaded using link preload but not used within a few seconds from the window's load event. Please make sure it has an appropriate `as` value and it is preloaded intentionally. @ http://localhost:3000/dashboard:0
[ 1820947ms] [WARNING] The resource http://localhost:3000/_next/image?url=%2F_next%2Fstatic%2Fmedia%2Fwoman-playing-paddle-tennis-side-view.1xcthvfgcn2qy.jpg&w=640&q=75 was preloaded using link preload but not used within a few seconds from the window's load event. Please make sure it has an appropriate `as` value and it is preloaded intentionally. @ http://localhost:3000/dashboard:0
